<?xml version="1.0" encoding="utf-8"?>
<COLLADA xmlns="http://www.collada.org/2005/11/COLLADASchema" version="1.4.1" xmlns:xsi="http://www.w3.org/2001/XMLSchema-instance">
  <asset>
    <contributor>
      <author>Blender User</author>
      <authoring_tool>Blender 4.2.18 LTS commit date:2026-02-16, commit time:13:37, hash:d71e3422e438</authoring_tool>
    </contributor>
    <created>2026-03-02T10:12:32</created>
    <modified>2026-03-02T10:12:32</modified>
    <unit name="meter" meter="1"/>
    <up_axis>Z_UP</up_axis>
  </asset>
  <library_cameras>
    <camera id="Camera-camera" name="Camera">
      <optics>
        <technique_common>
          <perspective>
            <xfov sid="xfov">39.59775</xfov>
            <aspect_ratio>1.777778</aspect_ratio>
            <znear sid="znear">0.1</znear>
            <zfar sid="zfar">100</zfar>
          </perspective>
        </technique_common>
      </optics>
      <extra>
        <technique profile="blender">
          <shiftx sid="shiftx" type="float">0</shiftx>
          <shifty sid="shifty" type="float">0</shifty>
          <dof_distance sid="dof_distance" type="float">10</dof_distance>
        </technique>
      </extra>
    </camera>
  </library_cameras>
  <library_lights>
    <light id="Light-light" name="Light">
      <technique_common>
        <point>
          <color sid="color">1000 1000 1000</color>
          <constant_attenuation>1</constant_attenuation>
          <linear_attenuation>0</linear_attenuation>
          <quadratic_attenuation>0</quadratic_attenuation>
        </point>
      </technique_common>
      <extra>
        <technique profile="blender">
          <type sid="type" type="int">0</type>
          <flag sid="flag" type="int">0</flag>
          <mode sid="mode" type="int">2097153</mode>
          <red sid="red" type="float">1</red>
          <green sid="green" type="float">1</green>
          <blue sid="blue" type="float">1</blue>
          <shadow_r sid="blender_shadow_r" type="float">0</shadow_r>
          <shadow_g sid="blender_shadow_g" type="float">0</shadow_g>
          <shadow_b sid="blender_shadow_b" type="float">0</shadow_b>
          <energy sid="blender_energy" type="float">1000</energy>
          <spotsize sid="spotsize" type="float">75</spotsize>
          <spotblend sid="spotblend" type="float">0.15</spotblend>
          <clipsta sid="clipsta" type="float">0.04999995</clipsta>
          <clipend sid="clipend" type="float">30.002</clipend>
          <bias sid="bias" type="float">1</bias>
          <radius sid="radius" type="float">0.1</radius>
          <area_shape sid="area_shape" type="int">1</area_shape>
          <area_size sid="area_size" type="float">0.1</area_size>
          <area_sizey sid="area_sizey" type="float">0.1</area_sizey>
          <area_sizez sid="area_sizez" type="float">1</area_sizez>
        </technique>
      </extra>
    </light>
  </library_lights>
  <library_effects>
    <effect id="Material_001-effect">
      <profile_COMMON>
        <technique sid="common">
          <lambert>
            <emission>
              <color sid="emission">0 0 0 1</color>
            </emission>
            <diffuse>
              <color sid="diffuse">0.3994407 0.3994407 0.3994407 1</color>
            </diffuse>
            <index_of_refraction>
              <float sid="ior">1.2</float>
            </index_of_refraction>
          </lambert>
        </technique>
      </profile_COMMON>
    </effect>
  </library_effects>
  <library_images/>
  <library_materials>
    <material id="Material_001-material" name="Material.001">
      <instance_effect url="#Material_001-effect"/>
    </material>
  </library_materials>
  <library_geometries>
    <geometry id="Lidar_mount-mesh" name="Lidar mount">
      <mesh>
        <source id="Lidar_mount-mesh-positions">
          <float_array id="Lidar_mount-mesh-positions-array" count="3834">-29.06904 2.5 16.92102 -29.06904 2.5 29.06904 -16.92102 2.5 29.06904 -43.9612 2.5 -13.15465 -43.9612 2.5 -5.495441 -29.06904 2.5 -5.495441 -44.42105 2.5 -0.6709175 -44.04111 2.5 -0.5215492 -33.99256 2.5 25.60407 -34.12825 2.5 25.60983 -34.76613 2.5 31.58482 32.60337 2.5 3.581161 31.87068 2.5 3.273296 33.37557 2.5 13.89537 6.07502 2.5 32.55126 5.495438 2.5 29.06904 5.812393 2.5 32.61964 5.565109 2.5 32.73143 6.345421 2.5 32.52825 6.615822 2.5 32.55126 6.878441 2.5 32.61964 7.546494 2.5 33.07117 13.15465 2.5 29.06904 7.350571 2.5 32.88339 7.125732 2.5 32.73143 6.209732 2.5 35.72248 5.942253 2.5 35.67662 5.495438 2.5 43.9612 7.707863 2.5 33.28936 7.83004 2.5 33.53167 7.909508 2.5 33.79116 7.774101 2.5 34.84857 7.631813 2.5 35.07966 13.15465 2.5 43.9612 7.452522 2.5 35.28337 7.241379 2.5 35.45386 7.004463 2.5 35.58621 6.748581 2.5 35.67662 6.48111 2.5 35.72248 7.943977 2.5 34.06034 7.932457 2.5 34.33148 7.875282 2.5 34.59676 0.08077621 2.5 43.41136 0.3428116 2.5 43.73424 5.449455 2.5 35.45386 5.686378 2.5 35.58621 5.238319 2.5 35.28337 5.059021 2.5 35.07966 -0.584343 2.5 42.91692 4.91674 2.5 34.84857 4.815552 2.5 34.59676 -0.2311515 2.5 43.13639 4.860794 2.5 33.53167 4.982971 2.5 33.28936 -0.743393 2.5 29.06904 5.14434 2.5 33.07117 5.340263 2.5 32.88339 4.758377 2.5 34.33148 4.746864 2.5 34.06034 4.781334 2.5 33.79116 17.89252 2.5 -5.625092 17.75023 2.5 -5.394005 29.68088 2.5 1.038467 17.57094 2.5 -5.190289 17.3598 2.5 -5.019802 17.12288 2.5 -4.887451 13.15465 2.5 0.743393 16.867 2.5 -4.797047 16.59953 2.5 -4.751183 15.56788 2.5 -5.019802 15.80479 2.5 -4.887451 16.06067 2.5 -4.797047 16.46384 2.5 -4.745419 16.32815 2.5 -4.751183 15.35673 2.5 -5.190289 15.17744 2.5 -5.394005 13.15465 2.5 -5.495441 15.03516 2.5 -5.625092 14.89975 2.5 -6.682507 14.97921 2.5 -6.94199 13.15465 2.5 -13.15465 15.10139 2.5 -7.184311 14.93397 2.5 -5.876904 14.87679 2.5 -6.142189 14.86527 2.5 -6.413326 17.66491 2.5 -7.4025 17.82628 2.5 -7.184311 23.23239 2.5 -11.56048 25.26836 2.5 -7.935368 17.94846 2.5 -6.94199 18.02792 2.5 -6.682507 18.06239 2.5 -6.413326 18.05087 2.5 -6.142189 17.9937 2.5 -5.876904 15.68352 2.5 -7.742241 15.93081 2.5 -7.854023 15.26276 2.5 -7.4025 15.45869 2.5 -7.590275 16.73424 2.5 -7.922405 16.99686 2.5 -7.854023 17.24415 2.5 -7.742241 17.46899 2.5 -7.590275 16.19344 2.5 -7.922405 16.46384 2.5 -7.945419 29.68088 2.5 16.62595 30.08713 2.5 15.94289 30.59647 2.5 15.33283 31.19604 2.5 14.81118 32.60337 2.5 14.08325 30.59647 2.5 2.331581 31.87068 2.5 14.39112 30.08713 2.5 1.721523 31.19604 2.5 2.853233 35.13562 2.5 13.8322 35.13562 2.5 3.832207 34.16779 2.5 13.8322 34.16779 2.5 3.832207 33.37557 2.5 3.769047 53.35147 2.5 10.98633 53.00836 2.5 10.70929 52.71701 2.5 10.37825 52.48579 2.5 10.00273 53.73646 2.5 11.2014 54.8074 2.5 13.8322 54.15226 2.5 11.34831 52.32137 2.5 9.593548 52.22846 2.5 9.162449 52.20975 2.5 8.721859 52.26576 2.5 8.284443 52.39489 2.5 7.862782 52.59343 2.5 7.469006 52.85565 2.5 7.114452 53.94124 2.5 6.380726 54.8074 2.5 3.832207 53.5394 2.5 6.562366 53.17403 2.5 6.809315 54.368 2.5 6.269604 54.8074 2.5 6.232204 55.63037 2.5 3.900398 55.2468 2.5 6.269604 56.4309 2.5 4.103119 55.67356 2.5 6.380726 57.18714 2.5 4.434841 56.07541 2.5 6.562366 57.87846 2.5 4.886501 56.44077 2.5 6.809315 58.48602 2.5 5.445797 56.75915 2.5 7.114452 58.99324 2.5 6.097469 57.02138 2.5 7.469006 59.38627 2.5 6.823727 57.21992 2.5 7.862782 59.6544 2.5 7.604778 57.34905 2.5 8.284443 59.79032 2.5 8.419308 57.40507 2.5 8.721859 59.79032 2.5 9.245106 57.38635 2.5 9.162449 59.6544 2.5 10.05963 57.29344 2.5 9.593548 59.38627 2.5 10.84069 57.12901 2.5 10.00273 58.99324 2.5 11.56694 56.8978 2.5 10.37825 58.48602 2.5 12.21862 56.60644 2.5 10.70929 57.87846 2.5 12.77791 56.26333 2.5 10.98633 57.18714 2.5 13.22957 55.87834 2.5 11.2014 56.4309 2.5 13.56129 55.46255 2.5 11.34831 55.63037 2.5 13.76401 55.0279 2.5 11.42284 54.58691 2.5 11.42284 25.99189 2.5 24.14512 26.05812 2.5 23.99362 13.15465 2.5 16.92102 10.3014 2.5 56.94828 9.916405 2.5 57.16335 12.08388 2.5 58.6037 9.500611 2.5 57.31026 9.065957 2.5 57.38478 8.62497 2.5 57.38478 5.611168 2.5 58.6072 8.190323 2.5 57.31026 6.631485 2.5 53.43095 6.893715 2.5 53.0764 5.284546 2.5 58.30412 6.266525 2.5 55.1244 6.247803 2.5 54.6838 6.432953 2.5 53.82472 6.303818 2.5 54.24639 7.21209 2.5 52.77126 7.577454 2.5 52.52431 7.979301 2.5 52.34267 8.40606 2.5 52.23155 8.845467 2.5 52.19416 9.284867 2.5 52.23155 9.711625 2.5 52.34267 11.44312 2.5 54.6838 11.42441 2.5 55.1244 13.51213 2.5 56.58921 11.3315 2.5 55.55549 13.15048 2.5 57.33715 11.16707 2.5 55.96468 12.66998 2.5 58.01489 10.93586 2.5 56.3402 10.6445 2.5 56.67124 7.774521 2.5 57.16335 7.389526 2.5 56.94828 7.046425 2.5 56.67124 6.755074 2.5 56.3402 10.79721 2.5 53.0764 11.05944 2.5 53.43095 11.25797 2.5 53.82472 11.38711 2.5 54.24639 6.523857 2.5 55.96468 6.359428 2.5 55.55549 10.11347 2.5 52.52431 10.47884 2.5 52.77126 5.914886 2.5 58.84529 11.40838 2.5 59.08734 10.66212 2.5 59.45245 6.626144 2.5 59.27462 7.398674 2.5 59.58026 8.211144 2.5 59.75376 9.041123 2.5 59.79032 9.865708 2.5 59.68895 0.5477028 2.5 44.09608 0.689785 2.5 44.48688 4.039005 2.5 56.17181 4.333473 2.5 56.94866 4.75251 2.5 57.66603 -2.20303 2.5 42.68932 -1.789722 2.5 42.64363 -1.374557 2.5 42.66709 -0.9690247 2.5 42.75903 -19.96755 2.5 41.48575 -15.62366 2.5 42.65714 -11.16427 2.5 43.2533 -6.665222 2.5 43.26409 -31.58482 2.5 34.76613 -28.01657 2.5 37.50641 -24.12207 2.5 39.75905 -37.50642 2.5 28.01657 -35.02421 2.5 25.33545 -35.23535 2.5 25.16496 -32.54121 2.5 24.21306 -32.59838 2.5 24.47834 -34.26393 2.5 25.60407 -34.53141 2.5 25.55821 -34.78729 2.5 25.4678 -32.69956 2.5 24.73016 -32.84185 2.5 24.96125 -33.02114 2.5 25.16496 -35.41464 2.5 24.96125 -35.55693 2.5 24.73016 -39.75905 2.5 24.12207 -35.65811 2.5 24.47834 -35.71529 2.5 24.21306 -33.23229 2.5 25.33545 -33.4692 2.5 25.4678 -33.72508 2.5 25.55821 -34.39865 2.5 22.43284 -34.12825 2.5 22.40983 -32.7658 2.5 23.17094 -32.64362 2.5 23.41326 -32.56416 2.5 23.67274 -32.52968 2.5 23.94193 -35.72681 2.5 23.94193 -35.69234 2.5 23.67274 -41.48575 2.5 19.96755 -35.32932 2.5 22.95276 -42.65714 2.5 15.62365 -35.49069 2.5 23.17094 -35.61287 2.5 23.41326 -35.1334 2.5 22.76497 -34.90856 2.5 22.61301 -34.66127 2.5 22.50123 -33.34793 2.5 22.61301 -33.1231 2.5 22.76497 -32.92717 2.5 22.95276 -33.85784 2.5 22.43284 -33.59522 2.5 22.50123 -43.11392 2.5 0.2618523 -42.90323 2.5 0.6115227 -29.06904 2.5 0.743393 -42.75224 2.5 0.9908218 -42.66501 2.5 1.389633 -42.64384 2.5 1.797329 -42.68931 2.5 2.20303 -43.25329 2.5 11.16427 -43.26408 2.5 6.665226 -43.69055 2.5 -0.312336 -43.37872 2.5 -0.04886245 -58.30411 2.5 -5.284542 -57.66603 2.5 -4.752506 -56.94866 2.5 -4.333473 -56.17181 2.5 -4.039005 -55.44929 2.5 -6.329357 -55.8651 2.5 -6.476269 -55.01465 2.5 -6.254829 -52.30812 2.5 -8.084126 -52.47254 2.5 -7.674934 -52.70376 2.5 -7.299416 -57.37309 2.5 -8.515217 -58.84529 2.5 -5.91489 -57.28019 2.5 -8.084126 -57.11576 2.5 -7.674934 -52.99511 2.5 -6.968376 -53.33822 2.5 -6.691338 -53.72321 2.5 -6.476269 -56.25008 2.5 -6.691338 -56.59319 2.5 -6.968376 -56.88454 2.5 -7.299416 -54.13901 2.5 -6.329357 -54.57365 2.5 -6.254829 -54.79415 2.5 -6.245464 -57.39181 2.5 -8.955811 -58.6037 2.5 -12.08388 -57.3358 2.5 -9.393231 -57.20666 2.5 -9.814892 -57.00813 2.5 -10.20866 -56.7459 2.5 -10.56322 -58.01488 2.5 -12.66998 -56.42752 2.5 -10.86835 -57.33715 2.5 -13.15048 -56.06216 2.5 -11.1153 -57.32887 2.5 -13.15536 -55.66032 2.5 -11.29694 -55.23355 2.5 -11.40807 -54.79415 2.5 -11.44546 -54.35475 2.5 -11.40807 -53.92799 2.5 -11.29694 -53.52614 2.5 -11.1153 -53.16078 2.5 -10.86835 -52.38164 2.5 -9.814892 -52.25251 2.5 -9.393231 -52.19649 2.5 -8.955811 -52.21521 2.5 -8.515217 -52.84241 2.5 -10.56322 -52.58017 2.5 -10.20866 -59.08734 2.5 -11.40838 -59.45245 2.5 -10.66212 -59.79032 2.5 -9.041127 -59.75375 2.5 -8.211144 -59.58026 2.5 -7.39867 -59.68896 2.5 -9.865708 -59.27462 2.5 -6.626144 -56.58921 2.5 -13.51213 -29.06904 2.5 -24.09789 -24.14552 2.5 -14.8696 -24.413 2.5 -14.91546 -29.06904 2.5 -13.15465 -25.49445 2.5 -17.06041 -25.37228 2.5 -17.30273 -25.21091 2.5 -17.52092 -25.01498 2.5 -17.70869 -25.11693 2.5 -15.3087 -25.29623 2.5 -15.51242 -25.43851 2.5 -15.74351 -25.5397 2.5 -15.99532 -25.59687 2.5 -16.26061 -25.60839 2.5 -16.53174 -25.57392 2.5 -16.80092 -23.22952 2.5 -17.86066 -23.00468 2.5 -17.70869 -16.62595 2.5 -29.68088 -22.80875 2.5 -17.52092 -22.64739 2.5 -17.30273 -22.52521 2.5 -17.06041 -16.92102 2.5 -13.15465 -22.44574 2.5 -16.80092 -22.41127 2.5 -16.53174 -22.42279 2.5 -16.26061 -22.47997 2.5 -15.99532 -22.58115 2.5 -15.74351 -22.72344 2.5 -15.51242 -22.90273 2.5 -15.3087 -23.11387 2.5 -15.13822 -24.66887 2.5 -15.00587 -24.90579 2.5 -15.13822 -24.79014 2.5 -17.86066 -24.54286 2.5 -17.97244 -24.14513 2.5 -25.99189 -24.28023 2.5 -18.04082 -23.99362 2.5 -26.05812 -24.00983 2.5 -18.06384 -23.73943 2.5 -18.04082 -23.47681 2.5 -17.97244 -23.35079 2.5 -15.00587 -23.60667 2.5 -14.91546 -23.87414 2.5 -14.8696 -14.81118 2.5 -31.19604 -15.33283 2.5 -30.59647 -3.273296 2.5 -31.87068 -2.853233 2.5 -31.19604 -0.743393 2.5 -13.15465 -15.94289 2.5 -30.08713 -1.721523 2.5 -30.08713 -2.331581 2.5 -30.59647 -14.39111 2.5 -31.87068 -3.581161 2.5 -32.60337 -3.769047 2.5 -33.37557 -3.832207 2.5 -34.16779 -3.832207 2.5 -35.13562 -13.83221 2.5 -35.13562 -13.83221 2.5 -34.16779 -13.89537 2.5 -33.37557 -14.08325 2.5 -32.60337 -9.0527 2.5 -52.21677 -8.832207 2.5 -52.2074 -8.61171 2.5 -52.21677 -8.177063 2.5 -52.2913 -9.487351 2.5 -52.2913 -9.903149 2.5 -52.43821 -10.28814 2.5 -52.65328 -8.832207 2.5 -57.4074 -9.245102 2.5 -59.79032 -9.271607 2.5 -57.37 -10.05963 2.5 -59.6544 -9.698369 2.5 -57.25888 -10.84068 2.5 -59.38627 -10.10021 2.5 -57.07724 -11.56695 2.5 -58.99324 -10.46558 2.5 -56.83029 -12.21861 2.5 -58.48602 -10.78395 2.5 -56.52516 -12.77791 2.5 -57.87847 -11.04618 2.5 -56.1706 -13.22958 2.5 -57.18714 -11.24472 2.5 -55.77683 -13.56129 2.5 -56.4309 -11.37385 2.5 -55.35517 -13.76401 2.5 -55.63037 -11.42986 2.5 -54.91775 -13.83221 2.5 -54.8074 -11.41115 2.5 -54.47716 -11.31824 2.5 -54.04607 -3.832207 2.5 -54.8074 -6.23455 2.5 -54.91775 -6.253265 2.5 -54.47716 -10.63125 2.5 -52.93032 -10.9226 2.5 -53.26136 -11.15381 2.5 -53.63687 -6.290562 2.5 -55.35517 -3.900398 2.5 -55.63037 -6.419693 2.5 -55.77683 -4.103119 2.5 -56.4309 -6.618229 2.5 -56.1706 -4.434837 2.5 -57.18714 -6.880459 2.5 -56.52516 -4.886505 2.5 -57.87847 -7.198833 2.5 -56.83029 -5.445797 2.5 -58.48602 -7.564198 2.5 -57.07724 -6.097465 2.5 -58.99324 -7.966042 2.5 -57.25888 -6.82373 2.5 -59.38627 -8.392804 2.5 -57.37 -7.604778 2.5 -59.6544 -8.419308 2.5 -59.79032 -7.033165 2.5 -52.93032 -7.37627 2.5 -52.65328 -7.761265 2.5 -52.43821 -6.346172 2.5 -54.04607 -6.510597 2.5 -53.63687 -6.741814 2.5 -53.26136 18.03785 2.5 -18.03785 14.94147 2.5 -20.81257 11.56048 2.5 -23.23239 7.935364 2.5 -25.26836 20.81256 2.5 -14.94147 -16.92102 2.5 16.92102 -16.92102 2.5 0.743393 -0.743393 2.5 16.92102 -16.92102 2.5 -5.495441 -0.743393 2.5 0.743393 5.495438 2.5 16.92102 5.495438 2.5 -13.15465 -1.038467 2.5 -29.68088 5.495438 2.5 -5.495441 5.495438 2.5 0.743393 -0.743393 2.5 -5.495441 18.36955 2.5 43.9612 26.05812 -2.5 23.99362 25.99189 -2.5 24.14512 12.45465 -2.5 29.06904 13.15048 -2.5 57.33715 12.66998 -2.5 58.01489 12.45465 -2.5 44.6612 9.284867 -2.5 52.23155 8.845467 -2.5 52.19416 -0.9690247 -2.5 42.75903 -1.374557 -2.5 42.66709 4.2696 -2.5 36.29412 -31.58482 -2.5 34.76613 -34.76613 -2.5 31.58482 -29.06904 -2.5 29.06904 -15.33283 -2.5 -30.59647 -3.273296 -2.5 -31.87068 -2.853233 -2.5 -31.19604 -2.331581 -2.5 -30.59647 -1.443394 -2.5 -12.45465 -15.94289 -2.5 -30.08713 -16.22102 -2.5 -12.45465 -3.769047 -2.5 -33.37557 -14.39111 -2.5 -31.87068 -14.08325 -2.5 -32.60337 -14.81118 -2.5 -31.19604 -3.581161 -2.5 -32.60337 -13.83221 -2.5 -34.16779 -13.83221 -2.5 -35.83562 -3.832207 -2.5 -35.83562 -13.89537 -2.5 -33.37557 -3.832207 -2.5 -34.16779 -13.83221 -2.5 -54.8074 -11.42986 -2.5 -54.91775 -11.41115 -2.5 -54.47716 -11.37385 -2.5 -55.35517 -13.76401 -2.5 -55.63037 -11.24472 -2.5 -55.77683 -13.56129 -2.5 -56.4309 -11.04618 -2.5 -56.1706 -13.22958 -2.5 -57.18714 -10.78395 -2.5 -56.52516 -12.77791 -2.5 -57.87847 -10.46558 -2.5 -56.83029 -12.21861 -2.5 -58.48602 -10.10021 -2.5 -57.07724 -11.56695 -2.5 -58.99324 -9.698369 -2.5 -57.25888 -10.84068 -2.5 -59.38627 -9.271607 -2.5 -57.37 -10.63125 -2.5 -52.93032 -10.28814 -2.5 -52.65328 -9.903149 -2.5 -52.43821 -9.487351 -2.5 -52.2913 -8.177063 -2.5 -52.2913 -7.761265 -2.5 -52.43821 -7.37627 -2.5 -52.65328 -10.05963 -2.5 -59.6544 -9.245102 -2.5 -59.79032 -8.832207 -2.5 -57.4074 -8.419308 -2.5 -59.79032 -8.392804 -2.5 -57.37 -7.604778 -2.5 -59.6544 -7.966042 -2.5 -57.25888 -6.82373 -2.5 -59.38627 -7.564198 -2.5 -57.07724 -6.097465 -2.5 -58.99324 -7.198833 -2.5 -56.83029 -5.445797 -2.5 -58.48602 -6.880459 -2.5 -56.52516 -4.886505 -2.5 -57.87847 -6.618229 -2.5 -56.1706 -4.434837 -2.5 -57.18714 -6.419693 -2.5 -55.77683 -4.103119 -2.5 -56.4309 -6.290562 -2.5 -55.35517 -3.900398 -2.5 -55.63037 -6.23455 -2.5 -54.91775 -3.832207 -2.5 -54.8074 -6.253265 -2.5 -54.47716 -6.346172 -2.5 -54.04607 -11.31824 -2.5 -54.04607 -11.15381 -2.5 -53.63687 -10.9226 -2.5 -53.26136 -9.0527 -2.5 -52.21677 -8.832207 -2.5 -52.2074 -8.61171 -2.5 -52.21677 -7.033165 -2.5 -52.93032 -6.741814 -2.5 -53.26136 -6.510597 -2.5 -53.63687 -26.68861 -2.5 -15.11322 -26.42182 -2.5 -14.67994 -29.06904 -2.5 -12.45465 -25.24554 -2.5 -13.73015 -24.76577 -2.5 -13.56063 -25.47292 -2.5 -19.08288 -25.89449 -2.5 -18.79794 -29.06904 -2.5 -24.09789 -26.26185 -2.5 -18.44586 -26.08565 -2.5 -14.29797 -25.68976 -2.5 -13.97831 -21.93401 -2.5 -14.29797 -21.59784 -2.5 -14.67994 -21.33106 -2.5 -15.11322 -21.14133 -2.5 -15.58537 -21.03413 -2.5 -16.08278 -23.2539 -2.5 -13.56063 -22.77413 -2.5 -13.73015 -22.32991 -2.5 -13.97831 -21.45524 -2.5 -18.03676 -21.75781 -2.5 -18.44586 -22.12517 -2.5 -18.79794 -16.62595 -2.5 -29.68088 -26.56442 -2.5 -18.03676 -26.7935 -2.5 -17.58241 -26.9425 -2.5 -17.09587 -27.00713 -2.5 -16.59116 -26.98553 -2.5 -16.08278 -26.87833 -2.5 -15.58537 -21.01254 -2.5 -16.59116 -21.07716 -2.5 -17.09587 -21.22617 -2.5 -17.58241 -23.99362 -2.5 -26.05812 -24.00983 -2.5 -19.46383 -24.14513 -2.5 -25.99189 -24.51683 -2.5 -19.42068 -25.00925 -2.5 -19.29247 -24.26425 -2.5 -13.47464 -24.00983 -2.5 -13.46384 -23.75541 -2.5 -13.47464 -22.54675 -2.5 -19.08288 -23.01041 -2.5 -19.29247 -23.50283 -2.5 -19.42068 -44.6612 -2.5 -12.45465 -58.01488 -2.5 -12.66998 -57.33715 -2.5 -13.15048 -56.58921 -2.5 -13.51213 -52.21521 -2.5 -8.515217 -52.19649 -2.5 -8.955811 -44.6612 -2.5 -4.795441 -52.47254 -2.5 -7.674934 -52.30812 -2.5 -8.084126 -57.39181 -2.5 -8.955811 -57.37309 -2.5 -8.515217 -58.84529 -2.5 -5.91489 -57.28019 -2.5 -8.084126 -53.52614 -2.5 -11.1153 -53.92799 -2.5 -11.29694 -54.35475 -2.5 -11.40807 -54.57365 -2.5 -6.254829 -54.13901 -2.5 -6.329357 -53.72321 -2.5 -6.476269 -53.33822 -2.5 -6.691338 -52.99511 -2.5 -6.968376 -52.70376 -2.5 -7.299416 -52.25251 -2.5 -9.393231 -52.38164 -2.5 -9.814892 -52.58017 -2.5 -10.20866 -54.79415 -2.5 -11.44546 -55.23355 -2.5 -11.40807 -55.66032 -2.5 -11.29694 -56.06216 -2.5 -11.1153 -56.42752 -2.5 -10.86835 -58.6037 -2.5 -12.08388 -56.7459 -2.5 -10.56322 -57.00813 -2.5 -10.20866 -57.20666 -2.5 -9.814892 -57.3358 -2.5 -9.393231 -57.11576 -2.5 -7.674934 -56.88454 -2.5 -7.299416 -58.30411 -2.5 -5.284542 -56.59319 -2.5 -6.968376 -57.66603 -2.5 -4.752506 -56.25008 -2.5 -6.691338 -55.8651 -2.5 -6.476269 -52.84241 -2.5 -10.56322 -53.16078 -2.5 -10.86835 -55.44929 -2.5 -6.329357 -55.01465 -2.5 -6.254829 -54.79415 -2.5 -6.245464 -59.08734 -2.5 -11.40838 -59.45245 -2.5 -10.66212 -59.58026 -2.5 -7.39867 -59.75375 -2.5 -8.211144 -59.79032 -2.5 -9.041127 -59.27462 -2.5 -6.626144 -59.68896 -2.5 -9.865708 -44.42105 -2.5 -0.6709175 -56.17181 -2.5 -4.039005 -56.94866 -2.5 -4.333473 -42.66501 -2.5 1.389633 -42.75224 -2.5 0.9908218 -29.06904 -2.5 -4.795441 -42.90323 -2.5 0.6115227 -43.69055 -2.5 -0.312336 -44.04111 -2.5 -0.5215492 -43.11392 -2.5 0.2618523 -43.37872 -2.5 -0.04886245 -43.25329 -2.5 11.16427 -43.26408 -2.5 6.665226 -29.06904 -2.5 1.443394 -42.68931 -2.5 2.20303 -42.64384 -2.5 1.797329 -31.13095 -2.5 23.88251 -31.19558 -2.5 23.3778 -29.06904 -2.5 16.22102 -31.34458 -2.5 22.89126 -31.57366 -2.5 22.43691 -42.65714 -2.5 15.62365 -34.12825 -2.5 21.00983 -31.44947 -2.5 25.36044 -31.25975 -2.5 24.8883 -31.15255 -2.5 24.39089 -34.63525 -2.5 21.05298 -35.12767 -2.5 21.1812 -35.59133 -2.5 21.39079 -37.12554 -2.5 23.88251 -39.75905 -2.5 24.12207 -37.06091 -2.5 23.3778 -41.48575 -2.5 19.96755 -36.91191 -2.5 22.89126 -32.66516 -2.5 21.39079 -33.12882 -2.5 21.1812 -33.62125 -2.5 21.05298 -37.10395 -2.5 24.39089 -36.99675 -2.5 24.8883 -37.50642 -2.5 28.01657 -36.80702 -2.5 25.36044 -36.54024 -2.5 25.79373 -36.20406 -2.5 26.1757 -35.80817 -2.5 26.49536 -31.87623 -2.5 22.02781 -32.24358 -2.5 21.67572 -36.01291 -2.5 21.67572 -36.38026 -2.5 22.02781 -36.68283 -2.5 22.43691 -35.36395 -2.5 26.74352 -34.88418 -2.5 26.91303 -34.38266 -2.5 26.99903 -33.37231 -2.5 26.91303 -32.89254 -2.5 26.74352 -32.44832 -2.5 26.49536 -32.05243 -2.5 26.1757 -31.71626 -2.5 25.79373 -34.12825 -2.5 27.00983 -33.87383 -2.5 26.99903 -15.62366 -2.5 42.65714 -19.96755 -2.5 41.48575 -16.22102 -2.5 29.06904 -24.12207 -2.5 39.75905 -28.01657 -2.5 37.50641 -1.443394 -2.5 29.06904 -1.789722 -2.5 42.64363 -2.20303 -2.5 42.68932 -6.665222 -2.5 43.26409 -11.16427 -2.5 43.2533 4.795441 -2.5 29.06904 4.882332 -2.5 31.50921 4.460762 -2.5 31.79414 3.476917 -2.5 35.00672 3.666641 -2.5 35.47885 3.933426 -2.5 35.91214 0.3428116 -2.5 43.73424 4.665497 -2.5 36.61377 0.5477028 -2.5 44.09608 4.795441 -2.5 44.6612 0.689785 -2.5 44.48688 4.093403 -2.5 32.14622 3.790832 -2.5 32.55532 3.561752 -2.5 33.00968 3.412754 -2.5 33.49621 3.348122 -2.5 34.00093 3.369717 -2.5 34.5093 0.08077621 -2.5 43.41136 -0.2311515 -2.5 43.13639 -0.584343 -2.5 42.91692 4.75251 -2.5 57.66603 4.333473 -2.5 56.94866 4.039005 -2.5 56.17181 10.3014 -2.5 56.94828 10.6445 -2.5 56.67124 12.08388 -2.5 58.6037 5.611168 -2.5 58.6072 7.774521 -2.5 57.16335 8.190323 -2.5 57.31026 8.40606 -2.5 52.23155 7.979301 -2.5 52.34267 8.62497 -2.5 57.38478 9.065957 -2.5 57.38478 9.500611 -2.5 57.31026 9.916405 -2.5 57.16335 10.93586 -2.5 56.3402 11.16707 -2.5 55.96468 11.3315 -2.5 55.55549 6.893715 -2.5 53.0764 6.631485 -2.5 53.43095 7.577454 -2.5 52.52431 7.21209 -2.5 52.77126 6.432953 -2.5 53.82472 6.303818 -2.5 54.24639 11.25797 -2.5 53.82472 11.05944 -2.5 53.43095 10.79721 -2.5 53.0764 10.47884 -2.5 52.77126 6.247803 -2.5 54.6838 6.266525 -2.5 55.1244 6.359428 -2.5 55.55549 11.42441 -2.5 55.1244 11.44312 -2.5 54.6838 11.38711 -2.5 54.24639 10.11347 -2.5 52.52431 9.711625 -2.5 52.34267 6.523857 -2.5 55.96468 6.755074 -2.5 56.3402 5.284546 -2.5 58.30412 7.046425 -2.5 56.67124 7.389526 -2.5 56.94828 5.914886 -2.5 58.84529 11.40838 -2.5 59.08734 10.66212 -2.5 59.45245 8.211144 -2.5 59.75376 9.041123 -2.5 59.79032 9.865708 -2.5 59.68895 7.398674 -2.5 59.58026 6.626144 -2.5 59.27462 13.51213 -2.5 56.58921 12.45465 -2.5 16.22102 30.08713 -2.5 15.94289 29.68088 -2.5 16.62595 30.59647 -2.5 15.33283 31.19604 -2.5 2.853233 31.87068 -2.5 3.273296 31.19604 -2.5 14.81118 32.60337 -2.5 3.581161 31.87068 -2.5 14.39112 33.37557 -2.5 3.769047 32.60337 -2.5 14.08325 35.83562 -2.5 3.832207 35.83562 -2.5 13.8322 34.16779 -2.5 3.832207 34.16779 -2.5 13.8322 33.37557 -2.5 13.89537 54.368 -2.5 6.269604 53.94124 -2.5 6.380726 54.8074 -2.5 3.832207 52.32137 -2.5 9.593548 52.48579 -2.5 10.00273 52.71701 -2.5 10.37825 53.5394 -2.5 6.562366 53.17403 -2.5 6.809315 52.85565 -2.5 7.114452 52.59343 -2.5 7.469006 52.39489 -2.5 7.862782 52.26576 -2.5 8.284443 52.20975 -2.5 8.721859 52.22846 -2.5 9.162449 53.00836 -2.5 10.70929 53.35147 -2.5 10.98633 54.8074 -2.5 13.8322 53.73646 -2.5 11.2014 54.15226 -2.5 11.34831 54.58691 -2.5 11.42284 55.63037 -2.5 13.76401 55.0279 -2.5 11.42284 56.4309 -2.5 13.56129 55.46255 -2.5 11.34831 57.18714 -2.5 13.22957 55.87834 -2.5 11.2014 57.87846 -2.5 12.77791 56.26333 -2.5 10.98633 58.48602 -2.5 12.21862 56.60644 -2.5 10.70929 58.99324 -2.5 11.56694 56.8978 -2.5 10.37825 59.38627 -2.5 10.84069 57.12901 -2.5 10.00273 59.6544 -2.5 10.05963 57.29344 -2.5 9.593548 59.79032 -2.5 9.245106 57.38635 -2.5 9.162449 59.79032 -2.5 8.419308 57.40507 -2.5 8.721859 59.6544 -2.5 7.604778 57.34905 -2.5 8.284443 59.38627 -2.5 6.823727 57.21992 -2.5 7.862782 58.99324 -2.5 6.097469 57.02138 -2.5 7.469006 58.48602 -2.5 5.445797 56.75915 -2.5 7.114452 57.87846 -2.5 4.886501 56.44077 -2.5 6.809315 57.18714 -2.5 4.434841 56.07541 -2.5 6.562366 56.4309 -2.5 4.103119 55.67356 -2.5 6.380726 55.63037 -2.5 3.900398 55.2468 -2.5 6.269604 54.8074 -2.5 6.232204 13.78506 -2.5 -4.994808 14.05184 -2.5 -4.56152 12.45465 -2.5 1.443394 14.38802 -2.5 -4.17955 14.78391 -2.5 -3.85989 15.22813 -2.5 -3.611732 15.7079 -2.5 -3.442219 17.21977 -2.5 -3.442219 17.69954 -2.5 -3.611732 30.08713 -2.5 1.721523 18.14376 -2.5 -3.85989 16.20942 -2.5 -3.356228 16.46384 -2.5 -3.345417 16.71825 -2.5 -3.356228 30.59647 -2.5 2.331581 18.53965 -2.5 -4.17955 18.87582 -2.5 -4.56152 29.68088 -2.5 1.038467 18.3485 -2.5 -8.679528 17.92692 -2.5 -8.964463 23.23239 -2.5 -11.56048 19.14261 -2.5 -4.994808 19.33234 -2.5 -5.466949 25.26836 -2.5 -7.935368 19.43954 -2.5 -5.964367 19.46113 -2.5 -6.47274 13.53117 -2.5 -6.977455 13.46654 -2.5 -6.47274 12.45465 -2.5 -4.795441 13.48814 -2.5 -5.964367 13.59534 -2.5 -5.466949 18.71585 -2.5 -8.327443 19.3965 -2.5 -6.977455 19.2475 -2.5 -7.463989 19.01843 -2.5 -7.918339 15.95683 -2.5 -9.302266 15.46442 -2.5 -9.174054 12.45465 -2.5 -12.45465 15.00075 -2.5 -8.964463 14.57917 -2.5 -8.679528 14.21181 -2.5 -8.327443 13.90925 -2.5 -7.918339 13.68017 -2.5 -7.463989 17.46326 -2.5 -9.174054 16.97083 -2.5 -9.302266 16.46384 -2.5 -9.345417 -1.721523 -2.5 -30.08713 -1.038467 -2.5 -29.68088 4.795441 -2.5 -12.45465 7.935364 -2.5 -25.26836 11.56048 -2.5 -23.23239 14.94147 -2.5 -20.81257 18.03785 -2.5 -18.03785 20.81256 -2.5 -14.94147 7.581123 -2.5 36.86193 8.025345 -2.5 36.61377 8.421235 -2.5 36.29412 8.757409 -2.5 35.91214 9.024193 -2.5 35.47885 9.278084 -2.5 33.49621 9.129082 -2.5 33.00968 6.345421 -2.5 31.12825 5.838417 -2.5 31.1714 5.346001 -2.5 31.29962 5.109718 -2.5 36.86193 5.589485 -2.5 37.03144 6.091003 -2.5 37.11744 9.213921 -2.5 35.00672 9.321122 -2.5 34.5093 9.342713 -2.5 34.00093 8.90001 -2.5 32.55532 8.597435 -2.5 32.14622 8.23008 -2.5 31.79414 7.808502 -2.5 31.50921 7.344841 -2.5 31.29962 6.852425 -2.5 31.1714 6.345421 -2.5 37.12825 6.599838 -2.5 37.11744 7.101349 -2.5 37.03144 4.795441 -2.5 -4.795441 4.795441 -2.5 1.443394 -1.443394 -2.5 -4.795441 -1.443394 -2.5 1.443394 -16.22102 -2.5 -4.795441 -16.22102 -2.5 1.443394 4.795441 -2.5 16.22102 -1.443394 -2.5 16.22102 -16.22102 -2.5 16.22102 29.68088 -2.5 16.62595 26.05812 -2.5 23.99362 16.46384 0.3999999 -7.945419 16.73424 0.3999999 -7.922405 16.99686 0.3999999 -7.854023 17.24415 0.3999999 -7.742241 17.46899 0.3999999 -7.590275 17.66491 0.3999999 -7.4025 17.82628 0.3999999 -7.184311 17.94846 0.3999999 -6.94199 18.02792 0.3999999 -6.682507 18.06239 0.3999999 -6.413326 18.05087 0.3999999 -6.142189 17.9937 0.3999999 -5.876904 17.89252 0.3999999 -5.625092 17.75023 0.3999999 -5.394005 17.57094 0.3999999 -5.190289 17.3598 0.3999999 -5.019802 17.12288 0.3999999 -4.887451 16.867 0.3999999 -4.797047 16.59953 0.3999999 -4.751183 16.46384 0.3999999 -4.745419 16.32815 0.3999999 -4.751183 16.06067 0.3999999 -4.797047 15.80479 0.3999999 -4.887451 15.56788 0.3999999 -5.019802 15.35673 0.3999999 -5.190289 15.17744 0.3999999 -5.394005 15.03516 0.3999999 -5.625092 14.93397 0.3999999 -5.876904 14.87679 0.3999999 -6.142189 14.86527 0.3999999 -6.413326 14.89975 0.3999999 -6.682507 14.97921 0.3999999 -6.94199 15.10139 0.3999999 -7.184311 15.26276 0.3999999 -7.4025 15.45869 0.3999999 -7.590275 15.68352 0.3999999 -7.742241 15.93081 0.3999999 -7.854023 16.19344 0.3999999 -7.922405 -23.60667 0.3999999 -14.91546 -23.87414 0.3999999 -14.8696 -24.00983 0.3999999 -14.86383 -24.14552 0.3999999 -14.8696 -24.413 0.3999999 -14.91546 -24.66887 0.3999999 -15.00587 -24.90579 0.3999999 -15.13822 -25.11693 0.3999999 -15.3087 -25.29623 0.3999999 -15.51242 -25.43851 0.3999999 -15.74351 -25.5397 0.3999999 -15.99532 -25.59687 0.3999999 -16.26061 -25.60839 0.3999999 -16.53174 -25.57392 0.3999999 -16.80092 -25.49445 0.3999999 -17.06041 -25.37228 0.3999999 -17.30273 -25.21091 0.3999999 -17.52092 -25.01498 0.3999999 -17.70869 -24.79014 0.3999999 -17.86066 -24.54286 0.3999999 -17.97244 -24.28023 0.3999999 -18.04082 -24.00983 0.3999999 -18.06384 -23.73943 0.3999999 -18.04082 -23.47681 0.3999999 -17.97244 -23.22952 0.3999999 -17.86066 -23.00468 0.3999999 -17.70869 -22.80875 0.3999999 -17.52092 -22.64739 0.3999999 -17.30273 -22.52521 0.3999999 -17.06041 -22.44574 0.3999999 -16.80092 -22.41127 0.3999999 -16.53174 -22.42279 0.3999999 -16.26061 -22.47997 0.3999999 -15.99532 -22.58115 0.3999999 -15.74351 -22.72344 0.3999999 -15.51242 -22.90273 0.3999999 -15.3087 -23.11387 0.3999999 -15.13822 -23.35079 0.3999999 -15.00587 6.748581 0.3999999 35.67662 6.48111 0.3999999 35.72248 6.345421 0.3999999 35.72824 6.209732 0.3999999 35.72248 5.942253 0.3999999 35.67662 5.686378 0.3999999 35.58621 5.449455 0.3999999 35.45386 5.238319 0.3999999 35.28337 5.059021 0.3999999 35.07966 4.91674 0.3999999 34.84857 4.815552 0.3999999 34.59676 4.758377 0.3999999 34.33148 4.746864 0.3999999 34.06034 4.781334 0.3999999 33.79116 4.860794 0.3999999 33.53167 4.982971 0.3999999 33.28936 5.14434 0.3999999 33.07117 5.340263 0.3999999 32.88339 5.565109 0.3999999 32.73143 5.812393 0.3999999 32.61964 6.07502 0.3999999 32.55126 6.345421 0.3999999 32.52825 6.615822 0.3999999 32.55126 6.878441 0.3999999 32.61964 7.125732 0.3999999 32.73143 7.350571 0.3999999 32.88339 7.546494 0.3999999 33.07117 7.707863 0.3999999 33.28936 7.83004 0.3999999 33.53167 7.909508 0.3999999 33.79116 7.943977 0.3999999 34.06034 7.932457 0.3999999 34.33148 7.875282 0.3999999 34.59676 7.774101 0.3999999 34.84857 7.631813 0.3999999 35.07966 7.452522 0.3999999 35.28337 7.241379 0.3999999 35.45386 7.004463 0.3999999 35.58621 -34.12825 0.3999999 22.40983 -33.85784 0.3999999 22.43284 -33.59522 0.3999999 22.50123 -33.34793 0.3999999 22.61301 -33.1231 0.3999999 22.76497 -32.92717 0.3999999 22.95276 -32.7658 0.3999999 23.17094 -32.64362 0.3999999 23.41326 -32.56416 0.3999999 23.67274 -32.52968 0.3999999 23.94193 -32.54121 0.3999999 24.21306 -32.59838 0.3999999 24.47834 -32.69956 0.3999999 24.73016 -32.84185 0.3999999 24.96125 -33.02114 0.3999999 25.16496 -33.23229 0.3999999 25.33545 -33.4692 0.3999999 25.4678 -33.72508 0.3999999 25.55821 -33.99256 0.3999999 25.60407 -34.12825 0.3999999 25.60983 -34.26393 0.3999999 25.60407 -34.53141 0.3999999 25.55821 -34.78729 0.3999999 25.4678 -35.02421 0.3999999 25.33545 -35.23535 0.3999999 25.16496 -35.41464 0.3999999 24.96125 -35.55693 0.3999999 24.73016 -35.65811 0.3999999 24.47834 -35.71529 0.3999999 24.21306 -35.72681 0.3999999 23.94193 -35.69234 0.3999999 23.67274 -35.61287 0.3999999 23.41326 -35.49069 0.3999999 23.17094 -35.32932 0.3999999 22.95276 -35.1334 0.3999999 22.76497 -34.90856 0.3999999 22.61301 -34.66127 0.3999999 22.50123 -34.39865 0.3999999 22.43284 -34.12825 0.3999999 21.00983 -33.62125 0.3999999 21.05298 -33.12882 0.3999999 21.1812 -32.66516 0.3999999 21.39079 -32.24358 0.3999999 21.67572 -31.87623 0.3999999 22.02781 -31.57366 0.3999999 22.43691 -31.34458 0.3999999 22.89126 -31.19558 0.3999999 23.3778 -31.13095 0.3999999 23.88251 -31.15255 0.3999999 24.39089 -31.25975 0.3999999 24.8883 -31.44947 0.3999999 25.36044 -31.71626 0.3999999 25.79373 -32.05243 0.3999999 26.1757 -32.44832 0.3999999 26.49536 -32.89254 0.3999999 26.74352 -33.37231 0.3999999 26.91303 -33.87383 0.3999999 26.99903 -34.12825 0.3999999 27.00983 -34.38266 0.3999999 26.99903 -34.88418 0.3999999 26.91303 -35.36395 0.3999999 26.74352 -35.80817 0.3999999 26.49536 -36.20406 0.3999999 26.1757 -36.54024 0.3999999 25.79373 -36.80702 0.3999999 25.36044 -36.99675 0.3999999 24.8883 -37.10395 0.3999999 24.39089 -37.12554 0.3999999 23.88251 -37.06091 0.3999999 23.3778 -36.91191 0.3999999 22.89126 -36.68283 0.3999999 22.43691 -36.38026 0.3999999 22.02781 -36.01291 0.3999999 21.67572 -35.59133 0.3999999 21.39079 -35.12767 0.3999999 21.1812 -34.63525 0.3999999 21.05298 6.345421 0.3999999 31.12825 6.852425 0.3999999 31.1714 7.344841 0.3999999 31.29962 7.808502 0.3999999 31.50921 8.23008 0.3999999 31.79414 8.597435 0.3999999 32.14622 8.90001 0.3999999 32.55532 9.129082 0.3999999 33.00968 9.278084 0.3999999 33.49621 9.342713 0.3999999 34.00093 9.321122 0.3999999 34.5093 9.213921 0.3999999 35.00672 9.024193 0.3999999 35.47885 8.757409 0.3999999 35.91214 8.421235 0.3999999 36.29412 8.025345 0.3999999 36.61377 7.581123 0.3999999 36.86193 7.101349 0.3999999 37.03144 6.599838 0.3999999 37.11744 6.345421 0.3999999 37.12825 6.091003 0.3999999 37.11744 5.589485 0.3999999 37.03144 5.109718 0.3999999 36.86193 4.665497 0.3999999 36.61377 4.2696 0.3999999 36.29412 3.933426 0.3999999 35.91214 3.666641 0.3999999 35.47885 3.476917 0.3999999 35.00672 3.369717 0.3999999 34.5093 3.348122 0.3999999 34.00093 3.412754 0.3999999 33.49621 3.561752 0.3999999 33.00968 3.790832 0.3999999 32.55532 4.093403 0.3999999 32.14622 4.460762 0.3999999 31.79414 4.882332 0.3999999 31.50921 5.346001 0.3999999 31.29962 5.838417 0.3999999 31.1714 -24.00983 0.3999999 -19.46383 -23.50283 0.3999999 -19.42068 -23.01041 0.3999999 -19.29247 -22.54675 0.3999999 -19.08288 -22.12517 0.3999999 -18.79794 -21.75781 0.3999999 -18.44586 -21.45524 0.3999999 -18.03676 -21.22617 0.3999999 -17.58241 -21.07716 0.3999999 -17.09587 -21.01254 0.3999999 -16.59116 -21.03413 0.3999999 -16.08278 -21.14133 0.3999999 -15.58537 -21.33106 0.3999999 -15.11322 -21.59784 0.3999999 -14.67994 -21.93401 0.3999999 -14.29797 -22.32991 0.3999999 -13.97831 -22.77413 0.3999999 -13.73015 -23.2539 0.3999999 -13.56063 -23.75541 0.3999999 -13.47464 -24.00983 0.3999999 -13.46384 -24.26425 0.3999999 -13.47464 -24.76577 0.3999999 -13.56063 -25.24554 0.3999999 -13.73015 -25.68976 0.3999999 -13.97831 -26.08565 0.3999999 -14.29797 -26.42182 0.3999999 -14.67994 -26.68861 0.3999999 -15.11322 -26.87833 0.3999999 -15.58537 -26.98553 0.3999999 -16.08278 -27.00713 0.3999999 -16.59116 -26.9425 0.3999999 -17.09587 -26.7935 0.3999999 -17.58241 -26.56442 0.3999999 -18.03676 -26.26185 0.3999999 -18.44586 -25.89449 0.3999999 -18.79794 -25.47292 0.3999999 -19.08288 -25.00925 0.3999999 -19.29247 -24.51683 0.3999999 -19.42068 16.46384 0.3999999 -9.345417 16.97083 0.3999999 -9.302266 17.46326 0.3999999 -9.174054 17.92692 0.3999999 -8.964463 18.3485 0.3999999 -8.679528 18.71585 0.3999999 -8.327443 19.01843 0.3999999 -7.918339 19.2475 0.3999999 -7.463989 19.3965 0.3999999 -6.977455 19.46113 0.3999999 -6.47274 19.43954 0.3999999 -5.964367 19.33234 0.3999999 -5.466949 19.14261 0.3999999 -4.994808 18.87582 0.3999999 -4.56152 18.53965 0.3999999 -4.17955 18.14376 0.3999999 -3.85989 17.69954 0.3999999 -3.611732 17.21977 0.3999999 -3.442219 16.71825 0.3999999 -3.356228 16.46384 0.3999999 -3.345417 16.20942 0.3999999 -3.356228 15.7079 0.3999999 -3.442219 15.22813 0.3999999 -3.611732 14.78391 0.3999999 -3.85989 14.38802 0.3999999 -4.17955 14.05184 0.3999999 -4.56152 13.78506 0.3999999 -4.994808 13.59534 0.3999999 -5.466949 13.48814 0.3999999 -5.964367 13.46654 0.3999999 -6.47274 13.53117 0.3999999 -6.977455 13.68017 0.3999999 -7.463989 13.90925 0.3999999 -7.918339 14.21181 0.3999999 -8.327443 14.57917 0.3999999 -8.679528 15.00075 0.3999999 -8.964463 15.46442 0.3999999 -9.174054 15.95683 0.3999999 -9.302266</float_array>
          <technique_common>
            <accessor source="#Lidar_mount-mesh-positions-array" count="1278" stride="3">
              <param name="X" type="float"/>
              <param name="Y" type="float"/>
              <param name="Z" type="float"/>
            </accessor>
          </technique_common>
        </source>
        <source id="Lidar_mount-mesh-normals">
          <float_array id="Lidar_mount-mesh-normals-array" count="7740">0 1 0 0 1 0 0 1 0 0 1 0 0 1 0 0 1 0 0 1 0 0 1 0 0 1 0 0 1 0 0 1 0 0 1 0 0 1 0 0 1 0 0 1 0 0 1 0 0 1 0 0 1 0 0 1 0 0 1 0 0 1 0 0 1 0 0 1 0 0 1 0 0 1 0 0 1 0 0 1 0 0 1 0 0 1 0 0 1 0 0 1 0 0 1 0 0 1 0 0 1 0 0 1 0 0 1 0 0 1 0 0 1 0 0 1 0 0 1 0 0 1 0 0 1 0 0 1 0 0 1 0 0 1 0 0 1 0 0 1 0 0 1 0 0 1 0 0 1 0 0 1 0 0 1 0 0 1 0 0 1 0 0 1 0 0 1 0 0 1 0 0 1 0 0 1 0 0 1 0 0 1 0 0 1 0 0 1 0 0 1 0 0 1 0 0 1 0 0 1 0 0 1 0 0 1 0 0 1 0 0 1 0 0 1 0 0 1 0 0 1 0 0 1 0 0 1 0 0 1 0 0 1 0 0 1 0 0 1 0 0 1 0 0 1 0 0 1 0 0 1 0 0 1 0 0 1 0 0 1 0 0 1 0 0 1 0 0 1 0 0 1 0 0 1 0 0 1 0 0 1 0 0 1 0 0 1 0 0 1 0 0 1 0 0 1 0 0 1 0 0 1 0 0 1 0 0 1 0 0 1 0 0 1 0 0 1 0 0 1 0 0 1 0 0 1 0 0 1 0 0 1 0 0 1 0 0 1 0 0 1 0 0 1 0 0 1 0 0 1 0 0 1 0 0 1 0 0 1 0 0 1 0 0 1 0 0 1 0 0 1 0 0 1 0 0 1 0 0 1 0 0 1 0 0 1 0 0 1 0 0 1 0 0 1 0 0 1 0 0 1 0 0 1 0 0 1 0 0 1 0 0 1 0 0 1 0 0 1 0 0 1 0 0 1 0 0 1 0 0 1 0 0 1 0 0 1 0 0 1 0 0 1 0 0 1 0 0 1 0 0 1 0 0 1 0 0 1 0 0 1 0 0 1 0 0 1 0 0 1 0 0 1 0 0 1 0 0 1 0 0 1 0 0 1 0 0 1 0 0 1 0 0 1 0 0 1 0 0 1 0 0 1 0 0 1 0 0 1 0 0 1 0 0 1 0 0 1 0 0 1 0 0 1 0 0 1 0 0 1 0 0 1 0 0 1 0 0 1 0 0 1 0 0 1 0 0 1 0 0 1 0 0 1 0 0 1 0 0 1 0 0 1 0 0 1 0 0 1 0 0 1 0 0 1 0 0 1 0 0 1 0 0 1 0 0 1 0 0 1 0 0 1 0 0 1 0 0 1 0 0 1 0 0 1 0 0 1 0 0 1 0 0 1 0 0 1 0 0 1 0 0 1 0 0 1 0 0 1 0 0 1 0 0 1 0 0 1 0 0 1 0 0 1 0 0 1 0 0 1 0 0 1 0 0 1 0 0 1 0 0 1 0 0 1 0 0 1 0 0 1 0 0 1 0 0 1 0 0 1 0 0 1 0 0 1 0 0 1 0 0 1 0 0 1 0 0 1 0 0 1 0 0 1 0 0 1 0 0 1 0 0 1 0 0 1 0 0 1 0 0 1 0 0 1 0 0 1 0 0 1 0 0 1 0 0 1 0 0 1 0 0 1 0 0 1 0 0 1 0 0 1 0 0 1 0 0 1 0 0 1 0 0 1 0 0 1 0 0 1 0 0 1 0 0 1 0 0 1 0 0 1 0 0 1 0 0 1 0 0 1 0 0 1 0 0 1 0 0 1 0 0 1 0 0 1 0 0 1 0 0 1 0 0 1 0 0 1 0 0 1 0 0 1 0 0 1 0 0 1 0 0 1 0 0 1 0 0 1 0 0 1 0 0 1 0 0 1 0 0 1 0 0 1 0 0 1 0 0 1 0 0 1 0 0 1 0 0 1 0 0 1 0 0 1 0 0 1 0 0 1 0 0 1 0 0 1 0 0 1 0 0 1 0 0 1 0 0 1 0 0 1 0 0 1 0 0 1 0 0 1 0 0 1 0 0 1 0 0 1 0 0 1 0 0 1 0 0 1 0 0 1 0 0 1 0 0 1 0 0 1 0 0 1 0 0 1 0 0 1 0 0 1 0 0 1 0 0 1 0 0 1 0 0 1 0 0 1 0 0 1 0 0 1 0 0 1 0 0 1 0 0 1 0 0 1 0 0 1 0 0 1 0 0 1 0 0 1 0 0 1 0 0 1 0 0 1 0 0 1 0 0 1 0 0 1 0 0 1 0 0 1 0 0 1 0 0 1 0 0 1 0 0 1 0 0 1 0 0 1 0 0 1 0 0 1 0 0 1 0 0 1 0 0 1 0 0 1 0 0 1 0 0 1 0 0 1 0 0 1 0 0 1 0 0 1 0 0 1 0 0 1 0 0 1 0 0 1 0 0 1 0 0 1 0 0 1 0 0 1 0 0 1 0 0 1 0 0 1 0 0 1 0 0 1 0 0 1 0 0 1 0 0 1 0 0 1 0 0 1 0 0 1 0 0 1 0 0 1 0 0 1 0 0 1 0 0 1 0 0 1 0 0 1 0 0 1 0 0 1 0 0 1 0 0 1 0 0 1 0 0 1 0 0 1 0 0 1 0 0 1 0 0 1 0 0 1 0 0 1 0 0 1 0 0 1 0 0 1 0 0 1 0 0 1 0 0 1 0 0 1 0 0 1 0 0 1 0 0 1 0 0 1 0 0 1 0 0 1 0 0 1 0 0 1 0 0 1 0 0 1 0 0 1 0 0 1 0 0 1 0 0 1 0 0 1 0 0 1 0 0 1 0 0 1 0 0 1 0 0 1 0 0 1 0 0 1 0 0 1 0 0 1 0 0 1 0 0 1 0 0 1 0 0 1 0 0 1 0 0 1 0 0 1 0 0 1 0 0 1 0 0 1 0 0 1 0 0 1 0 0 1 0 0 1 0 0 1 0 0 1 0 0 1 0 0 1 0 0 1 0 0 1 0 0 1 0 0 1 0 0 1 0 0 1 0 0 1 0 0 1 0 0 1 0 0 1 0 0 1 0 0 1 0 0 1 0 0 1 0 0 1 0 0 1 0 0 1 0 0 1 0 0 1 0 0 1 0 0 1 0 0 1 0 0 1 0 0 1 0 0 1 0 0 1 0 0 1 0 0 1 0 0 1 0 0 1 0 0 1 0 0 1 0 0 1 0 0 1 0 0 1 0 0 1 0 0 1 0 0 1 0 0 1 0 0 1 0 0 1 0 0 1 0 0 1 0 0 1 0 0 1 0 0 1 0 0 1 0 0 1 0 0 1 0 0 1 0 0 1 0 0 1 0 0 1 0 0 1 0 0 1 0 0 1 0 0 1 0 0 1 0 0 1 0 0 1 0 0 1 0 0 1 0 0 1 0 0 1 0 0 1 0 0 1 0 0 1 0 0 1 0 0 1 0 0 1 0 0 1 0 0 1 0 0 1 0 0 1 0 0 1 0 0 1 0 0 1 0 0 1 0 0 1 0 0 1 0 0 1 0 0 1 0 0 1 0 0 -1 0 0 -1 0 0 -1 0 0 -1 0 0 -1 0 0 -1 0 0 -1 0 0 -1 0 0 -1 0 0 -1 0 0 -1 0 0 -1 0 0 -1 0 0 -1 0 0 -1 0 0 -1 0 0 -1 0 0 -1 0 0 -1 0 0 -1 0 0 -1 0 0 -1 0 0 -1 0 0 -1 0 0 -1 0 0 -1 0 0 -1 0 0 -1 0 0 -1 0 0 -1 0 0 -1 0 0 -1 0 0 -1 0 0 -1 0 0 -1 0 0 -1 0 0 -1 0 0 -1 0 0 -1 0 0 -1 0 0 -1 0 0 -1 0 0 -1 0 0 -1 0 0 -1 0 0 -1 0 0 -1 0 0 -1 0 0 -1 0 0 -1 0 0 -1 0 0 -1 0 0 -1 0 0 -1 0 0 -1 0 0 -1 0 0 -1 0 0 -1 0 0 -1 0 0 -1 0 0 -1 0 0 -1 0 0 -1 0 0 -1 0 0 -1 0 0 -1 0 0 -1 0 0 -1 0 0 -1 0 0 -1 0 0 -1 0 0 -1 0 0 -1 0 0 -1 0 0 -1 0 0 -1 0 0 -1 0 0 -1 0 0 -1 0 0 -1 0 0 -1 0 0 -1 0 0 -1 0 0 -1 0 0 -1 0 0 -1 0 0 -1 0 0 -1 0 0 -1 0 0 -1 0 0 -1 0 0 -1 0 0 -1 0 0 -1 0 0 -1 0 0 -1 0 0 -1 0 0 -1 0 0 -1 0 0 -1 0 0 -1 0 0 -1 0 0 -1 0 0 -1 0 0 -1 0 0 -1 0 0 -1 0 0 -1 0 0 -1 0 0 -1 0 0 -1 0 0 -1 0 0 -1 0 0 -1 0 0 -1 0 0 -1 0 0 -1 0 0 -1 0 0 -1 0 0 -1 0 0 -1 0 0 -1 0 0 -1 0 0 -1 0 0 -1 0 0 -1 0 0 -1 0 0 -1 0 0 -1 0 0 -1 0 0 -1 0 0 -1 0 0 -1 0 0 -1 0 0 -1 0 0 -1 0 0 -1 0 0 -1 0 0 -1 0 0 -1 0 0 -1 0 0 -1 0 0 -1 0 0 -1 0 0 -1 0 0 -1 0 0 -1 0 0 -1 0 0 -1 0 0 -1 0 0 -1 0 0 -1 0 0 -1 0 0 -1 0 0 -1 0 0 -1 0 0 -1 0 0 -1 0 0 -1 0 0 -1 0 0 -1 0 0 -1 0 0 -1 0 0 -1 0 0 -1 0 0 -1 0 0 -1 0 0 -1 0 0 -1 0 0 -1 0 0 -1 0 0 -1 0 0 -1 0 0 -1 0 0 -1 0 0 -1 0 0 -1 0 0 -1 0 0 -1 0 0 -1 0 0 -1 0 0 -1 0 0 -1 0 0 -1 0 0 -1 0 0 -1 0 0 -1 0 0 -1 0 0 -1 0 0 -1 0 0 -1 0 0 -1 0 0 -1 0 0 -1 0 0 -1 0 0 -1 0 0 -1 0 0 -1 0 0 -1 0 0 -1 0 0 -1 0 0 -1 0 0 -1 0 0 -1 0 0 -1 0 0 -1 0 0 -1 0 0 -1 0 0 -1 0 0 -1 0 0 -1 0 0 -1 0 0 -1 0 0 -1 0 0 -1 0 0 -1 0 0 -1 0 0 -1 0 0 -1 0 0 -1 0 0 -1 0 0 -1 0 0 -1 0 0 -1 0 0 -1 0 0 -1 0 0 -1 0 0 -1 0 0 -1 0 0 -1 0 0 -1 0 0 -1 0 0 -1 0 0 -1 0 0 -1 0 0 -1 0 0 -1 0 0 -1 0 0 -1 0 0 -1 0 0 -1 0 0 -1 0 0 -1 0 0 -1 0 0 -1 0 0 -1 0 0 -1 0 0 -1 0 0 -1 0 0 -1 0 0 -1 0 0 -1 0 0 -1 0 0 -1 0 0 -1 0 0 -1 0 0 -1 0 0 -1 0 0 -1 0 0 -1 0 0 -1 0 0 -1 0 0 -1 0 0 -1 0 0 -1 0 0 -1 0 0 -1 0 0 -1 0 0 -1 0 0 -1 0 0 -1 0 0 -1 0 0 -1 0 0 -1 0 0 -1 0 0 -1 0 0 -1 0 0 -1 0 0 -1 0 0 -1 0 0 -1 0 0 -1 0 0 -1 0 0 -1 0 0 -1 0 0 -1 0 0 -1 0 0 -1 0 0 -1 0 0 -1 0 0 -1 0 0 -1 0 0 -1 0 0 -1 0 0 -1 0 0 -1 0 0 -1 0 0 -1 0 0 -1 0 0 -1 0 0 -1 0 0 -1 0 0 -1 0 0 -1 0 0 -1 0 0 -1 0 0 -1 0 0 -1 0 0 -1 0 0 -1 0 0 -1 0 0 -1 0 0 -1 0 0 -1 0 0 -1 0 0 -1 0 0 -1 0 0 -1 0 0 -1 0 0 -1 0 0 -1 0 0 -1 0 0 -1 0 0 -1 0 0 -1 0 0 -1 0 0 -1 0 0 -1 0 0 -1 0 0 -1 0 0 -1 0 0 -1 0 0 -1 0 0 -1 0 0 -1 0 0 -1 0 0 -1 0 0 -1 0 0 -1 0 0 -1 0 0 -1 0 0 -1 0 0 -1 0 0 -1 0 0 -1 0 0 -1 0 0 -1 0 0 -1 0 0 -1 0 0 -1 0 0 -1 0 0 -1 0 0 -1 0 0 -1 0 0 -1 0 0 -1 0 0 -1 0 0 -1 0 0 -1 0 0 -1 0 0 -1 0 0 -1 0 0 -1 0 0 -1 0 0 -1 0 0 -1 0 0 -1 0 0 -1 0 0 -1 0 0 -1 0 0 -1 0 0 -1 0 0 -1 0 0 -1 0 0 -1 0 0 -1 0 0 -1 0 0 -1 0 0 -1 0 0 -1 0 0 -1 0 0 -1 0 0 -1 0 0 -1 0 0 -1 0 0 -1 0 0 -1 0 0 -1 0 0 -1 0 0 -1 0 0 -1 0 0 -1 0 0 -1 0 0 -1 0 0 -1 0 0 -1 0 0 -1 0 0 -1 0 0 -1 0 0 -1 0 0 -1 0 0 -1 0 0 -1 0 0 -1 0 0 -1 0 0 -1 0 0 -1 0 0 -1 0 0 -1 0 0 -1 0 0 -1 0 0 -1 0 0 -1 0 0 -1 0 0 -1 0 0 -1 0 0 -1 0 0 -1 0 0 -1 0 0 -1 0 0 -1 0 0 -1 0 0 -1 0 0 -1 0 0 -1 0 0 -1 0 0 -1 0 0 -1 0 0 -1 0 0 -1 0 0 -1 0 0 -1 0 0 -1 0 0 -1 0 0 -1 0 0 -1 0 0 -1 0 0 -1 0 0 -1 0 0 -1 0 0 -1 0 0 -1 0 0 -1 0 0 -1 0 0 -1 0 0 -1 0 0 -1 0 0 -1 0 0 -1 0 0 -1 0 0 -1 0 0 -1 0 0 -1 0 0 -1 0 0 -1 0 0 -1 0 0 -1 0 0 -1 0 0 -1 0 0 -1 0 0 -1 0 0 -1 0 0 -1 0 0 -1 0 0 -1 0 0 -1 0 0 -1 0 0 -1 0 0 -1 0 0 -1 0 0 -1 0 0 -1 0 0 -1 0 0 -1 0 0 -1 0 0 -1 0 0 -1 0 0 -1 0 0 -1 0 0 -1 0 0 -1 0 0 -1 0 0 -1 0 0 -1 0 0 -1 0 0 -1 0 0 -1 0 0 -1 0 0 -1 0 0 -1 0 0 -1 0 0 -1 0 0 -1 0 0 -1 0 0 -1 0 0 -1 0 0 -1 0 0 -1 0 0 -1 0 0 -1 0 0 -1 0 0 -1 0 0 -1 0 0 -1 0 0 -1 0 0 -1 0 0 -1 0 0 -1 0 0 -1 0 0 -1 0 0 -1 0 0 -1 0 0 -1 0 0 -1 0 0 -1 0 0 -1 0 0 -1 0 0 -1 0 0 -1 0 0 -1 0 0 -1 0 0 -1 0 0 -1 0 0 -1 0 0 -1 0 0 -1 0 0 -1 0 0 -1 0 0 -1 0 0.8719003 0 -0.4896834 0.8719003 0 -0.4896834 0.8131824 0 -0.5820089 0.8131824 0 -0.5820089 0.7447314 0 -0.6673644 0.7447314 0 -0.6673644 0.6673648 0 -0.744731 0.6673648 0 -0.744731 0.5820072 0 -0.8131836 0.5820072 0 -0.8131836 0.4896848 0 -0.8718995 0.4896848 0 -0.8718995 0.4412517 0 -0.8973834 0.4412517 0 -0.8973834 0.5111782 0 -0.8594748 0.5111782 0 -0.8594748 0.6408961 0 -0.7676276 0.6408961 0 -0.7676276 0.7544263 0 -0.6563848 0.7544263 0 -0.6563848 0.8488968 0 -0.5285586 0.8488968 0 -0.5285586 0.92192 0 -0.3873803 0.92192 0 -0.3873803 0.9716527 0 -0.2364128 0.9716527 0 -0.2364128 0.996837 0 -0.07947295 0.996837 0 -0.07947295 1 0 0 1 0 0 1 0 0 1 0 0 0.9965847 0 -0.08257716 0.9965847 0 -0.08257716 0.9694002 0 -0.2454855 0.9694002 0 -0.2454855 0.9157731 0 -0.4016959 0.9157731 0 -0.4016959 0.8371654 0 -0.5469498 0.8371654 0 -0.5469498 0.7357253 0 -0.6772801 0.7357253 0 -0.6772801 0.6142124 0 -0.7891408 0.6142124 0 -0.7891408 0.4759483 0 -0.8794733 0.4759483 0 -0.8794733 0.3246964 0 -0.9458183 0.3246964 0 -0.9458183 0.1645907 0 -0.9863619 0.1645907 0 -0.9863619 0 0 -1 0 0 -1 -0.16459 0 -0.9863621 -0.16459 0 -0.9863621 -0.3246964 0 -0.9458183 -0.3246964 0 -0.9458183 -0.4759483 0 -0.8794733 -0.4759483 0 -0.8794733 -0.6142147 0 -0.789139 -0.6142147 0 -0.789139 -0.735723 0 -0.6772826 -0.735723 0 -0.6772826 -0.8371654 0 -0.5469498 -0.8371654 0 -0.5469498 -0.9157748 0 -0.401692 -0.9157748 0 -0.401692 -0.9694002 0 -0.2454855 -0.9694002 0 -0.2454855 -0.9965844 0 -0.08258175 -0.9965844 0 -0.08258175 -1 0 0 -1 0 0 -1 0 0 -1 0 0 -0.996837 0 -0.07947295 -0.996837 0 -0.07947295 -0.9716527 0 -0.2364128 -0.9716527 0 -0.2364128 -0.9219217 0 -0.3873762 -0.9219217 0 -0.3873762 -0.8488947 0 -0.5285621 -0.8488947 0 -0.5285621 -0.7544287 0 -0.656382 -0.7544287 0 -0.656382 -0.6408938 0 -0.7676296 -0.6408938 0 -0.7676296 -0.5111782 0 -0.8594748 -0.5111782 0 -0.8594748 -0.4412519 0 -0.8973833 -0.4412519 0 -0.8973833 -0.4005247 0 -0.916286 -0.4005247 0 -0.916286 -0.3590109 0 -0.9333335 -0.3590109 0 -0.9333335 -0.3590109 0 -0.9333333 -0.3590109 0 -0.9333333 -0.4344479 0 -0.9006969 -0.507251 -0.0135532 -0.8616917 -0.4353076 0 -0.9002818 -0.578374 0 -0.8157718 -0.578374 0 -0.8157718 -0.7054657 0 -0.7087441 -0.7054657 0 -0.7087441 -0.8130857 0 -0.5821439 -0.8130857 0 -0.5821439 -0.8982536 0 -0.4394775 -0.8982536 0 -0.4394775 -0.9586244 0 -0.2846739 -0.9586244 0 -0.2846739 -0.9925289 0 -0.1220096 -0.9925289 0 -0.1220096 -0.9990308 0 0.04401564 -0.9990308 0 0.04401564 -0.9779514 0 0.2088326 -0.9779514 0 0.2088326 -0.9298716 0 0.3678841 -0.9298716 0 0.3678841 -0.8561217 0 0.5167742 -0.8561217 0 0.5167742 -0.7587323 0 0.6514026 -0.7587323 0 0.6514026 -0.6403989 0 0.7680425 -0.6403989 0 0.7680425 -0.5043809 0 0.8634814 -0.5043809 0 0.8634814 -0.3544438 0 0.9350773 -0.3544438 0 0.9350773 -0.2755323 0 0.9612919 -0.2755323 0 0.9612919 -0.3658807 0 0.9306617 -0.3658807 0 0.9306617 -0.5124729 0 0.8587033 -0.5124729 0 0.8587033 -0.6453884 0 0.7638547 -0.6453884 0 0.7638547 -0.761105 0 0.6486287 -0.761105 0 0.6486287 -0.8565285 0 0.5160999 -0.8565285 0 0.5160999 -0.9290953 0 0.3698403 -0.9290953 0 0.3698403 -0.9769048 0 0.2136751 -0.9769048 0 0.2136751 -0.9986549 0 0.05185061 -0.9986549 0 0.05185061 -0.9937776 0 -0.1113832 -0.9937776 0 -0.1113832 -0.991806 0 -0.1277529 -0.991806 0 -0.1277529 -0.9999971 0 0.002397775 -0.9999971 0 0.002397775 -0.9911822 0 0.1325064 -0.9911822 0 0.1325064 -0.9655109 0 0.2603623 -0.9655109 0 0.2603623 -0.9234198 0 0.3837915 -0.9234198 0 0.3837915 -0.8656259 0 0.5006915 -0.8656259 0 0.5006915 -0.7931103 0 0.6090781 -0.7931103 0 0.6090781 -0.7071064 0 0.7071072 -0.7071064 0 0.7071072 -0.6090785 0 0.79311 -0.6090785 0 0.79311 -0.5006915 0 0.8656259 -0.5006915 0 0.8656259 -0.3837912 0 0.9234199 -0.3837912 0 0.9234199 -0.2603626 0 0.9655109 -0.2603626 0 0.9655109 -0.1325078 0 0.991182 -0.1325078 0 0.991182 -0.002397775 0 0.9999971 -0.002397775 0 0.9999971 0.127753 0 0.991806 0.127753 0 0.991806 0.1098837 0 0.9939445 0.1098837 0 0.9939445 -0.05641853 0 0.9984072 -0.05641853 0 0.9984072 -0.2211072 0 0.9752495 -0.2211072 0 0.9752495 -0.3797049 0 0.9251076 -0.3797049 0 0.9251076 -0.527788 0 0.8493762 -0.527788 0 0.8493762 -0.6612811 0 0.7501382 -0.6612811 0 0.7501382 -0.7764685 0 0.6301559 -0.7764685 0 0.6301559 -0.870178 0 0.4927375 -0.870178 0 0.4927375 -0.9398143 0 0.3416856 -0.9398143 0 0.3416856 -0.9612918 0 0.2755325 -0.9612918 0 0.2755325 -0.9350779 0 0.3544423 -0.9350779 0 0.3544423 -0.8634794 0 0.5043843 -0.8634794 0 0.5043843 -0.7680444 0 0.6403967 -0.7680444 0 0.6403967 -0.680193 0 0.7330331 -0.680193 0 0.7330331 -0.6169595 0 0.7869949 -0.6169595 0 0.7869949 -0.5167722 0 0.856123 -0.5167722 0 0.856123 -0.3678826 0 0.9298723 -0.3678826 0 0.9298723 -0.2088379 0 0.9779503 -0.2088379 0 0.9779503 -0.04401582 0 0.9990308 -0.04401582 0 0.9990308 0.1220181 0 0.9925279 0.1220181 0 0.9925279 0.2846752 0 0.9586241 0.2846752 0 0.9586241 0.4394756 0 0.8982545 0.4394756 0 0.8982545 0.5821387 0 0.8130895 0.5821387 0 0.8130895 0.7087441 0 0.7054657 0.7087441 0 0.7054657 0.8157718 0 0.578374 0.8157718 0 0.578374 0.9002827 0 0.4353057 0.9002827 0 0.4353057 0.9333334 0 0.3590108 0.9333335 -1.1499e-6 0.3590106 0.9333333 0 0.3590111 0.9162738 0 0.4005526 0.9162738 0 0.4005526 0.897383 0 0.4412523 0.897383 0 0.4412523 0.8594771 0 0.5111743 0.8594771 0 0.5111743 0.7676308 0 0.6408923 0.7676308 0 0.6408923 0.6563836 0 0.7544274 0.6563836 0 0.7544274 0.5285562 0 0.8488983 0.5285562 0 0.8488983 0.3873818 0 0.9219194 0.3873818 0 0.9219194 0.2364094 0 0.9716536 0.2364094 0 0.9716536 0.07947772 0 0.9968367 0.07947772 0 0.9968367 0 0 1 0 0 1 0 0 1 0 0 1 0.08257752 0 0.9965846 0.08257752 0 0.9965846 0.2454844 0 0.9694005 0.2454844 0 0.9694005 0.4016959 0 0.9157731 0.4016959 0 0.9157731 0.5469454 0 0.8371683 0.5469454 0 0.8371683 0.6772803 0 0.7357251 0.6772803 0 0.7357251 0.7891403 0 0.6142131 0.7891403 0 0.6142131 0.879475 0 0.475945 0.879475 0 0.475945 0.9458173 0 0.3246991 0.9458173 0 0.3246991 0.9863619 0 0.1645907 0.9863619 0 0.1645907 1 0 0 1 0 0 0.9863619 0 -0.1645907 0.9863619 0 -0.1645907 0.9458173 0 -0.3246991 0.9458173 0 -0.3246991 0.879475 0 -0.475945 0.879475 0 -0.475945 0.7891403 0 -0.6142131 0.7891403 0 -0.6142131 0.6772803 0 -0.7357251 0.6772803 0 -0.7357251 0.5469454 0 -0.8371683 0.5469454 0 -0.8371683 0.4016997 0 -0.9157714 0.4016997 0 -0.9157714 0.2454844 0 -0.9694005 0.2454844 0 -0.9694005 0.08257752 0 -0.9965846 0.08257752 0 -0.9965846 0 0 -1 0 0 -1 0 0 -1 0 0 -1 0.07947295 0 -0.996837 0.07947295 0 -0.996837 0.2364139 0 -0.9716525 0.2364139 0 -0.9716525 0.3873777 0 -0.9219211 0.3873777 0 -0.9219211 0.5285597 0 -0.8488962 0.5285597 0 -0.8488962 0.6563836 0 -0.7544274 0.6563836 0 -0.7544274 0.7676288 0 -0.6408947 0.7676288 0 -0.6408947 0.8594758 0 -0.5111764 0.8594758 0 -0.5111764 0.8973832 0 -0.441252 0.8973832 0 -0.441252 -0.08480709 0 0.9963974 -0.08480709 0 0.9963974 -0.2519743 0 0.9677339 -0.2519743 0 0.9677339 -0.4119003 0 0.9112289 -0.4119003 0 0.9112289 -0.559977 0 0.8285082 -0.559977 0 0.8285082 -0.6919392 0 0.7219558 -0.6919392 0 0.7219558 -0.8039962 0 0.5946345 -0.8039962 0 0.5946345 -0.8929257 0 0.4502041 -0.8929257 0 0.4502041 -0.9561666 0 0.292823 -0.9561666 0 0.292823 -0.9919013 0 0.1270109 -0.9919013 0 0.1270109 -0.9990991 0 -0.04243862 -0.9990991 0 -0.04243862 -0.9775555 0 -0.2106785 -0.9775555 0 -0.2106785 -0.9278904 0 -0.3728533 -0.9278904 0 -0.3728533 -0.8515288 0 -0.5243079 -0.8515288 0 -0.5243079 -0.7506723 0 -0.6606747 -0.7506723 0 -0.6606747 -0.6282206 0 -0.7780354 -0.6282206 0 -0.7780354 -0.4876915 0 -0.8730161 -0.4876915 0 -0.8730161 -0.3331413 0 -0.9428769 -0.3331413 0 -0.9428769 -0.169001 0 -0.9856159 -0.169001 0 -0.9856159 -0.04243427 0 -0.9990993 -0.04243427 0 -0.9990993 0.04243505 0 -0.9990993 0.04243505 0 -0.9990993 0.1689996 0 -0.9856161 0.1689996 0 -0.9856161 0.3331413 0 -0.9428769 0.3331413 0 -0.9428769 0.4876952 0 -0.873014 0.4876952 0 -0.873014 0.6282163 0 -0.7780387 0.6282163 0 -0.7780387 0.7506723 0 -0.6606747 0.7506723 0 -0.6606747 0.8515326 0 -0.5243015 0.8515326 0 -0.5243015 0.9278873 0 -0.3728607 0.9278873 0 -0.3728607 0.9775555 0 -0.2106785 0.9775555 0 -0.2106785 0.9990991 0 -0.04243862 0.9990991 0 -0.04243862 0.9919003 0 0.1270194 0.9919003 0 0.1270194 0.9561666 0 0.292823 0.9561666 0 0.292823 0.8929257 0 0.4502041 0.8929257 0 0.4502041 0.8040003 0 0.5946289 0.8040003 0 0.5946289 0.6919392 0 0.7219558 0.6919392 0 0.7219558 0.559973 0 0.8285108 0.559973 0 0.8285108 0.4119003 0 0.9112289 0.4119003 0 0.9112289 0.2519743 0 0.9677339 0.2519743 0 0.9677339 0.08480787 0 0.9963974 0.08480787 0 0.9963974 -0.08480429 0 0.9963977 -0.08480429 0 0.9963977 -0.2519835 0 0.9677315 -0.2519835 0 0.9677315 -0.4118989 0 0.9112295 -0.4118989 0 0.9112295 -0.5599797 0 0.8285063 -0.5599797 0 0.8285063 -0.6919347 0 0.7219601 -0.6919347 0 0.7219601 -0.8040017 0 0.594627 -0.8040017 0 0.594627 -0.8929237 0 0.450208 -0.8929237 0 0.450208 -0.9561648 0 0.2928292 -0.9561648 0 0.2928292 -0.9919005 0 0.1270168 -0.9919005 0 0.1270168 -0.9990985 0 -0.04245078 -0.9990985 0 -0.04245078 -0.9775543 0 -0.2106838 -0.9775543 0 -0.2106838 -0.9278958 0 -0.3728395 -0.9278958 0 -0.3728395 -0.8515251 0 -0.5243139 -0.8515251 0 -0.5243139 -0.7506762 0 -0.6606704 -0.7506762 0 -0.6606704 -0.62822 0 -0.7780358 -0.62822 0 -0.7780358 -0.4877004 0 -0.8730111 -0.4877004 0 -0.8730111 -0.3331252 0 -0.9428827 -0.3331252 0 -0.9428827 -0.1690063 0 -0.985615 -0.1690063 0 -0.985615 -0.0424413 0 -0.999099 -0.0424413 0 -0.999099 0.0424413 0 -0.999099 0.0424413 0 -0.999099 0.1690016 0 -0.9856158 0.1690016 0 -0.9856158 0.3331341 0 -0.9428795 0.3331341 0 -0.9428795 0.4877004 0 -0.8730111 0.4877004 0 -0.8730111 0.62822 0 -0.7780358 0.62822 0 -0.7780358 0.7506622 0 -0.6606862 0.7506622 0 -0.6606862 0.8515377 0 -0.5242935 0.8515377 0 -0.5242935 0.9278861 0 -0.3728637 0.9278861 0 -0.3728637 0.9775543 0 -0.2106838 0.9775543 0 -0.2106838 0.9990985 0 -0.04245078 0.9990985 0 -0.04245078 0.991897 0 0.1270444 0.991897 0 0.1270444 0.9561727 0 0.2928035 0.9561727 0 0.2928035 0.8929237 0 0.450208 0.8929237 0 0.450208 0.8040017 0 0.594627 0.8040017 0 0.594627 0.6919206 0 0.7219735 0.6919206 0 0.7219735 0.5599797 0 0.8285063 0.5599797 0 0.8285063 0.4119095 0 0.9112248 0.4119095 0 0.9112248 0.2519767 0 0.9677333 0.2519767 0 0.9677333 0.08480429 0 0.9963977 0.08480429 0 0.9963977 -0.169004 0 -0.9856154 -0.0424413 0 -0.999099 0 -0.002744734 -0.9999963 0.0424413 0 -0.999099 0.169004 0 -0.9856154 0.169004 0 -0.9856154 0.3331297 0 -0.9428811 0.3331297 0 -0.9428811 0.4876944 0 -0.8730144 0.4876944 0 -0.8730144 0.6282268 0 -0.7780303 0.6282268 0 -0.7780303 0.7506692 0 -0.6606783 0.7506692 0 -0.6606783 0.8515314 0 -0.5243037 0.8515314 0 -0.5243037 0.927891 0 -0.3728516 0.927891 0 -0.3728516 0.9775543 0 -0.2106838 0.9775543 0 -0.2106838 0.9990985 0 -0.04245138 0.9990985 0 -0.04245138 0.9919005 0 0.1270168 0.9919005 0 0.1270168 0.956166 0 0.2928252 0.956166 0 0.2928252 0.8929237 0 0.450208 0.8929237 0 0.450208 0.8040017 0 0.594627 0.8040017 0 0.594627 0.6919347 0 0.7219601 0.6919347 0 0.7219601 0.5599732 0 0.8285107 0.5599732 0 0.8285107 0.4119042 0 0.9112272 0.4119042 0 0.9112272 0.2519801 0 0.9677325 0.2519801 0 0.9677325 0.08480429 0 0.9963977 0.08480429 0 0.9963977 -0.08480429 0 0.9963977 -0.08480429 0 0.9963977 -0.2519801 0 0.9677325 -0.2519801 0 0.9677325 -0.4119042 0 0.9112272 -0.4119042 0 0.9112272 -0.5599797 0 0.8285063 -0.5599797 0 0.8285063 -0.6919276 0 0.7219668 -0.6919276 0 0.7219668 -0.8040017 0 0.594627 -0.8040017 0 0.594627 -0.8929237 0 0.450208 -0.8929237 0 0.450208 -0.9561699 0 0.2928124 -0.9561699 0 0.2928124 -0.9919005 0 0.1270168 -0.9919005 0 0.1270168 -0.9990992 0 -0.04243737 -0.9990992 0 -0.04243737 -0.9775543 0 -0.2106838 -0.9775543 0 -0.2106838 -0.927891 0 -0.3728516 -0.927891 0 -0.3728516 -0.8515314 0 -0.5243037 -0.8515314 0 -0.5243037 -0.7506692 0 -0.6606783 -0.7506692 0 -0.6606783 -0.62822 0 -0.7780358 -0.62822 0 -0.7780358 -0.4877004 0 -0.8730111 -0.4877004 0 -0.8730111 -0.3331297 0 -0.9428811 -0.3331297 0 -0.9428811 -0.169004 0 -0.9856154 -0.1690199 0 -0.9856126 -0.04241329 0 -0.9991002 0 -0.002742886 -0.9999963 0.04241329 0 -0.9991002 0.1690153 0 -0.9856134 0.1690153 0 -0.9856134 0.3331215 0 -0.9428839 0.3331215 0 -0.9428839 0.487699 0 -0.8730118 0.487699 0 -0.8730118 0.6282337 0 -0.7780247 0.6282337 0 -0.7780247 0.7506561 0 -0.6606932 0.7506561 0 -0.6606932 0.8515377 0 -0.5242935 0.8515377 0 -0.5242935 0.9278881 0 -0.3728589 0.9278881 0 -0.3728589 0.9775536 0 -0.2106867 0.9775536 0 -0.2106867 0.9990997 0 -0.0424233 0.9990997 0 -0.0424233 0.991901 0 0.1270132 0.991901 0 0.1270132 0.9561727 0 0.2928035 0.9561727 0 0.2928035 0.8929208 0 0.4502136 0.8929208 0 0.4502136 0.8039968 0 0.5946337 0.8039968 0 0.5946337 0.6919494 0 0.7219461 0.6919494 0 0.7219461 0.5599571 0 0.8285217 0.5599571 0 0.8285217 0.4119211 0 0.9112195 0.4119211 0 0.9112195 0.2519767 0 0.9677333 0.2519767 0 0.9677333 0.08479028 0 0.9963988 0.08479028 0 0.9963988 -0.08479028 0 0.9963988 -0.08479028 0 0.9963988 -0.2519835 0 0.9677315 -0.2519835 0 0.9677315 -0.4119105 0 0.9112243 -0.4119105 0 0.9112243 -0.5599702 0 0.8285129 -0.5599702 0 0.8285129 -0.6919494 0 0.7219461 -0.6919494 0 0.7219461 -0.8039968 0 0.5946337 -0.8039968 0 0.5946337 -0.8929208 0 0.4502136 -0.8929208 0 0.4502136 -0.9561648 0 0.2928292 -0.9561648 0 0.2928292 -0.991901 0 0.1270132 -0.991901 0 0.1270132 -0.9990985 0 -0.04245138 -0.9990985 0 -0.04245138 -0.9775536 0 -0.2106867 -0.9775536 0 -0.2106867 -0.9278978 0 -0.3728346 -0.9278978 0 -0.3728346 -0.8515251 0 -0.5243139 -0.8515251 0 -0.5243139 -0.75067 0 -0.6606773 -0.75067 0 -0.6606773 -0.62822 0 -0.7780358 -0.62822 0 -0.7780358 -0.4877111 0 -0.8730051 -0.4877111 0 -0.8730051 -0.3331127 0 -0.942887 -0.3331127 0 -0.942887 -0.1690199 0 -0.9856126 -0.08479028 0 0.9963988 -0.08479028 0 0.9963988 -0.2519801 0 0.9677325 -0.2519801 0 0.9677325 -0.4119158 0 0.9112219 -0.4119158 0 0.9112219 -0.5599702 0 0.8285129 -0.5599702 0 0.8285129 -0.6919423 0 0.7219528 -0.6919423 0 0.7219528 -0.8039968 0 0.5946337 -0.8039968 0 0.5946337 -0.8929208 0 0.4502136 -0.8929208 0 0.4502136 -0.9561688 0 0.2928163 -0.9561688 0 0.2928163 -0.9918992 0 0.127027 -0.9918992 0 0.127027 -0.9990985 0 -0.04245138 -0.9990985 0 -0.04245138 -0.9775536 0 -0.2106867 -0.9775536 0 -0.2106867 -0.9278929 0 -0.3728468 -0.9278929 0 -0.3728468 -0.8515314 0 -0.5243037 -0.8515314 0 -0.5243037 -0.75067 0 -0.6606773 -0.75067 0 -0.6606773 -0.6282131 0 -0.7780414 -0.6282131 0 -0.7780414 -0.4877111 0 -0.8730051 -0.4877111 0 -0.8730051 -0.3331422 0 -0.9428766 -0.3331422 0 -0.9428766 -0.1689903 0 -0.9856176 -0.1689903 0 -0.9856176 -0.04241329 0 -0.9991002 -0.04241329 0 -0.9991002 0.04241329 0 -0.9991002 0.04241329 0 -0.9991002 0.1689903 0 -0.9856176 0.1689903 0 -0.9856176 0.3331422 0 -0.9428766 0.3331422 0 -0.9428766 0.4877051 0 -0.8730085 0.4877051 0 -0.8730085 0.6282268 0 -0.7780303 0.6282268 0 -0.7780303 0.7506631 0 -0.6606853 0.7506631 0 -0.6606853 0.8515251 0 -0.5243139 0.8515251 0 -0.5243139 0.9278978 0 -0.3728346 0.9278978 0 -0.3728346 0.9775536 0 -0.2106867 0.9775536 0 -0.2106867 0.9990985 0 -0.04245138 0.9990985 0 -0.04245138 0.991901 0 0.1270132 0.991901 0 0.1270132 0.9561648 0 0.2928292 0.9561648 0 0.2928292 0.8929208 0 0.4502136 0.8929208 0 0.4502136 0.8039968 0 0.5946337 0.8039968 0 0.5946337 0.6919494 0 0.7219461 0.6919494 0 0.7219461 0.5599636 0 0.8285172 0.5599636 0 0.8285172 0.4119158 0 0.9112219 0.4119158 0 0.9112219 0.2519801 0 0.9677325 0.2519801 0 0.9677325 0.08479028 0 0.9963988 0.08479028 0 0.9963988 -0.08480787 0 0.9963974 -0.08480787 0 0.9963974 -0.2519824 0 0.9677318 -0.2519824 0 0.9677318 -0.4119003 0 0.9112289 -0.4119003 0 0.9112289 -0.559977 0 0.8285082 -0.559977 0 0.8285082 -0.6919392 0 0.7219558 -0.6919392 0 0.7219558 -0.803992 0 0.5946401 -0.803992 0 0.5946401 -0.892924 0 0.4502076 -0.892924 0 0.4502076 -0.9561699 0 0.2928128 -0.9561699 0 0.2928128 -0.9919001 0 0.1270205 -0.9919001 0 0.1270205 -0.9990991 0 -0.04243826 -0.9990991 0 -0.04243826 -0.9775555 0 -0.2106785 -0.9775555 0 -0.2106785 -0.9278873 0 -0.3728607 -0.9278873 0 -0.3728607 -0.8515288 0 -0.5243079 -0.8515288 0 -0.5243079 -0.7506723 0 -0.6606747 -0.7506723 0 -0.6606747 -0.6282206 0 -0.7780354 -0.6282206 0 -0.7780354 -0.4876952 0 -0.873014 -0.4876952 0 -0.873014 -0.3331413 0 -0.9428769 -0.3331413 0 -0.9428769 -0.169001 0 -0.9856159 -0.169001 0 -0.9856159 -0.04243427 0 -0.9990993 -0.04243427 0 -0.9990993 0.04243427 0 -0.9990993 0.04243427 0 -0.9990993 0.169001 0 -0.9856159 0.169001 0 -0.9856159 0.3331387 0 -0.9428778 0.3331387 0 -0.9428778 0.4876988 0 -0.8730119 0.4876988 0 -0.8730119 0.6282163 0 -0.7780387 0.6282163 0 -0.7780387 0.7506723 0 -0.6606747 0.7506723 0 -0.6606747 0.8515288 0 -0.5243079 0.8515288 0 -0.5243079 0.9278873 0 -0.3728607 0.9278873 0 -0.3728607 0.9775571 0 -0.2106702 0.9775571 0 -0.2106702 0.9990991 0 -0.04243826 0.9990991 0 -0.04243826 0.9919012 0 0.127012 0.9919012 0 0.127012 0.9561674 0 0.2928206 0.9561674 0 0.2928206 0.892924 0 0.4502076 0.892924 0 0.4502076 0.8039962 0 0.5946345 0.8039962 0 0.5946345 0.6919392 0 0.7219558 0.6919392 0 0.7219558 0.559977 0 0.8285082 0.559977 0 0.8285082 0.4119003 0 0.9112289 0.4119003 0 0.9112289 0.2519824 0 0.9677318 0.2519824 0 0.9677318 0.08480709 0 0.9963974 0.08480709 0 0.9963974 -0.08479064 0 0.9963988 -0.08479064 0 0.9963988 -0.2519845 0 0.9677312 -0.2519845 0 0.9677312 -0.4118899 0 0.9112336 -0.4118899 0 0.9112336 -0.5599829 0 0.8285042 -0.5599829 0 0.8285042 -0.6919392 0 0.7219558 -0.6919392 0 0.7219558 -0.8039931 0 0.5946386 -0.8039931 0 0.5946386 -0.892931 0 0.4501937 -0.892931 0 0.4501937 -0.956165 0 0.2928286 -0.956165 0 0.2928286 -0.9918999 0 0.1270216 -0.9918999 0 0.1270216 -0.9990991 0 -0.04243791 -0.9990991 0 -0.04243791 -0.9775537 0 -0.2106868 -0.9775537 0 -0.2106868 -0.9278861 0 -0.3728637 -0.9278861 0 -0.3728637 -0.8515366 0 -0.5242953 -0.8515366 0 -0.5242953 -0.7506637 0 -0.6606844 -0.7506637 0 -0.6606844 -0.6282248 0 -0.778032 -0.6282248 0 -0.778032 -0.4876981 0 -0.8730124 -0.4876981 0 -0.8730124 -0.3331441 0 -0.9428759 -0.3331441 0 -0.9428759 -0.1689897 0 -0.9856178 -0.1689897 0 -0.9856178 0 0 -1 0 0 -1 0.1689926 0 -0.9856173 0.1689926 0 -0.9856173 0.3331387 0 -0.9428778 0.3331387 0 -0.9428778 0.4876981 0 -0.8730124 0.4876981 0 -0.8730124 0.6282248 0 -0.778032 0.6282248 0 -0.778032 0.7506723 0 -0.6606747 0.7506723 0 -0.6606747 0.8515288 0 -0.5243079 0.8515288 0 -0.5243079 0.9278861 0 -0.3728637 0.9278861 0 -0.3728637 0.9775571 0 -0.2106702 0.9775571 0 -0.2106702 0.9990983 0 -0.04245519 0.9990983 0 -0.04245519 0.9918999 0 0.1270216 0.9918999 0 0.1270216 0.956165 0 0.2928286 0.956165 0 0.2928286 0.892931 0 0.4501937 0.892931 0 0.4501937 0.8039931 0 0.5946386 0.8039931 0 0.5946386 0.6919392 0 0.7219558 0.6919392 0 0.7219558 0.5599829 0 0.8285042 0.5599829 0 0.8285042 0.4118899 0 0.9112336 0.4118899 0 0.9112336 0.2519845 0 0.9677312 0.2519845 0 0.9677312 0.08478921 0 0.9963989 0.08478921 0 0.9963989 -0.08480787 0 0.9963974 -0.08480787 0 0.9963974 -0.2519845 0 0.9677312 -0.2519845 0 0.9677312 -0.4118899 0 0.9112336 -0.4118899 0 0.9112336 -0.5599829 0 0.8285042 -0.5599829 0 0.8285042 -0.6919305 0 0.7219641 -0.6919305 0 0.7219641 -0.8039931 0 0.5946386 -0.8039931 0 0.5946386 -0.892931 0 0.4501937 -0.892931 0 0.4501937 -0.956165 0 0.2928286 -0.956165 0 0.2928286 -0.9918999 0 0.1270216 -0.9918999 0 0.1270216 -0.9990991 0 -0.04243862 -0.9990991 0 -0.04243862 -0.9775544 0 -0.2106832 -0.9775544 0 -0.2106832 -0.9278861 0 -0.3728637 -0.9278861 0 -0.3728637 -0.8515288 0 -0.5243079 -0.8515288 0 -0.5243079 -0.7506723 0 -0.6606747 -0.7506723 0 -0.6606747 -0.6282163 0 -0.7780387 -0.6282163 0 -0.7780387 -0.4876849 0 -0.8730198 -0.4876849 0 -0.8730198 -0.3331441 0 -0.9428759 -0.3331441 0 -0.9428759 -0.1690094 0 -0.9856145 -0.1690094 0 -0.9856145 0 0 -1 0 0 -1 0.1690065 0 -0.9856149 0.1690065 0 -0.9856149 0.3331387 0 -0.9428778 0.3331387 0 -0.9428778 0.4876922 0 -0.8730156 0.4876922 0 -0.8730156 0.6282163 0 -0.7780387 0.6282163 0 -0.7780387 0.7506723 0 -0.6606747 0.7506723 0 -0.6606747 0.8515288 0 -0.5243079 0.8515288 0 -0.5243079 0.9278922 0 -0.3728489 0.9278922 0 -0.3728489 0.9775544 0 -0.2106832 0.9775544 0 -0.2106832 0.9990991 0 -0.04243862 0.9990991 0 -0.04243862 0.9918999 0 0.1270216 0.9918999 0 0.1270216 0.9561699 0 0.2928128 0.9561699 0 0.2928128 0.8929239 0 0.4502075 0.8929239 0 0.4502075 0.8040013 0 0.5946274 0.8040013 0 0.5946274 0.6919305 0 0.7219641 0.6919305 0 0.7219641 0.5599829 0 0.8285042 0.5599829 0 0.8285042 0.4118964 0 0.9112307 0.4118964 0 0.9112307 0.2519845 0 0.9677312 0.2519845 0 0.9677312 0.08480638 0 0.9963974 0.08480638 0 0.9963974 -0.08480548 0 0.9963976 -0.08480548 0 0.9963976 -0.2519842 0 0.9677314 -0.2519842 0 0.9677314 -0.4118968 0 0.9112305 -0.4118968 0 0.9112305 -0.5599726 0 0.8285112 -0.5599726 0 0.8285112 -0.6919404 0 0.7219545 -0.6919404 0 0.7219545 -0.8039981 0 0.594632 -0.8039981 0 0.594632 -0.8929243 0 0.4502068 -0.8929243 0 0.4502068 -0.9561673 0 0.2928207 -0.9561673 0 0.2928207 -0.9919011 0 0.1270126 -0.9919011 0 0.1270126 -0.999099 0 -0.04243999 -0.999099 0 -0.04243999 -0.9775553 0 -0.2106788 -0.9775553 0 -0.2106788 -0.9278866 0 -0.3728625 -0.9278866 0 -0.3728625 -0.8515306 0 -0.5243049 -0.8515306 0 -0.5243049 -0.7506769 0 -0.6606695 -0.7506769 0 -0.6606695 -0.6282141 0 -0.7780405 -0.6282141 0 -0.7780405 -0.4877014 0 -0.8730105 -0.4877014 0 -0.8730105 -0.333133 0 -0.9428799 -0.333133 0 -0.9428799 -0.1690108 0 -0.9856142 -0.1690108 0 -0.9856142 -0.04242432 0 -0.9990997 -0.04242432 0 -0.9990997 0.04242432 0 -0.9990997 0.04242432 0 -0.9990997 0.1690108 0 -0.9856142 0.1690108 0 -0.9856142 0.3331307 0 -0.9428807 0.3331307 0 -0.9428807 0.4877046 0 -0.8730087 0.4877046 0 -0.8730087 0.6282141 0 -0.7780405 0.6282141 0 -0.7780405 0.7506769 0 -0.6606695 0.7506769 0 -0.6606695 0.8515306 0 -0.5243049 0.8515306 0 -0.5243049 0.9278841 0 -0.3728689 0.9278841 0 -0.3728689 0.9775553 0 -0.2106788 0.9775553 0 -0.2106788 0.9990993 0 -0.04243254 0.9990993 0 -0.04243254 0.9919011 0 0.1270126 0.9919011 0 0.1270126 0.9561653 0 0.2928276 0.9561653 0 0.2928276 0.8929288 0 0.4501979 0.8929288 0 0.4501979 0.8039981 0 0.594632 0.8039981 0 0.594632 0.6919386 0 0.7219564 0.6919386 0 0.7219564 0.5599726 0 0.8285112 0.5599726 0 0.8285112 0.4118968 0 0.9112305 0.4118968 0 0.9112305 0.2519842 0 0.9677314 0.2519842 0 0.9677314 0.08480548 0 0.9963976 0.08480548 0 0.9963976 0 -1 0 0 -1 0 0 -1 0 0 -1 0 0 -1 0 0 -1 0 0 -1 0 0 -1 0 0 -1 0 0 -1 0 0 -1 0 0 -1 0 0 -1 0 0 -1 0 0 -1 0 0 -1 0 0 -1 0 0 -1 0 0 -1 0 0 -1 0 0 -1 0 0 -1 0 0 -1 0 0 -1 0 0 -1 0 0 -1 0 0 -1 0 0 -1 0 0 -1 0 0 -1 0 0 -1 0 0 -1 0 0 -1 0 0 -1 0 0 -1 0 0 -1 0 0 -1 0 0 -1 0 0 -1 0 0 -1 0 0 -1 0 0 -1 0 0 -1 0 0 -1 0 0 -1 0 0 -1 0 0 -1 0 0 -1 0 0 -1 0 0 -1 0 0 -1 0 0 -1 0 0 -1 0 0 -1 0 0 -1 0 0 -1 0 0 -1 0 0 -1 0 0 -1 0 0 -1 0 0 -1 0 0 -1 0 0 -1 0 0 -1 0 0 -1 0 0 -1 0 0 -1 0 0 -1 0 0 -1 0 0 -1 0 0 -1 0 0 -1 0 0 -1 0 0 -1 0 0 -1 0 0 -1 0 -0.08480489 0 0.9963976 -0.08480489 0 0.9963976 -0.2519861 0 0.9677309 -0.2519861 0 0.9677309 -0.4118996 0 0.9112292 -0.4118996 0 0.9112292 -0.5599726 0 0.8285112 -0.5599726 0 0.8285112 -0.6919386 0 0.7219564 -0.6919386 0 0.7219564 -0.8039945 0 0.5946368 -0.8039945 0 0.5946368 -0.8929318 0 0.4501919 -0.8929318 0 0.4501919 -0.9561653 0 0.2928276 -0.9561653 0 0.2928276 -0.9919011 0 0.1270126 -0.9919011 0 0.1270126 -0.9990993 0 -0.04243254 -0.9990993 0 -0.04243254 -0.9775553 0 -0.2106788 -0.9775553 0 -0.2106788 -0.9278841 0 -0.3728689 -0.9278841 0 -0.3728689 -0.8515306 0 -0.5243049 -0.8515306 0 -0.5243049 -0.7506769 0 -0.6606695 -0.7506769 0 -0.6606695 -0.6282177 0 -0.7780376 -0.6282177 0 -0.7780376 -0.4877014 0 -0.8730105 -0.4877014 0 -0.8730105 -0.3331307 0 -0.9428807 -0.3331307 0 -0.9428807 -0.1690121 0 -0.985614 -0.1690121 0 -0.985614 -0.04242432 0 -0.9990997 -0.04242432 0 -0.9990997 0.04242432 0 -0.9990997 0.04242432 0 -0.9990997 0.1690096 0 -0.9856144 0.1690096 0 -0.9856144 0.3331354 0 -0.942879 0.3331354 0 -0.942879 0.4877014 0 -0.8730105 0.4877014 0 -0.8730105 0.6282104 0 -0.7780435 0.6282104 0 -0.7780435 0.7506769 0 -0.6606695 0.7506769 0 -0.6606695 0.8515306 0 -0.5243049 0.8515306 0 -0.5243049 0.9278866 0 -0.3728625 0.9278866 0 -0.3728625 0.9775553 0 -0.2106788 0.9775553 0 -0.2106788 0.999099 0 -0.04243999 0.999099 0 -0.04243999 0.9919002 0 0.12702 0.9919002 0 0.12702 0.9561673 0 0.2928207 0.9561673 0 0.2928207 0.8929257 0 0.4502038 0.8929257 0 0.4502038 0.8039981 0 0.594632 0.8039981 0 0.594632 0.6919348 0 0.72196 0.6919348 0 0.72196 0.5599796 0 0.8285065 0.5599796 0 0.8285065 0.411894 0 0.9112318 0.411894 0 0.9112318 0.2519861 0 0.9677309 0.2519861 0 0.9677309 0.08480489 0 0.9963976 0.08480489 0 0.9963976 0 -1 0 0 -1 0 0 -1 0 0 -1 0 0 -1 0 0 -1 0 0 -1 0 0 -1 0 0 -1 0 0 -1 0 0 -1 0 0 -1 0 0 -1 0 0 -1 0 0 -1 0 0 -1 0 0 -1 0 0 -1 0 0 -1 0 0 -1 0 0 -1 0 0 -1 0 0 -1 0 0 -1 0 0 -1 0 0 -1 0 0 -1 0 0 -1 0 0 -1 0 0 -1 0 0 -1 0 0 -1 0 0 -1 0 0 -1 0 0 -1 0 0 -1 0 0 -1 0 0 -1 0 0 -1 0 0 -1 0 0 -1 0 0 -1 0 0 -1 0 0 -1 0 0 -1 0 0 -1 0 0 -1 0 0 -1 0 0 -1 0 0 -1 0 0 -1 0 0 -1 0 0 -1 0 0 -1 0 0 -1 0 0 -1 0 0 -1 0 0 -1 0 0 -1 0 0 -1 0 0 -1 0 0 -1 0 0 -1 0 0 -1 0 0 -1 0 0 -1 0 0 -1 0 0 -1 0 0 -1 0 0 -1 0 0 -1 0 0 -1 0 0 -1 0 0 -1 0 0 -1 0 0 -1 0 -0.08480548 0 0.9963976 -0.08480548 0 0.9963976 -0.2519772 0 0.9677332 -0.2519772 0 0.9677332 -0.4118968 0 0.9112305 -0.4118968 0 0.9112305 -0.5599761 0 0.8285088 -0.5599761 0 0.8285088 -0.6919388 0 0.7219562 -0.6919388 0 0.7219562 -0.8039981 0 0.594632 -0.8039981 0 0.594632 -0.8929274 0 0.4502009 -0.8929274 0 0.4502009 -0.9561653 0 0.2928276 -0.9561653 0 0.2928276 -0.9919009 0 0.1270136 -0.9919009 0 0.1270136 -0.999099 0 -0.04243999 -0.999099 0 -0.04243999 -0.9775556 0 -0.2106773 -0.9775556 0 -0.2106773 -0.9278876 0 -0.3728598 -0.9278876 0 -0.3728598 -0.8515306 0 -0.5243049 -0.8515306 0 -0.5243049 -0.7506737 0 -0.6606732 -0.7506737 0 -0.6606732 -0.6282187 0 -0.7780369 -0.6282187 0 -0.7780369 -0.4876956 0 -0.8730137 -0.4876956 0 -0.8730137 -0.3331397 0 -0.9428774 -0.3331397 0 -0.9428774 -0.1689962 0 -0.9856167 -0.1689962 0 -0.9856167 -0.04243928 0 -0.999099 -0.04243928 0 -0.999099 0.04243928 0 -0.999099 0.04243928 0 -0.999099 0.168995 0 -0.9856169 0.168995 0 -0.9856169 0.3331397 0 -0.9428774 0.3331397 0 -0.9428774 0.4876988 0 -0.8730119 0.4876988 0 -0.8730119 0.6282187 0 -0.7780369 0.6282187 0 -0.7780369 0.7506737 0 -0.6606732 0.7506737 0 -0.6606732 0.8515273 0 -0.5243104 0.8515273 0 -0.5243104 0.9278903 0 -0.3728534 0.9278903 0 -0.3728534 0.9775556 0 -0.2106773 0.9775556 0 -0.2106773 0.9990987 0 -0.0424475 0.9990987 0 -0.0424475 0.9919 0 0.127021 0.9919 0 0.127021 0.9561673 0 0.2928207 0.9561673 0 0.2928207 0.8929243 0 0.4502069 0.8929243 0 0.4502069 0.8039981 0 0.594632 0.8039981 0 0.594632 0.6919388 0 0.7219562 0.6919388 0 0.7219562 0.5599761 0 0.8285088 0.5599761 0 0.8285088 0.4118968 0 0.9112305 0.4118968 0 0.9112305 0.2519791 0 0.9677327 0.2519791 0 0.9677327 0.08480489 0 0.9963976 0.08480489 0 0.9963976 0 -1 0 0 -1 0 0 -1 0 0 -1 0 0 -1 0 0 -1 0 0 -1 0 0 -1 0 0 -1 0 0 -1 0 0 -1 0 0 -1 0 0 -1 0 0 -1 0 0 -1 0 0 -1 0 0 -1 0 0 -1 0 0 -1 0 0 -1 0 0 -1 0 0 -1 0 0 -1 0 0 -1 0 0 -1 0 0 -1 0 0 -1 0 0 -1 0 0 -1 0 0 -1 0 0 -1 0 0 -1 0 0 -1 0 0 -1 0 0 -1 0 0 -1 0 0 -1 0 0 -1 0 0 -1 0 0 -1 0 0 -1 0 0 -1 0 0 -1 0 0 -1 0 0 -1 0 0 -1 0 0 -1 0 0 -1 0 0 -1 0 0 -1 0 0 -1 0 0 -1 0 0 -1 0 0 -1 0 0 -1 0 0 -1 0 0 -1 0 0 -1 0 0 -1 0 0 -1 0 0 -1 0 0 -1 0 0 -1 0 0 -1 0 0 -1 0 0 -1 0 0 -1 0 0 -1 0 0 -1 0 0 -1 0 0 -1 0 0 -1 0 0 -1 0 0 -1 0 0 -1 0 0 -1 0 -0.08480614 0 0.9963975 -0.08480614 0 0.9963975 -0.2519684 0 0.9677355 -0.2519684 0 0.9677355 -0.4119058 0 0.9112264 -0.4119058 0 0.9112264 -0.5599726 0 0.8285112 -0.5599726 0 0.8285112 -0.6919425 0 0.7219527 -0.6919425 0 0.7219527 -0.8039945 0 0.5946368 -0.8039945 0 0.5946368 -0.8929303 0 0.4501949 -0.8929303 0 0.4501949 -0.9561653 0 0.2928276 -0.9561653 0 0.2928276 -0.9919011 0 0.1270126 -0.9919011 0 0.1270126 -0.9990993 0 -0.04243284 -0.9990993 0 -0.04243284 -0.9775556 0 -0.2106773 -0.9775556 0 -0.2106773 -0.9278851 0 -0.3728663 -0.9278851 0 -0.3728663 -0.8515306 0 -0.5243049 -0.8515306 0 -0.5243049 -0.7506737 0 -0.6606732 -0.7506737 0 -0.6606732 -0.6282222 0 -0.7780339 -0.6282222 0 -0.7780339 -0.4876956 0 -0.8730137 -0.4876956 0 -0.8730137 -0.3331373 0 -0.9428783 -0.3331373 0 -0.9428783 -0.1689975 0 -0.9856165 -0.1689975 0 -0.9856165 -0.04245424 0 -0.9990984 -0.04245424 0 -0.9990984 0.04245424 0 -0.9990984 0.04245424 0 -0.9990984 0.168995 0 -0.9856169 0.168995 0 -0.9856169 0.3331421 0 -0.9428767 0.3331421 0 -0.9428767 0.4876956 0 -0.8730137 0.4876956 0 -0.8730137 0.628215 0 -0.7780398 0.628215 0 -0.7780398 0.7506737 0 -0.6606732 0.7506737 0 -0.6606732 0.8515306 0 -0.5243049 0.8515306 0 -0.5243049 0.9278903 0 -0.3728534 0.9278903 0 -0.3728534 0.9775556 0 -0.2106773 0.9775556 0 -0.2106773 0.9990987 0 -0.0424478 0.9990987 0 -0.0424478 0.9919011 0 0.1270126 0.9919011 0 0.1270126 0.9561653 0 0.2928276 0.9561653 0 0.2928276 0.8929243 0 0.4502069 0.8929243 0 0.4502069 0.8040016 0 0.5946271 0.8040016 0 0.5946271 0.6919425 0 0.7219527 0.6919425 0 0.7219527 0.5599726 0 0.8285112 0.5599726 0 0.8285112 0.4119002 0 0.911229 0.4119002 0 0.911229 0.251972 0 0.9677346 0.251972 0 0.9677346 0.08480489 0 0.9963976 0.08480489 0 0.9963976 0 -1 0 0 -1 0 0 -1 0 0 -1 0 0 -1 0 0 -1 0 0 -1 0 0 -1 0 0 -1 0 0 -1 0 0 -1 0 0 -1 0 0 -1 0 0 -1 0 0 -1 0 0 -1 0 0 -1 0 0 -1 0 0 -1 0 0 -1 0 0 -1 0 0 -1 0 0 -1 0 0 -1 0 0 -1 0 0 -1 0 0 -1 0 0 -1 0 0 -1 0 0 -1 0 0 -1 0 0 -1 0 0 -1 0 0 -1 0 0 -1 0 0 -1 0 0 -1 0 0 -1 0 0 -1 0 0 -1 0 0 -1 0 0 -1 0 0 -1 0 0 -1 0 0 -1 0 0 -1 0 0 -1 0 0 -1 0 0 -1 0 0 -1 0 0 -1 0 0 -1 0 0 -1 0 0 -1 0 0 -1 0 0 -1 0 0 -1 0 0 -1 0 0 -1 0 0 -1 0 0 -1 0 0 -1 0 0 -1 0 0 -1 0 0 -1 0 0 -1 0 0 -1 0 0 -1 0 0 -1 0 0 -1 0 0 -1 0 0 -1 0 0 -1 0 0 -1 0 0 -1 0 0 -1 0</float_array>
          <technique_common>
            <accessor source="#Lidar_mount-mesh-normals-array" count="2580" stride="3">
              <param name="X" type="float"/>
              <param name="Y" type="float"/>
              <param name="Z" type="float"/>
            </accessor>
          </technique_common>
        </source>
        <vertices id="Lidar_mount-mesh-vertices">
          <input semantic="POSITION" source="#Lidar_mount-mesh-positions"/>
        </vertices>
        <triangles material="Material_001-material" count="2580">
          <input semantic="VERTEX" source="#Lidar_mount-mesh-vertices" offset="0"/>
          <input semantic="NORMAL" source="#Lidar_mount-mesh-normals" offset="1"/>
          <p>0 0 1 0 2 0 3 1 4 1 5 1 6 2 7 2 4 2 8 3 9 3 10 3 11 4 12 4 13 4 14 5 15 5 16 5 16 6 15 6 17 6 14 7 18 7 15 7 15 8 18 8 19 8 15 9 19 9 20 9 21 10 22 10 23 10 23 11 22 11 24 11 25 12 26 12 27 12 21 13 28 13 22 13 22 14 28 14 29 14 22 15 29 15 30 15 31 16 32 16 33 16 33 17 32 17 34 17 33 18 34 18 35 18 35 19 36 19 33 19 33 20 36 20 37 20 33 21 37 21 27 21 27 22 37 22 38 22 27 23 38 23 25 23 30 24 39 24 22 24 22 25 39 25 40 25 22 26 40 26 33 26 33 27 40 27 41 27 33 28 41 28 31 28 42 29 43 29 44 29 44 30 43 30 27 30 44 31 27 31 45 31 45 32 27 32 26 32 46 33 47 33 48 33 48 34 47 34 49 34 48 35 49 35 50 35 46 36 48 36 44 36 44 37 48 37 51 37 44 38 51 38 42 38 52 39 53 39 54 39 54 40 53 40 55 40 54 41 55 41 56 41 57 42 58 42 54 42 54 43 58 43 59 43 54 44 59 44 52 44 60 45 61 45 62 45 62 46 61 46 63 46 63 47 64 47 62 47 62 48 64 48 65 48 62 49 65 49 66 49 66 50 65 50 67 50 66 51 67 51 68 51 69 52 66 52 70 52 70 53 66 53 71 53 68 54 72 54 66 54 66 55 72 55 73 55 66 56 73 56 71 56 74 57 75 57 76 57 76 58 75 58 77 58 78 59 79 59 80 59 80 60 79 60 81 60 77 61 82 61 76 61 76 62 82 62 83 62 76 63 83 63 84 63 85 64 86 64 87 64 87 65 86 65 88 65 88 66 86 66 89 66 88 67 89 67 90 67 90 68 91 68 88 68 88 69 91 69 92 69 88 70 92 70 62 70 62 71 92 71 93 71 62 72 93 72 60 72 80 73 94 73 95 73 81 74 96 74 80 74 80 75 96 75 97 75 80 76 97 76 94 76 98 77 99 77 87 77 99 78 100 78 87 78 87 79 100 79 101 79 87 80 101 80 85 80 95 81 102 81 80 81 80 82 102 82 103 82 80 83 103 83 98 83 104 84 105 84 66 84 66 85 105 85 106 85 66 86 106 86 107 86 108 87 109 87 110 87 110 88 109 88 107 88 107 89 109 89 66 89 66 90 109 90 111 90 66 91 111 91 62 91 13 92 12 92 108 92 108 93 12 93 112 93 108 94 112 94 109 94 113 95 114 95 115 95 115 96 114 96 116 96 115 97 116 97 13 97 13 98 116 98 117 98 13 99 117 99 11 99 118 100 119 100 113 100 113 101 119 101 120 101 113 102 120 102 121 102 118 103 113 103 122 103 122 104 113 104 123 104 122 105 123 105 124 105 121 106 125 106 113 106 113 107 125 107 126 107 113 108 126 108 114 108 114 109 126 109 127 109 114 110 127 110 128 110 128 111 129 111 114 111 114 112 129 112 130 112 114 113 130 113 131 113 132 114 133 114 134 114 134 115 133 115 114 115 134 116 114 116 135 116 135 117 114 117 131 117 132 118 136 118 133 118 133 119 136 119 137 119 133 120 137 120 138 120 138 121 137 121 139 121 138 122 139 122 140 122 140 123 139 123 141 123 140 124 141 124 142 124 142 125 141 125 143 125 142 126 143 126 144 126 144 127 143 127 145 127 144 128 145 128 146 128 146 129 145 129 147 129 146 130 147 130 148 130 148 131 147 131 149 131 148 132 149 132 150 132 150 133 149 133 151 133 150 134 151 134 152 134 152 135 151 135 153 135 152 136 153 136 154 136 154 137 153 137 155 137 154 138 155 138 156 138 156 139 155 139 157 139 156 140 157 140 158 140 158 141 157 141 159 141 158 142 159 142 160 142 160 143 159 143 161 143 160 144 161 144 162 144 162 145 161 145 163 145 162 146 163 146 164 146 164 147 163 147 165 147 164 148 165 148 166 148 166 149 165 149 167 149 166 150 167 150 168 150 168 151 167 151 169 151 168 152 169 152 170 152 170 153 169 153 171 153 170 154 171 154 172 154 172 155 171 155 173 155 172 156 173 156 123 156 123 157 173 157 174 157 123 158 174 158 124 158 175 159 176 159 177 159 178 160 179 160 180 160 180 161 179 161 181 161 180 162 181 162 182 162 182 163 183 163 184 163 184 164 183 164 185 164 186 165 187 165 27 165 188 166 189 166 190 166 186 167 27 167 191 167 188 168 190 168 27 168 27 169 190 169 192 169 27 170 192 170 191 170 187 171 193 171 27 171 27 172 193 172 194 172 27 173 194 173 195 173 195 174 196 174 27 174 27 175 196 175 197 175 27 176 197 176 33 176 33 177 197 177 198 177 33 178 198 178 199 178 200 179 201 179 202 179 202 180 201 180 203 180 202 181 203 181 204 181 204 182 203 182 205 182 204 183 205 183 206 183 206 184 205 184 207 184 206 185 207 185 180 185 180 186 207 186 208 186 180 187 208 187 178 187 185 188 209 188 184 188 184 189 209 189 210 189 184 190 210 190 188 190 188 191 210 191 211 191 188 192 211 192 212 192 213 193 214 193 33 193 33 194 214 194 215 194 33 195 215 195 202 195 202 196 215 196 216 196 202 197 216 197 200 197 212 198 217 198 188 198 188 199 217 199 218 199 188 200 218 200 189 200 199 201 219 201 33 201 33 202 219 202 220 202 33 203 220 203 213 203 182 204 184 204 180 204 180 205 184 205 221 205 180 206 221 206 222 206 222 207 221 207 223 207 223 208 221 208 224 208 223 209 224 209 225 209 225 210 226 210 223 210 223 211 226 211 227 211 223 212 227 212 228 212 43 213 229 213 27 213 27 214 229 214 230 214 27 215 230 215 231 215 231 216 232 216 27 216 27 217 232 217 233 217 27 218 233 218 188 218 234 219 235 219 54 219 54 220 235 220 236 220 50 221 57 221 48 221 48 222 57 222 54 222 48 223 54 223 237 223 237 224 54 224 236 224 238 225 239 225 2 225 2 226 239 226 240 226 2 227 240 227 241 227 10 228 242 228 1 228 1 229 242 229 243 229 1 230 243 230 2 230 2 231 243 231 244 231 2 232 244 232 238 232 245 233 246 233 247 233 248 234 249 234 1 234 9 235 250 235 10 235 10 236 250 236 251 236 10 237 251 237 245 237 245 238 251 238 252 238 245 239 252 239 246 239 249 240 253 240 1 240 1 241 253 241 254 241 1 242 254 242 255 242 247 243 256 243 245 243 245 244 256 244 257 244 245 245 257 245 258 245 258 246 257 246 259 246 258 247 259 247 260 247 255 248 261 248 1 248 1 249 261 249 262 249 1 250 262 250 10 250 10 251 262 251 263 251 10 252 263 252 8 252 264 253 265 253 0 253 266 254 267 254 0 254 0 255 267 255 268 255 0 256 268 256 1 256 1 257 268 257 269 257 1 258 269 258 248 258 260 259 270 259 258 259 258 260 270 260 271 260 258 261 271 261 272 261 273 262 274 262 275 262 275 263 274 263 272 263 275 264 272 264 276 264 276 265 272 265 271 265 273 266 277 266 274 266 274 267 277 267 278 267 274 268 278 268 279 268 280 269 281 269 0 269 0 270 281 270 282 270 0 271 282 271 266 271 265 272 283 272 0 272 0 273 283 273 284 273 0 274 284 274 280 274 285 275 286 275 287 275 287 276 286 276 288 276 288 277 289 277 287 277 287 278 289 278 290 278 287 279 290 279 291 279 279 280 264 280 274 280 274 281 264 281 0 281 274 282 0 282 292 282 292 283 0 283 293 283 4 284 7 284 5 284 5 285 7 285 294 285 5 286 294 286 295 286 4 287 296 287 297 287 297 288 298 288 4 288 4 289 298 289 299 289 4 290 299 290 6 290 300 291 301 291 296 291 300 292 296 292 302 292 303 293 304 293 4 293 4 294 304 294 305 294 306 295 307 295 308 295 308 296 307 296 309 296 305 297 310 297 4 297 4 298 310 298 311 298 4 299 311 299 312 299 301 300 313 300 296 300 296 301 313 301 314 301 296 302 314 302 307 302 307 303 314 303 315 303 307 304 315 304 309 304 312 305 316 305 4 305 4 306 316 306 317 306 4 307 317 307 296 307 296 308 317 308 318 308 296 309 318 309 302 309 306 310 319 310 320 310 320 311 319 311 321 311 320 312 321 312 322 312 322 313 323 313 320 313 320 314 323 314 324 314 320 315 324 315 325 315 325 316 324 316 326 316 325 317 326 317 327 317 327 318 326 318 328 318 327 319 328 319 329 319 328 320 330 320 329 320 329 321 330 321 331 321 329 322 331 322 332 322 333 323 334 323 3 323 3 324 334 324 335 324 3 325 335 325 336 325 337 326 338 326 3 326 3 327 338 327 339 327 3 328 339 328 4 328 4 329 339 329 340 329 4 330 340 330 303 330 336 331 341 331 3 331 3 332 341 332 342 332 3 333 342 333 337 333 306 334 320 334 307 334 307 335 320 335 343 335 307 336 343 336 344 336 345 337 346 337 347 337 344 338 348 338 307 338 307 339 348 339 345 339 307 340 345 340 349 340 349 341 345 341 347 341 332 342 333 342 329 342 329 343 333 343 3 343 329 344 3 344 350 344 350 345 3 345 351 345 352 346 353 346 354 346 355 347 356 347 351 347 351 348 356 348 357 348 351 349 357 349 358 349 359 350 360 350 354 350 354 351 360 351 361 351 354 352 361 352 362 352 362 353 363 353 354 353 354 354 363 354 364 354 354 355 364 355 351 355 351 356 364 356 365 356 351 357 365 357 355 357 366 358 367 358 368 358 368 359 367 359 369 359 369 360 370 360 368 360 368 361 370 361 371 361 368 362 371 362 372 362 372 363 371 363 373 363 372 364 373 364 374 364 374 365 375 365 372 365 372 366 375 366 376 366 372 367 376 367 377 367 377 368 378 368 372 368 372 369 378 369 379 369 372 370 379 370 380 370 353 371 381 371 354 371 354 372 381 372 382 372 354 373 382 373 359 373 358 374 383 374 351 374 351 375 383 375 384 375 351 376 384 376 385 376 385 377 384 377 386 377 385 378 386 378 387 378 386 379 388 379 387 379 387 380 388 380 389 380 387 381 389 381 368 381 368 382 389 382 390 382 368 383 390 383 366 383 380 384 391 384 372 384 372 385 391 385 392 385 372 386 392 386 393 386 394 387 395 387 396 387 396 388 395 388 397 388 398 389 395 389 399 389 398 390 400 390 395 390 395 391 400 391 401 391 395 392 401 392 397 392 394 393 396 393 402 393 402 394 396 394 403 394 402 395 403 395 404 395 405 396 406 396 407 396 407 397 408 397 405 397 405 398 408 398 409 398 405 399 409 399 404 399 404 400 409 400 410 400 404 401 410 401 402 401 411 402 407 402 412 402 412 403 407 403 406 403 412 404 406 404 413 404 413 405 406 405 414 405 411 406 415 406 407 406 407 407 415 407 416 407 407 408 416 408 417 408 418 409 419 409 420 409 420 410 419 410 421 410 420 411 421 411 422 411 422 412 421 412 423 412 422 413 423 413 424 413 424 414 423 414 425 414 424 415 425 415 426 415 426 416 425 416 427 416 426 417 427 417 428 417 428 418 427 418 429 418 428 419 429 419 430 419 430 420 429 420 431 420 430 421 431 421 432 421 432 422 431 422 433 422 432 423 433 423 434 423 434 424 433 424 435 424 434 425 435 425 436 425 436 426 435 426 437 426 436 427 437 427 438 427 438 428 437 428 439 428 440 429 441 429 442 429 417 430 443 430 407 430 407 431 443 431 444 431 407 432 444 432 437 432 437 433 444 433 445 433 437 434 445 434 439 434 441 435 440 435 446 435 446 436 440 436 447 436 446 437 447 437 448 437 448 438 447 438 449 438 448 439 449 439 450 439 450 440 449 440 451 440 450 441 451 441 452 441 452 442 451 442 453 442 452 443 453 443 454 443 454 444 453 444 455 444 454 445 455 445 456 445 456 446 455 446 457 446 456 447 457 447 458 447 458 448 457 448 459 448 458 449 459 449 460 449 460 450 459 450 461 450 460 451 461 451 418 451 418 452 461 452 462 452 418 453 462 453 419 453 463 454 464 454 406 454 406 455 464 455 465 455 406 456 465 456 414 456 442 457 466 457 440 457 440 458 466 458 467 458 440 459 467 459 406 459 406 460 467 460 468 460 406 461 468 461 463 461 469 462 470 462 80 462 80 463 470 463 471 463 80 464 471 464 472 464 98 465 87 465 80 465 80 466 87 466 473 466 80 467 473 467 469 467 291 468 293 468 287 468 287 469 293 469 0 469 287 470 0 470 474 470 474 471 0 471 2 471 474 472 2 472 54 472 54 473 2 473 241 473 54 474 241 474 234 474 295 475 285 475 5 475 5 476 285 476 287 476 5 477 287 477 475 477 475 478 287 478 474 478 475 479 474 479 476 479 476 480 474 480 54 480 476 481 54 481 15 481 15 482 54 482 56 482 15 483 56 483 17 483 351 484 3 484 354 484 354 485 3 485 5 485 354 486 5 486 477 486 477 487 5 487 475 487 477 488 475 488 478 488 478 489 475 489 476 489 478 490 476 490 479 490 479 491 476 491 15 491 479 492 15 492 22 492 22 493 15 493 20 493 22 494 20 494 24 494 84 495 78 495 76 495 76 496 78 496 80 496 76 497 80 497 480 497 480 498 80 498 472 498 480 499 472 499 481 499 69 500 74 500 66 500 66 501 74 501 76 501 66 502 76 502 482 502 482 503 76 503 480 503 482 504 480 504 398 504 398 505 480 505 481 505 398 506 481 506 400 506 176 507 104 507 177 507 177 508 104 508 66 508 177 509 66 509 483 509 483 510 66 510 482 510 483 511 482 511 484 511 484 512 482 512 398 512 484 513 398 513 372 513 372 514 398 514 399 514 372 515 399 515 368 515 202 516 485 516 33 516 33 517 485 517 175 517 33 518 175 518 22 518 22 519 175 519 177 519 22 520 177 520 479 520 479 521 177 521 483 521 479 522 483 522 478 522 478 523 483 523 484 523 478 524 484 524 477 524 477 525 484 525 372 525 477 526 372 526 354 526 354 527 372 527 393 527 354 528 393 528 352 528 486 529 487 529 488 529 489 530 490 530 491 530 492 531 493 531 491 531 494 532 495 532 496 532 497 533 498 533 499 533 500 534 501 534 502 534 502 535 503 535 500 535 500 536 503 536 504 536 500 537 504 537 505 537 505 538 504 538 506 538 507 539 508 539 509 539 500 540 510 540 501 540 501 541 510 541 508 541 501 542 508 542 511 542 511 543 508 543 507 543 512 544 513 544 514 544 509 545 515 545 507 545 507 546 515 546 512 546 507 547 512 547 516 547 516 548 512 548 514 548 517 549 518 549 519 549 518 550 517 550 520 550 520 551 517 551 521 551 520 552 521 552 522 552 522 553 521 553 523 553 522 554 523 554 524 554 524 555 523 555 525 555 524 556 525 556 526 556 526 557 525 557 527 557 526 558 527 558 528 558 528 559 527 559 529 559 528 560 529 560 530 560 530 561 529 561 531 561 530 562 531 562 532 562 532 563 531 563 533 563 532 564 533 564 534 564 535 565 536 565 513 565 513 566 536 566 537 566 513 567 537 567 538 567 539 568 540 568 514 568 514 569 540 569 541 569 533 570 542 570 534 570 534 571 542 571 543 571 534 572 543 572 544 572 544 573 543 573 545 573 544 574 545 574 546 574 546 575 545 575 547 575 546 576 547 576 548 576 548 577 547 577 549 577 548 578 549 578 550 578 550 579 549 579 551 579 550 580 551 580 552 580 552 581 551 581 553 581 552 582 553 582 554 582 554 583 553 583 555 583 554 584 555 584 556 584 556 585 555 585 557 585 556 586 557 586 558 586 558 587 557 587 559 587 558 588 559 588 560 588 560 589 559 589 561 589 560 590 561 590 562 590 562 591 561 591 563 591 562 592 563 592 564 592 564 593 563 593 565 593 519 594 566 594 517 594 517 595 566 595 567 595 517 596 567 596 513 596 513 597 567 597 568 597 513 598 568 598 535 598 538 599 569 599 513 599 513 600 569 600 570 600 513 601 570 601 514 601 514 602 570 602 571 602 514 603 571 603 539 603 541 604 572 604 514 604 514 605 572 605 573 605 514 606 573 606 563 606 563 607 573 607 574 607 563 608 574 608 565 608 575 609 576 609 577 609 577 610 578 610 579 610 580 611 581 611 582 611 582 612 581 612 583 612 576 613 584 613 577 613 577 614 584 614 585 614 577 615 585 615 578 615 506 616 586 616 587 616 587 617 588 617 506 617 506 618 588 618 589 618 506 619 589 619 590 619 591 620 592 620 506 620 506 621 592 621 593 621 506 622 593 622 586 622 594 623 595 623 505 623 505 624 595 624 596 624 505 625 596 625 597 625 583 626 598 626 582 626 582 627 598 627 599 627 582 628 599 628 600 628 601 629 602 629 577 629 577 630 602 630 603 630 577 631 603 631 575 631 590 632 604 632 506 632 506 633 604 633 605 633 506 634 605 634 505 634 505 635 605 635 606 635 505 636 606 636 594 636 607 637 608 637 609 637 609 638 608 638 610 638 609 639 610 639 582 639 582 640 610 640 611 640 582 641 611 641 580 641 579 642 612 642 577 642 577 643 612 643 613 643 577 644 613 644 506 644 506 645 613 645 614 645 506 646 614 646 591 646 596 647 615 647 597 647 597 648 615 648 616 648 597 649 616 649 607 649 607 650 616 650 617 650 607 651 617 651 608 651 618 652 582 652 577 652 577 653 582 653 600 653 577 654 600 654 601 654 619 655 620 655 618 655 618 656 620 656 621 656 618 657 621 657 582 657 622 658 623 658 618 658 624 659 625 659 626 659 627 660 628 660 629 660 629 661 628 661 630 661 631 662 632 662 618 662 618 663 632 663 633 663 618 664 633 664 619 664 634 665 635 665 624 665 624 666 635 666 636 666 624 667 636 667 637 667 637 668 638 668 624 668 624 669 638 669 639 669 624 670 639 670 625 670 623 671 640 671 618 671 618 672 640 672 641 672 618 673 641 673 642 673 633 674 643 674 619 674 619 675 643 675 644 675 619 676 644 676 645 676 645 677 646 677 619 677 619 678 646 678 647 678 619 679 647 679 648 679 648 680 647 680 649 680 649 681 650 681 648 681 648 682 650 682 651 682 648 683 651 683 652 683 630 684 653 684 629 684 629 685 653 685 654 685 629 686 654 686 655 686 655 687 654 687 656 687 655 688 656 688 657 688 657 689 656 689 658 689 657 690 658 690 659 690 642 691 660 691 618 691 618 692 660 692 661 692 618 693 661 693 631 693 659 694 662 694 657 694 657 695 662 695 663 695 657 696 663 696 664 696 652 697 627 697 648 697 648 698 627 698 629 698 648 699 629 699 665 699 665 700 629 700 666 700 667 701 668 701 669 701 667 702 669 702 670 702 670 703 669 703 629 703 629 704 669 704 671 704 629 705 671 705 666 705 624 706 672 706 673 706 664 707 634 707 657 707 657 708 634 708 624 708 657 709 624 709 674 709 674 710 624 710 673 710 675 711 676 711 677 711 677 712 676 712 678 712 677 713 679 713 624 713 624 714 679 714 680 714 624 715 680 715 672 715 678 716 681 716 677 716 677 717 681 717 682 717 677 718 682 718 679 718 683 719 684 719 685 719 685 720 684 720 686 720 685 721 686 721 687 721 688 722 689 722 690 722 690 723 689 723 691 723 690 724 691 724 692 724 693 725 690 725 694 725 695 726 696 726 499 726 499 727 696 727 697 727 694 728 698 728 693 728 693 729 698 729 699 729 693 730 699 730 700 730 701 731 702 731 703 731 703 732 702 732 704 732 703 733 704 733 705 733 706 734 707 734 690 734 690 735 707 735 708 735 690 736 708 736 694 736 701 737 709 737 702 737 702 738 709 738 710 738 702 739 710 739 711 739 711 740 710 740 712 740 711 741 712 741 713 741 713 742 714 742 711 742 711 743 714 743 715 743 711 744 715 744 498 744 692 745 716 745 690 745 690 746 716 746 717 746 690 747 717 747 706 747 700 748 718 748 693 748 693 749 718 749 719 749 693 750 719 750 704 750 704 751 719 751 720 751 704 752 720 752 705 752 715 753 721 753 498 753 498 754 721 754 722 754 498 755 722 755 723 755 498 756 724 756 499 756 499 757 724 757 725 757 499 758 725 758 726 758 726 759 727 759 499 759 499 760 727 760 728 760 499 761 728 761 695 761 723 762 729 762 498 762 498 763 729 763 730 763 498 764 730 764 724 764 731 765 732 765 733 765 733 766 732 766 734 766 733 767 734 767 499 767 499 768 734 768 735 768 499 769 735 769 497 769 736 770 495 770 737 770 737 771 738 771 736 771 736 772 738 772 739 772 736 773 739 773 733 773 733 774 739 774 740 774 733 775 740 775 731 775 741 776 742 776 736 776 736 777 742 777 743 777 744 778 745 778 495 778 495 779 745 779 746 779 495 780 746 780 496 780 747 781 748 781 749 781 749 782 748 782 750 782 749 783 750 783 751 783 743 784 752 784 736 784 736 785 752 785 753 785 736 786 753 786 754 786 754 787 755 787 736 787 736 788 755 788 756 788 736 789 756 789 495 789 495 790 756 790 757 790 495 791 757 791 744 791 747 792 758 792 748 792 748 793 758 793 759 793 748 794 759 794 496 794 496 795 759 795 760 795 496 796 760 796 494 796 761 797 762 797 750 797 750 798 762 798 763 798 750 799 763 799 751 799 764 800 765 800 766 800 767 801 768 801 769 801 766 802 765 802 490 802 491 803 493 803 750 803 750 804 493 804 770 804 750 805 770 805 771 805 772 806 773 806 766 806 773 807 774 807 766 807 766 808 774 808 775 808 766 809 775 809 764 809 765 810 776 810 490 810 490 811 776 811 777 811 490 812 777 812 778 812 750 813 779 813 780 813 771 814 781 814 750 814 750 815 781 815 782 815 750 816 782 816 779 816 780 817 783 817 750 817 750 818 783 818 784 818 750 819 784 819 761 819 785 820 786 820 491 820 491 821 786 821 787 821 491 822 787 822 788 822 784 823 789 823 761 823 761 824 789 824 790 824 761 825 790 825 791 825 778 826 792 826 490 826 490 827 792 827 793 827 490 828 793 828 491 828 491 829 793 829 794 829 491 830 794 830 785 830 788 831 795 831 491 831 491 832 795 832 796 832 491 833 796 833 492 833 791 834 797 834 761 834 761 835 797 835 798 835 761 836 798 836 799 836 799 837 798 837 800 837 799 838 800 838 767 838 767 839 800 839 801 839 767 840 801 840 768 840 769 841 772 841 767 841 767 842 772 842 766 842 767 843 766 843 802 843 802 844 766 844 803 844 802 845 803 845 804 845 805 846 804 846 806 846 806 847 804 847 807 847 805 848 808 848 804 848 804 849 808 849 809 849 804 850 809 850 802 850 488 851 487 851 491 851 491 852 487 852 810 852 491 853 810 853 489 853 811 854 812 854 813 854 812 855 811 855 814 855 815 856 816 856 817 856 817 857 816 857 818 857 817 858 818 858 819 858 819 859 818 859 820 859 819 860 820 860 821 860 822 861 823 861 824 861 824 862 823 862 825 862 824 863 825 863 820 863 820 864 825 864 826 864 820 865 826 865 821 865 827 866 828 866 829 866 830 867 831 867 823 867 823 868 831 868 832 868 829 869 828 869 822 869 822 870 828 870 833 870 822 871 833 871 834 871 834 872 835 872 822 872 822 873 835 873 836 873 822 874 836 874 837 874 837 875 838 875 822 875 822 876 838 876 839 876 822 877 839 877 823 877 823 878 839 878 840 878 823 879 840 879 830 879 832 880 841 880 823 880 823 881 841 881 842 881 823 882 842 882 843 882 843 883 842 883 844 883 844 884 845 884 843 884 843 885 845 885 846 885 843 886 846 886 847 886 847 887 846 887 848 887 847 888 848 888 849 888 849 889 848 889 850 889 849 890 850 890 851 890 851 891 850 891 852 891 851 892 852 892 853 892 853 893 852 893 854 893 853 894 854 894 855 894 855 895 854 895 856 895 855 896 856 896 857 896 857 897 856 897 858 897 857 898 858 898 859 898 859 899 858 899 860 899 859 900 860 900 861 900 861 901 860 901 862 901 861 902 862 902 863 902 863 903 862 903 864 903 863 904 864 904 865 904 865 905 864 905 866 905 865 906 866 906 867 906 867 907 866 907 868 907 867 908 868 908 869 908 869 909 868 909 870 909 869 910 870 910 871 910 871 911 870 911 872 911 871 912 872 912 873 912 873 913 872 913 874 913 873 914 874 914 875 914 875 915 874 915 876 915 875 916 876 916 877 916 877 917 876 917 878 917 877 918 878 918 879 918 879 919 878 919 880 919 879 920 880 920 881 920 881 921 880 921 882 921 881 922 882 922 829 922 829 923 882 923 883 923 829 924 883 924 827 924 884 925 885 925 886 925 886 926 885 926 887 926 887 927 888 927 886 927 886 928 888 928 889 928 886 929 889 929 890 929 891 930 892 930 893 930 893 931 892 931 894 931 890 932 895 932 886 932 886 933 895 933 896 933 886 934 896 934 897 934 815 935 817 935 898 935 898 936 817 936 886 936 898 937 886 937 893 937 893 938 886 938 897 938 893 939 897 939 891 939 894 940 899 940 893 940 893 941 899 941 900 941 893 942 900 942 901 942 902 943 903 943 904 943 900 944 905 944 901 944 901 945 905 945 906 945 901 946 906 946 907 946 907 947 906 947 908 947 907 948 908 948 909 948 910 949 911 949 912 949 912 950 911 950 913 950 912 951 913 951 914 951 902 952 904 952 915 952 909 953 916 953 907 953 907 954 916 954 917 954 907 955 917 955 904 955 904 956 917 956 918 956 904 957 918 957 915 957 919 958 920 958 921 958 921 959 920 959 922 959 921 960 922 960 923 960 923 961 924 961 921 961 921 962 924 962 925 962 921 963 925 963 926 963 903 964 927 964 904 964 904 965 927 965 928 965 904 966 928 966 921 966 921 967 928 967 929 967 921 968 929 968 919 968 503 969 930 969 504 969 504 970 930 970 931 970 504 971 931 971 932 971 932 972 931 972 933 972 932 973 933 973 921 973 921 974 933 974 934 974 921 975 934 975 935 975 935 976 936 976 921 976 921 977 936 977 937 977 921 978 937 978 904 978 938 979 939 979 491 979 939 980 940 980 491 980 491 981 940 981 941 981 491 982 941 982 942 982 943 983 944 983 488 983 945 984 946 984 741 984 741 985 946 985 947 985 741 986 947 986 742 986 748 987 948 987 750 987 750 988 948 988 949 988 750 989 949 989 950 989 942 990 951 990 491 990 491 991 951 991 952 991 491 992 952 992 488 992 488 993 952 993 953 993 488 994 953 994 943 994 944 995 954 995 488 995 488 996 954 996 955 996 488 997 955 997 956 997 956 998 957 998 488 998 488 999 957 999 958 999 488 1000 958 1000 741 1000 741 1001 958 1001 959 1001 741 1002 959 1002 945 1002 950 1003 960 1003 750 1003 750 1004 960 1004 961 1004 750 1005 961 1005 491 1005 491 1006 961 1006 962 1006 491 1007 962 1007 938 1007 914 1008 884 1008 912 1008 912 1009 884 1009 886 1009 912 1010 886 1010 963 1010 963 1011 886 1011 964 1011 963 1012 964 1012 965 1012 965 1013 964 1013 966 1013 965 1014 966 1014 967 1014 967 1015 966 1015 968 1015 967 1016 968 1016 677 1016 677 1017 968 1017 685 1017 677 1018 685 1018 675 1018 675 1019 685 1019 687 1019 817 1020 814 1020 886 1020 886 1021 814 1021 811 1021 886 1022 811 1022 964 1022 964 1023 811 1023 969 1023 964 1024 969 1024 966 1024 966 1025 969 1025 970 1025 966 1026 970 1026 968 1026 968 1027 970 1027 971 1027 968 1028 971 1028 685 1028 685 1029 971 1029 690 1029 685 1030 690 1030 683 1030 683 1031 690 1031 693 1031 813 1032 486 1032 811 1032 811 1033 486 1033 488 1033 811 1034 488 1034 969 1034 969 1035 488 1035 741 1035 969 1036 741 1036 970 1036 970 1037 741 1037 736 1037 970 1038 736 1038 971 1038 971 1039 736 1039 733 1039 971 1040 733 1040 690 1040 690 1041 733 1041 499 1041 690 1042 499 1042 688 1042 688 1043 499 1043 697 1043 926 1044 910 1044 921 1044 921 1045 910 1045 912 1045 921 1046 912 1046 932 1046 932 1047 912 1047 963 1047 932 1048 963 1048 504 1048 504 1049 963 1049 965 1049 504 1050 965 1050 506 1050 506 1051 965 1051 967 1051 506 1052 967 1052 577 1052 577 1053 967 1053 677 1053 577 1054 677 1054 618 1054 618 1055 677 1055 624 1055 618 1056 624 1056 622 1056 622 1057 624 1057 626 1057 88 1058 907 1058 904 1058 88 1059 904 1059 87 1059 87 1060 904 1060 937 1060 87 1061 937 1061 473 1061 473 1062 937 1062 936 1062 473 1063 936 1063 469 1063 469 1064 936 1064 935 1064 469 1065 935 1065 470 1065 470 1066 935 1066 934 1066 470 1067 934 1067 471 1067 471 1068 934 1068 933 1068 471 1069 933 1069 472 1069 481 1070 472 1070 931 1070 931 1071 472 1071 933 1071 481 1072 931 1072 400 1072 400 1073 931 1073 930 1073 400 1074 930 1074 401 1074 401 1075 930 1075 503 1075 401 1076 503 1076 397 1076 397 1077 503 1077 502 1077 397 1078 502 1078 396 1078 396 1079 502 1079 501 1079 396 1080 501 1080 403 1080 403 1081 501 1081 511 1081 403 1082 511 1082 404 1082 404 1083 511 1083 507 1083 404 1084 507 1084 405 1084 405 1085 507 1085 516 1085 563 1086 440 1086 514 1086 514 1087 440 1087 406 1087 514 1088 406 1088 516 1088 516 1089 406 1089 405 1089 440 1090 563 1090 561 1090 440 1091 561 1091 447 1091 447 1092 561 1092 559 1092 447 1093 559 1093 449 1093 449 1094 559 1094 557 1094 449 1095 557 1095 451 1095 451 1096 557 1096 555 1096 451 1097 555 1097 453 1097 453 1098 555 1098 553 1098 453 1099 553 1099 455 1099 455 1100 553 1100 551 1100 455 1101 551 1101 457 1101 457 1102 551 1102 549 1102 457 1103 549 1103 459 1103 459 1104 549 1104 547 1104 459 1105 547 1105 461 1105 461 1106 547 1106 545 1106 461 1107 545 1107 462 1107 462 1108 545 1108 543 1108 462 1109 543 1109 419 1109 419 1110 543 1110 542 1110 419 1111 542 1111 421 1111 421 1112 542 1112 533 1112 421 1113 533 1113 423 1113 423 1114 533 1114 531 1114 423 1115 531 1115 425 1115 425 1116 531 1116 529 1116 425 1117 529 1117 427 1117 427 1118 529 1118 527 1118 427 1119 527 1119 429 1119 429 1120 527 1120 525 1120 429 1121 525 1121 431 1121 431 1122 525 1122 523 1122 431 1123 523 1123 433 1123 433 1124 523 1124 521 1124 433 1125 521 1125 435 1125 435 1126 521 1126 517 1126 435 1127 517 1127 437 1127 512 1128 408 1128 513 1128 513 1129 408 1129 407 1129 513 1130 407 1130 517 1130 517 1131 407 1131 437 1131 408 1132 512 1132 409 1132 409 1133 512 1133 515 1133 409 1134 515 1134 410 1134 410 1135 515 1135 509 1135 410 1136 509 1136 402 1136 402 1137 509 1137 508 1137 402 1138 508 1138 394 1138 394 1139 508 1139 510 1139 394 1140 510 1140 395 1140 395 1141 510 1141 500 1141 395 1142 500 1142 399 1142 399 1143 500 1143 505 1143 399 1144 505 1144 368 1144 368 1145 505 1145 597 1145 387 1146 368 1146 607 1146 607 1147 368 1147 597 1147 387 1148 607 1148 385 1148 385 1149 607 1149 609 1149 385 1150 609 1150 351 1150 351 1151 609 1151 582 1151 351 1152 582 1152 350 1152 350 1153 582 1153 621 1153 329 1154 350 1154 621 1154 329 1155 621 1155 327 1155 621 1156 620 1156 327 1156 327 1157 620 1157 619 1157 327 1158 619 1158 325 1158 325 1159 619 1159 648 1159 325 1160 648 1160 320 1160 320 1161 648 1161 665 1161 320 1162 665 1162 343 1162 343 1163 665 1163 666 1163 343 1164 666 1164 344 1164 344 1165 666 1165 671 1165 344 1166 671 1166 348 1166 348 1167 671 1167 669 1167 348 1168 669 1168 345 1168 345 1169 669 1169 668 1169 345 1170 668 1170 346 1170 346 1171 668 1171 667 1171 346 1172 667 1172 347 1172 347 1173 667 1173 670 1173 347 1174 670 1174 349 1174 349 1175 670 1175 629 1175 349 1176 629 1176 307 1176 307 1177 629 1177 655 1177 307 1178 655 1178 296 1178 296 1179 655 1179 657 1179 296 1180 657 1180 297 1180 297 1181 657 1181 674 1181 297 1182 674 1182 298 1182 298 1183 674 1183 673 1183 298 1184 673 1184 299 1184 6 1185 299 1185 672 1185 672 1186 299 1186 673 1186 6 1187 672 1187 7 1187 7 1188 672 1188 680 1188 7 1189 680 1189 294 1189 294 1190 680 1190 679 1190 294 1191 679 1191 295 1191 295 1192 679 1192 682 1192 295 1193 682 1193 285 1193 285 1194 682 1194 681 1194 285 1195 681 1195 286 1195 286 1196 681 1196 678 1196 286 1197 678 1197 288 1197 288 1198 678 1198 676 1198 288 1199 676 1199 289 1199 289 1200 676 1200 675 1200 289 1201 675 1201 290 1201 290 1202 675 1202 687 1202 290 1203 687 1203 291 1203 291 1204 687 1204 686 1204 291 1205 686 1205 684 1205 291 1206 684 1206 293 1206 293 1207 684 1207 683 1207 293 1208 683 1208 292 1208 292 1209 683 1209 693 1209 292 1210 693 1210 274 1210 274 1211 693 1211 704 1211 274 1212 704 1212 272 1212 272 1213 704 1213 702 1213 272 1214 702 1214 258 1214 258 1215 702 1215 711 1215 258 1216 711 1216 245 1216 245 1217 711 1217 498 1217 245 1218 498 1218 10 1218 10 1219 498 1219 497 1219 10 1220 497 1220 242 1220 242 1221 497 1221 735 1221 242 1222 735 1222 243 1222 243 1223 735 1223 734 1223 243 1224 734 1224 244 1224 244 1225 734 1225 732 1225 244 1226 732 1226 238 1226 238 1227 732 1227 731 1227 238 1228 731 1228 239 1228 239 1229 731 1229 740 1229 239 1230 740 1230 240 1230 240 1231 740 1231 739 1231 240 1232 739 1232 241 1232 241 1233 739 1233 738 1233 241 1234 738 1234 234 1234 234 1235 738 1235 235 1235 235 1236 738 1236 737 1236 235 1237 737 1237 236 1237 236 1238 737 1238 495 1238 236 1239 495 1239 237 1239 237 1240 495 1240 494 1240 237 1241 494 1241 48 1241 48 1242 494 1242 760 1242 48 1243 760 1243 51 1243 51 1244 760 1244 759 1244 51 1245 759 1245 42 1245 42 1246 759 1246 758 1246 42 1247 758 1247 43 1247 43 1248 758 1248 747 1248 43 1249 747 1249 229 1249 229 1250 747 1250 749 1250 229 1251 749 1251 230 1251 230 1252 749 1252 751 1252 231 1253 230 1253 763 1253 763 1254 230 1254 751 1254 231 1255 763 1255 762 1255 231 1256 762 1256 232 1256 232 1257 762 1257 761 1257 232 1258 761 1258 233 1258 233 1259 761 1259 799 1259 233 1260 799 1260 188 1260 188 1261 799 1261 184 1261 184 1262 799 1262 767 1262 184 1263 767 1263 221 1263 767 1264 802 1264 221 1264 221 1265 802 1265 809 1265 221 1266 809 1266 224 1266 224 1267 809 1267 808 1267 224 1268 808 1268 225 1268 225 1269 808 1269 805 1269 225 1270 805 1270 226 1270 226 1271 805 1271 806 1271 226 1272 806 1272 227 1272 227 1273 806 1273 807 1273 227 1274 807 1274 228 1274 228 1275 807 1275 804 1275 228 1276 804 1276 223 1276 223 1277 804 1277 803 1277 223 1278 803 1278 222 1278 222 1279 803 1279 766 1279 222 1280 766 1280 180 1280 180 1281 766 1281 490 1281 180 1282 490 1282 206 1282 206 1283 490 1283 489 1283 206 1284 489 1284 204 1284 204 1285 489 1285 810 1285 204 1286 810 1286 202 1286 487 1287 175 1287 810 1287 810 1288 175 1288 485 1288 810 1289 485 1289 202 1289 175 1290 487 1290 176 1290 176 1291 487 1291 486 1291 104 1292 176 1292 972 1292 972 1293 176 1293 973 1293 104 1294 813 1294 105 1294 105 1295 813 1295 812 1295 105 1296 812 1296 106 1296 106 1297 812 1297 814 1297 106 1298 814 1298 107 1298 107 1299 814 1299 817 1299 107 1300 817 1300 110 1300 110 1301 817 1301 819 1301 110 1302 819 1302 108 1302 108 1303 819 1303 821 1303 108 1304 821 1304 13 1304 13 1305 821 1305 826 1305 13 1306 826 1306 115 1306 115 1307 826 1307 825 1307 843 1308 123 1308 823 1308 823 1309 123 1309 113 1309 823 1310 113 1310 825 1310 825 1311 113 1311 115 1311 123 1312 843 1312 847 1312 123 1313 847 1313 172 1313 172 1314 847 1314 849 1314 172 1315 849 1315 170 1315 170 1316 849 1316 851 1316 170 1317 851 1317 168 1317 168 1318 851 1318 853 1318 168 1319 853 1319 166 1319 166 1320 853 1320 855 1320 166 1321 855 1321 164 1321 164 1322 855 1322 857 1322 164 1323 857 1323 162 1323 162 1324 857 1324 859 1324 162 1325 859 1325 160 1325 160 1326 859 1326 861 1326 160 1327 861 1327 158 1327 158 1328 861 1328 863 1328 158 1329 863 1329 156 1329 156 1330 863 1330 865 1330 156 1331 865 1331 154 1331 154 1332 865 1332 867 1332 154 1333 867 1333 152 1333 152 1334 867 1334 869 1334 152 1335 869 1335 150 1335 150 1336 869 1336 871 1336 150 1337 871 1337 148 1337 148 1338 871 1338 873 1338 148 1339 873 1339 146 1339 146 1340 873 1340 875 1340 146 1341 875 1341 144 1341 144 1342 875 1342 877 1342 144 1343 877 1343 142 1343 142 1344 877 1344 879 1344 142 1345 879 1345 140 1345 140 1346 879 1346 881 1346 140 1347 881 1347 138 1347 138 1348 881 1348 829 1348 138 1349 829 1349 133 1349 824 1350 116 1350 822 1350 822 1351 116 1351 114 1351 822 1352 114 1352 829 1352 829 1353 114 1353 133 1353 116 1354 824 1354 117 1354 117 1355 824 1355 820 1355 117 1356 820 1356 11 1356 11 1357 820 1357 818 1357 11 1358 818 1358 12 1358 12 1359 818 1359 816 1359 12 1360 816 1360 112 1360 112 1361 816 1361 815 1361 112 1362 815 1362 109 1362 109 1363 815 1363 898 1363 109 1364 898 1364 111 1364 111 1365 898 1365 893 1365 111 1366 893 1366 62 1366 62 1367 893 1367 901 1367 88 1368 62 1368 907 1368 907 1369 62 1369 901 1369 418 1370 544 1370 460 1370 460 1371 544 1371 546 1371 460 1372 546 1372 458 1372 458 1373 546 1373 548 1373 458 1374 548 1374 456 1374 456 1375 548 1375 550 1375 456 1376 550 1376 454 1376 454 1377 550 1377 552 1377 454 1378 552 1378 452 1378 452 1379 552 1379 554 1379 452 1380 554 1380 450 1380 450 1381 554 1381 556 1381 450 1382 556 1382 448 1382 448 1383 556 1383 558 1383 448 1384 558 1384 446 1384 446 1385 558 1385 560 1385 446 1386 560 1386 441 1386 441 1387 560 1387 562 1387 441 1388 562 1388 442 1388 442 1389 562 1389 564 1389 442 1390 564 1390 466 1390 466 1391 564 1391 565 1391 466 1392 565 1392 467 1392 467 1393 565 1393 574 1393 467 1394 574 1394 468 1394 468 1395 574 1395 573 1395 468 1396 573 1396 463 1396 463 1397 573 1397 572 1397 463 1398 572 1398 464 1398 464 1399 572 1399 541 1399 464 1400 541 1400 465 1400 465 1401 541 1401 540 1401 465 1402 540 1402 414 1402 414 1403 540 1403 539 1403 414 1404 539 1404 413 1404 413 1405 539 1405 571 1405 413 1406 571 1406 412 1406 412 1407 571 1407 570 1407 412 1408 570 1408 411 1408 411 1409 570 1409 569 1409 411 1410 569 1410 415 1410 415 1411 569 1411 538 1411 415 1412 538 1412 416 1412 416 1413 538 1413 537 1413 416 1414 537 1414 417 1414 417 1415 537 1415 536 1415 417 1416 536 1416 443 1416 443 1417 536 1417 535 1417 443 1418 535 1418 444 1418 444 1419 535 1419 568 1419 444 1420 568 1420 445 1420 445 1421 568 1421 567 1421 445 1422 567 1422 439 1422 439 1423 567 1423 566 1423 439 1424 566 1424 438 1424 438 1425 566 1425 519 1425 438 1426 519 1426 436 1426 436 1427 519 1427 518 1427 436 1428 518 1428 434 1428 434 1429 518 1429 520 1429 434 1430 520 1430 432 1430 432 1431 520 1431 522 1431 432 1432 522 1432 430 1432 430 1433 522 1433 524 1433 430 1434 524 1434 428 1434 428 1435 524 1435 526 1435 428 1436 526 1436 426 1436 426 1437 526 1437 528 1437 426 1438 528 1438 424 1438 424 1439 528 1439 530 1439 424 1440 530 1440 422 1440 422 1441 530 1441 532 1441 422 1442 532 1442 420 1442 420 1443 532 1443 534 1443 420 1444 534 1444 418 1444 418 1445 534 1445 544 1445 103 1446 974 1446 98 1446 98 1447 974 1447 975 1447 98 1448 975 1448 99 1448 99 1449 975 1449 976 1449 99 1450 976 1450 100 1450 100 1451 976 1451 977 1451 100 1452 977 1452 101 1452 101 1453 977 1453 978 1453 101 1454 978 1454 85 1454 85 1455 978 1455 979 1455 85 1456 979 1456 86 1456 86 1457 979 1457 980 1457 86 1458 980 1458 89 1458 89 1459 980 1459 981 1459 89 1460 981 1460 90 1460 90 1461 981 1461 982 1461 90 1462 982 1462 91 1462 91 1463 982 1463 983 1463 91 1464 983 1464 92 1464 92 1465 983 1465 984 1465 92 1466 984 1466 93 1466 93 1467 984 1467 985 1467 93 1468 985 1468 60 1468 60 1469 985 1469 986 1469 60 1470 986 1470 61 1470 61 1471 986 1471 987 1471 61 1472 987 1472 63 1472 63 1473 987 1473 988 1473 63 1474 988 1474 64 1474 64 1475 988 1475 989 1475 64 1476 989 1476 65 1476 65 1477 989 1477 990 1477 65 1478 990 1478 67 1478 67 1479 990 1479 991 1479 67 1480 991 1480 68 1480 68 1481 991 1481 992 1481 68 1482 992 1482 72 1482 72 1483 992 1483 993 1483 72 1484 993 1484 73 1484 73 1485 993 1485 994 1485 73 1486 994 1486 71 1486 71 1487 994 1487 995 1487 71 1488 995 1488 70 1488 70 1489 995 1489 996 1489 70 1490 996 1490 69 1490 69 1491 996 1491 997 1491 69 1492 997 1492 74 1492 74 1493 997 1493 998 1493 74 1494 998 1494 75 1494 75 1495 998 1495 999 1495 75 1496 999 1496 77 1496 77 1497 999 1497 1000 1497 77 1498 1000 1498 82 1498 82 1499 1000 1499 1001 1499 82 1500 1001 1500 83 1500 83 1501 1001 1501 1002 1501 83 1502 1002 1502 84 1502 84 1503 1002 1503 1003 1503 84 1504 1003 1504 78 1504 78 1505 1003 1505 1004 1505 78 1506 1004 1506 79 1506 79 1507 1004 1507 1005 1507 79 1508 1005 1508 81 1508 81 1509 1005 1509 1006 1509 81 1510 1006 1510 96 1510 96 1511 1006 1511 1007 1511 96 1512 1007 1512 97 1512 97 1513 1007 1513 1008 1513 97 1514 1008 1514 94 1514 94 1515 1008 1515 1009 1515 94 1516 1009 1516 95 1516 95 1517 1009 1517 1010 1517 95 1518 1010 1518 102 1518 102 1519 1010 1519 1011 1519 102 1520 1011 1520 103 1520 103 1521 1011 1521 974 1521 1012 1522 1013 1522 393 1522 393 1523 1013 1523 1014 1523 393 1524 1014 1524 352 1524 352 1525 1014 1525 1015 1525 352 1526 1015 1526 353 1526 353 1527 1015 1527 1016 1527 353 1528 1016 1528 381 1528 381 1529 1016 1529 1017 1529 381 1530 1017 1530 382 1530 382 1531 1017 1531 1018 1531 382 1532 1018 1532 359 1532 359 1533 1018 1533 1019 1533 359 1534 1019 1534 360 1534 360 1535 1019 1535 1020 1535 360 1536 1020 1536 361 1536 361 1537 1020 1537 1021 1537 361 1538 1021 1538 362 1538 362 1539 1021 1539 1022 1539 362 1540 1022 1540 363 1540 363 1541 1022 1541 1023 1541 363 1542 1023 1542 364 1542 364 1543 1023 1543 1024 1543 364 1544 1024 1544 365 1544 365 1545 1024 1545 1025 1545 365 1546 1025 1546 355 1546 355 1547 1025 1547 1026 1547 355 1548 1026 1548 356 1548 356 1549 1026 1549 1027 1549 356 1550 1027 1550 357 1550 357 1551 1027 1551 1028 1551 357 1552 1028 1552 358 1552 358 1553 1028 1553 1029 1553 358 1554 1029 1554 383 1554 383 1555 1029 1555 1030 1555 383 1556 1030 1556 384 1556 384 1557 1030 1557 1031 1557 384 1558 1031 1558 386 1558 386 1559 1031 1559 1032 1559 386 1560 1032 1560 388 1560 388 1561 1032 1561 1033 1561 388 1562 1033 1562 389 1562 389 1563 1033 1563 1034 1563 389 1564 1034 1564 390 1564 390 1565 1034 1565 1035 1565 390 1566 1035 1566 366 1566 366 1567 1035 1567 1036 1567 366 1568 1036 1568 367 1568 367 1569 1036 1569 1037 1569 367 1570 1037 1570 369 1570 369 1571 1037 1571 1038 1571 369 1572 1038 1572 370 1572 370 1573 1038 1573 1039 1573 370 1574 1039 1574 371 1574 371 1575 1039 1575 1040 1575 371 1576 1040 1576 373 1576 373 1577 1040 1577 1041 1577 373 1578 1041 1578 374 1578 374 1579 1041 1579 1042 1579 374 1580 1042 1580 375 1580 375 1581 1042 1581 1043 1581 375 1582 1043 1582 376 1582 376 1583 1043 1583 1044 1583 376 1584 1044 1584 377 1584 377 1585 1044 1585 1045 1585 377 1586 1045 1586 378 1586 378 1587 1045 1587 1046 1587 378 1588 1046 1588 379 1588 379 1589 1046 1589 1047 1589 379 1590 1047 1590 380 1590 380 1591 1047 1591 1048 1591 380 1592 1048 1592 391 1592 391 1593 1048 1593 1049 1593 391 1594 1049 1594 392 1594 392 1595 1049 1595 1012 1595 392 1596 1012 1596 393 1596 1050 1597 1051 1597 38 1597 38 1598 1051 1598 1052 1598 38 1599 1052 1599 25 1599 25 1600 1052 1600 1053 1600 25 1601 1053 1601 26 1601 26 1602 1053 1602 1054 1602 26 1603 1054 1603 45 1603 45 1604 1054 1604 1055 1604 45 1605 1055 1605 44 1605 44 1606 1055 1606 1056 1606 44 1607 1056 1607 46 1607 46 1608 1056 1608 1057 1608 46 1609 1057 1609 47 1609 47 1610 1057 1610 1058 1610 47 1611 1058 1611 49 1611 49 1612 1058 1612 1059 1612 49 1613 1059 1613 50 1613 50 1614 1059 1614 1060 1614 50 1615 1060 1615 57 1615 57 1616 1060 1616 1061 1616 57 1617 1061 1617 58 1617 58 1618 1061 1618 1062 1618 58 1619 1062 1619 59 1619 59 1620 1062 1620 1063 1620 59 1621 1063 1621 52 1621 52 1622 1063 1622 1064 1622 52 1623 1064 1623 53 1623 53 1624 1064 1624 1065 1624 53 1625 1065 1625 55 1625 55 1626 1065 1626 1066 1626 55 1627 1066 1627 56 1627 56 1628 1066 1628 1067 1628 56 1629 1067 1629 17 1629 17 1630 1067 1630 1068 1630 17 1631 1068 1631 16 1631 16 1632 1068 1632 1069 1632 16 1633 1069 1633 14 1633 14 1634 1069 1634 1070 1634 14 1635 1070 1635 18 1635 18 1636 1070 1636 1071 1636 18 1637 1071 1637 19 1637 19 1638 1071 1638 1072 1638 19 1639 1072 1639 20 1639 20 1640 1072 1640 1073 1640 20 1641 1073 1641 24 1641 24 1642 1073 1642 1074 1642 24 1643 1074 1643 23 1643 23 1644 1074 1644 1075 1644 23 1645 1075 1645 21 1645 21 1646 1075 1646 1076 1646 21 1647 1076 1647 28 1647 28 1648 1076 1648 1077 1648 28 1649 1077 1649 29 1649 29 1650 1077 1650 1078 1650 29 1651 1078 1651 30 1651 30 1652 1078 1652 1079 1652 30 1653 1079 1653 39 1653 39 1654 1079 1654 1080 1654 39 1655 1080 1655 40 1655 40 1656 1080 1656 1081 1656 40 1657 1081 1657 41 1657 41 1658 1081 1658 1082 1658 41 1659 1082 1659 31 1659 31 1660 1082 1660 1083 1660 31 1661 1083 1661 32 1661 32 1662 1083 1662 1084 1662 32 1663 1084 1663 34 1663 34 1664 1084 1664 1085 1664 34 1665 1085 1665 35 1665 35 1666 1085 1666 1086 1666 35 1667 1086 1667 36 1667 36 1668 1086 1668 1087 1668 36 1669 1087 1669 37 1669 37 1670 1087 1670 1050 1670 37 1671 1050 1671 38 1671 265 1672 1088 1672 283 1672 283 1673 1088 1673 1089 1673 283 1674 1089 1674 284 1674 284 1675 1089 1675 1090 1675 284 1676 1090 1676 280 1676 280 1677 1090 1677 1091 1677 280 1678 1091 1678 281 1678 281 1679 1091 1679 1092 1679 281 1680 1092 1680 282 1680 282 1681 1092 1681 1093 1681 282 1682 1093 1682 266 1682 266 1683 1093 1683 1094 1683 266 1684 1094 1684 267 1684 267 1685 1094 1685 1095 1685 267 1686 1095 1686 268 1686 268 1687 1095 1687 1096 1687 268 1688 1096 1688 269 1688 269 1689 1096 1689 1097 1689 269 1690 1097 1690 248 1690 248 1691 1097 1691 1098 1691 248 1692 1098 1692 249 1692 249 1693 1098 1693 1099 1693 249 1694 1099 1694 253 1694 253 1695 1099 1695 1100 1695 253 1696 1100 1696 254 1696 254 1697 1100 1697 1101 1697 254 1698 1101 1698 255 1698 255 1699 1101 1699 1102 1699 255 1700 1102 1700 261 1700 261 1701 1102 1701 1103 1701 261 1702 1103 1702 262 1702 262 1703 1103 1703 1104 1703 262 1704 1104 1704 263 1704 263 1705 1104 1705 1105 1705 263 1706 1105 1706 8 1706 8 1707 1105 1707 1106 1707 8 1708 1106 1708 9 1708 9 1709 1106 1709 1107 1709 9 1710 1107 1710 250 1710 250 1711 1107 1711 1108 1711 250 1712 1108 1712 251 1712 251 1713 1108 1713 1109 1713 251 1714 1109 1714 252 1714 252 1715 1109 1715 1110 1715 252 1716 1110 1716 246 1716 246 1717 1110 1717 1111 1717 246 1718 1111 1718 247 1718 247 1719 1111 1719 1112 1719 247 1720 1112 1720 256 1720 256 1721 1112 1721 1113 1721 256 1722 1113 1722 257 1722 257 1723 1113 1723 1114 1723 257 1724 1114 1724 259 1724 259 1725 1114 1725 1115 1725 259 1726 1115 1726 260 1726 260 1727 1115 1727 1116 1727 260 1728 1116 1728 270 1728 270 1729 1116 1729 1117 1729 270 1730 1117 1730 271 1730 271 1731 1117 1731 1118 1731 271 1732 1118 1732 276 1732 276 1733 1118 1733 1119 1733 276 1734 1119 1734 275 1734 275 1735 1119 1735 1120 1735 275 1736 1120 1736 273 1736 273 1737 1120 1737 1121 1737 273 1738 1121 1738 277 1738 277 1739 1121 1739 1122 1739 277 1740 1122 1740 278 1740 278 1741 1122 1741 1123 1741 278 1742 1123 1742 279 1742 279 1743 1123 1743 1124 1743 279 1744 1124 1744 264 1744 264 1745 1124 1745 1125 1745 264 1746 1125 1746 265 1746 265 1747 1125 1747 1088 1747 332 1748 643 1748 333 1748 333 1749 643 1749 633 1749 333 1750 633 1750 334 1750 334 1751 633 1751 632 1751 334 1752 632 1752 335 1752 335 1753 632 1753 631 1753 335 1754 631 1754 336 1754 336 1755 631 1755 661 1755 336 1756 661 1756 341 1756 341 1757 661 1757 660 1757 341 1758 660 1758 342 1758 342 1759 660 1759 642 1759 342 1760 642 1760 337 1760 337 1761 642 1761 641 1761 337 1762 641 1762 338 1762 338 1763 641 1763 640 1763 338 1764 640 1764 339 1764 339 1765 640 1765 623 1765 339 1766 623 1766 340 1766 340 1767 623 1767 622 1767 340 1768 622 1768 303 1768 303 1769 622 1769 626 1769 303 1770 626 1770 304 1770 304 1771 626 1771 625 1771 304 1772 625 1772 305 1772 305 1773 625 1773 639 1773 305 1774 639 1774 310 1774 310 1775 639 1775 638 1775 310 1776 638 1776 311 1776 311 1777 638 1777 637 1777 311 1778 637 1778 312 1778 312 1779 637 1779 636 1779 312 1780 636 1780 316 1780 316 1781 636 1781 635 1781 316 1782 635 1782 317 1782 317 1783 635 1783 634 1783 317 1784 634 1784 318 1784 318 1785 634 1785 664 1785 318 1786 664 1786 302 1786 302 1787 664 1787 663 1787 302 1788 663 1788 300 1788 300 1789 663 1789 662 1789 300 1790 662 1790 301 1790 301 1791 662 1791 659 1791 301 1792 659 1792 313 1792 313 1793 659 1793 658 1793 313 1794 658 1794 314 1794 314 1795 658 1795 656 1795 314 1796 656 1796 315 1796 315 1797 656 1797 654 1797 315 1798 654 1798 309 1798 309 1799 654 1799 653 1799 309 1800 653 1800 308 1800 308 1801 653 1801 630 1801 308 1802 630 1802 306 1802 306 1803 630 1803 628 1803 306 1804 628 1804 319 1804 319 1805 628 1805 627 1805 319 1806 627 1806 321 1806 321 1807 627 1807 652 1807 321 1808 652 1808 322 1808 322 1809 652 1809 651 1809 322 1810 651 1810 323 1810 323 1811 651 1811 650 1811 323 1812 650 1812 324 1812 324 1813 650 1813 649 1813 324 1814 649 1814 326 1814 326 1815 649 1815 647 1815 326 1816 647 1816 328 1816 328 1817 647 1817 646 1817 328 1818 646 1818 330 1818 330 1819 646 1819 645 1819 330 1820 645 1820 331 1820 331 1821 645 1821 644 1821 331 1822 644 1822 332 1822 332 1823 644 1823 643 1823 197 1824 493 1824 198 1824 198 1825 493 1825 492 1825 198 1826 492 1826 199 1826 199 1827 492 1827 796 1827 199 1828 796 1828 219 1828 219 1829 796 1829 795 1829 219 1830 795 1830 220 1830 220 1831 795 1831 788 1831 220 1832 788 1832 213 1832 213 1833 788 1833 787 1833 213 1834 787 1834 214 1834 214 1835 787 1835 786 1835 214 1836 786 1836 215 1836 215 1837 786 1837 785 1837 215 1838 785 1838 216 1838 216 1839 785 1839 794 1839 216 1840 794 1840 200 1840 200 1841 794 1841 793 1841 200 1842 793 1842 201 1842 201 1843 793 1843 792 1843 201 1844 792 1844 203 1844 203 1845 792 1845 778 1845 203 1846 778 1846 205 1846 205 1847 778 1847 777 1847 205 1848 777 1848 207 1848 207 1849 777 1849 776 1849 207 1850 776 1850 208 1850 208 1851 776 1851 765 1851 208 1852 765 1852 178 1852 178 1853 765 1853 764 1853 178 1854 764 1854 179 1854 179 1855 764 1855 775 1855 179 1856 775 1856 181 1856 181 1857 775 1857 774 1857 181 1858 774 1858 182 1858 182 1859 774 1859 773 1859 182 1860 773 1860 183 1860 183 1861 773 1861 772 1861 183 1862 772 1862 185 1862 185 1863 772 1863 769 1863 185 1864 769 1864 209 1864 209 1865 769 1865 768 1865 209 1866 768 1866 210 1866 210 1867 768 1867 801 1867 210 1868 801 1868 211 1868 211 1869 801 1869 800 1869 211 1870 800 1870 212 1870 212 1871 800 1871 798 1871 212 1872 798 1872 217 1872 217 1873 798 1873 797 1873 217 1874 797 1874 218 1874 218 1875 797 1875 791 1875 218 1876 791 1876 189 1876 189 1877 791 1877 790 1877 189 1878 790 1878 190 1878 190 1879 790 1879 789 1879 190 1880 789 1880 192 1880 192 1881 789 1881 784 1881 192 1882 784 1882 191 1882 191 1883 784 1883 783 1883 191 1884 783 1884 186 1884 186 1885 783 1885 780 1885 186 1886 780 1886 187 1886 187 1887 780 1887 779 1887 187 1888 779 1888 193 1888 193 1889 779 1889 782 1889 193 1890 782 1890 194 1890 194 1891 782 1891 781 1891 194 1892 781 1892 195 1892 195 1893 781 1893 771 1893 195 1894 771 1894 196 1894 196 1895 771 1895 770 1895 196 1896 770 1896 197 1896 197 1897 770 1897 493 1897 137 1898 883 1898 139 1898 139 1899 883 1899 882 1899 139 1900 882 1900 141 1900 141 1901 882 1901 880 1901 141 1902 880 1902 143 1902 143 1903 880 1903 878 1903 143 1904 878 1904 145 1904 145 1905 878 1905 876 1905 145 1906 876 1906 147 1906 147 1907 876 1907 874 1907 147 1908 874 1908 149 1908 149 1909 874 1909 872 1909 149 1910 872 1910 151 1910 151 1911 872 1911 870 1911 151 1912 870 1912 153 1912 153 1913 870 1913 868 1913 153 1914 868 1914 155 1914 155 1915 868 1915 866 1915 155 1916 866 1916 157 1916 157 1917 866 1917 864 1917 157 1918 864 1918 159 1918 159 1919 864 1919 862 1919 159 1920 862 1920 161 1920 161 1921 862 1921 860 1921 161 1922 860 1922 163 1922 163 1923 860 1923 858 1923 163 1924 858 1924 165 1924 165 1925 858 1925 856 1925 165 1926 856 1926 167 1926 167 1927 856 1927 854 1927 167 1928 854 1928 169 1928 169 1929 854 1929 852 1929 169 1930 852 1930 171 1930 171 1931 852 1931 850 1931 171 1932 850 1932 173 1932 173 1933 850 1933 848 1933 173 1934 848 1934 174 1934 174 1935 848 1935 846 1935 174 1936 846 1936 124 1936 124 1937 846 1937 845 1937 124 1938 845 1938 122 1938 122 1939 845 1939 844 1939 122 1940 844 1940 118 1940 118 1941 844 1941 842 1941 118 1942 842 1942 119 1942 119 1943 842 1943 841 1943 119 1944 841 1944 120 1944 120 1945 841 1945 832 1945 120 1946 832 1946 121 1946 121 1947 832 1947 831 1947 121 1948 831 1948 125 1948 125 1949 831 1949 830 1949 125 1950 830 1950 126 1950 126 1951 830 1951 840 1951 126 1952 840 1952 127 1952 127 1953 840 1953 839 1953 127 1954 839 1954 128 1954 128 1955 839 1955 838 1955 128 1956 838 1956 129 1956 129 1957 838 1957 837 1957 129 1958 837 1958 130 1958 130 1959 837 1959 836 1959 130 1960 836 1960 131 1960 131 1961 836 1961 835 1961 131 1962 835 1962 135 1962 135 1963 835 1963 834 1963 135 1964 834 1964 134 1964 134 1965 834 1965 833 1965 134 1966 833 1966 132 1966 132 1967 833 1967 828 1967 132 1968 828 1968 136 1968 136 1969 828 1969 827 1969 136 1970 827 1970 137 1970 137 1971 827 1971 883 1971 1126 1972 694 1972 1127 1972 1127 1973 694 1973 708 1973 1127 1974 708 1974 1128 1974 1128 1975 708 1975 707 1975 1128 1976 707 1976 1129 1976 1129 1977 707 1977 706 1977 1129 1978 706 1978 1130 1978 1130 1979 706 1979 717 1979 1130 1980 717 1980 1131 1980 1131 1981 717 1981 716 1981 1131 1982 716 1982 1132 1982 1132 1983 716 1983 692 1983 1132 1984 692 1984 1133 1984 1133 1985 692 1985 691 1985 1133 1986 691 1986 1134 1986 1134 1987 691 1987 689 1987 1134 1988 689 1988 1135 1988 1135 1989 689 1989 688 1989 1135 1990 688 1990 1136 1990 1136 1991 688 1991 697 1991 1136 1992 697 1992 1137 1992 1137 1993 697 1993 696 1993 1137 1994 696 1994 1138 1994 1138 1995 696 1995 695 1995 1138 1996 695 1996 1139 1996 1139 1997 695 1997 728 1997 1139 1998 728 1998 1140 1998 1140 1999 728 1999 727 1999 1140 2000 727 2000 1141 2000 1141 2001 727 2001 726 2001 1141 2002 726 2002 1142 2002 1142 2003 726 2003 725 2003 1142 2004 725 2004 1143 2004 1143 2005 725 2005 724 2005 1143 2006 724 2006 1144 2006 1144 2007 724 2007 730 2007 1144 2008 730 2008 1145 2008 1145 2009 730 2009 729 2009 1145 2010 729 2010 1146 2010 1146 2011 729 2011 723 2011 1146 2012 723 2012 1147 2012 1147 2013 723 2013 722 2013 1147 2014 722 2014 1148 2014 1148 2015 722 2015 721 2015 1148 2016 721 2016 1149 2016 1149 2017 721 2017 715 2017 1149 2018 715 2018 1150 2018 1150 2019 715 2019 714 2019 1150 2020 714 2020 1151 2020 1151 2021 714 2021 713 2021 1151 2022 713 2022 1152 2022 1152 2023 713 2023 712 2023 1152 2024 712 2024 1153 2024 1153 2025 712 2025 710 2025 1153 2026 710 2026 1154 2026 1154 2027 710 2027 709 2027 1154 2028 709 2028 1155 2028 1155 2029 709 2029 701 2029 1155 2030 701 2030 1156 2030 1156 2031 701 2031 703 2031 1156 2032 703 2032 1157 2032 1157 2033 703 2033 705 2033 1157 2034 705 2034 1158 2034 1158 2035 705 2035 720 2035 1158 2036 720 2036 1159 2036 1159 2037 720 2037 719 2037 1159 2038 719 2038 1160 2038 1160 2039 719 2039 718 2039 1160 2040 718 2040 1161 2040 1161 2041 718 2041 700 2041 1161 2042 700 2042 1162 2042 1162 2043 700 2043 699 2043 1162 2044 699 2044 1163 2044 1163 2045 699 2045 698 2045 1163 2046 698 2046 1126 2046 1126 2047 698 2047 694 2047 1107 2048 1145 2048 1108 2048 1108 2049 1145 2049 1146 2049 1108 2050 1146 2050 1109 2050 1109 2051 1146 2051 1147 2051 1109 2052 1147 2052 1110 2052 1110 2053 1147 2053 1148 2053 1110 2054 1148 2054 1111 2054 1111 2055 1148 2055 1149 2055 1111 2056 1149 2056 1112 2056 1112 2057 1149 2057 1150 2057 1112 2058 1150 2058 1113 2058 1113 2059 1150 2059 1151 2059 1113 2060 1151 2060 1114 2060 1114 2061 1151 2061 1152 2061 1114 2062 1152 2062 1115 2062 1115 2063 1152 2063 1153 2063 1115 2064 1153 2064 1116 2064 1116 2065 1153 2065 1154 2065 1116 2066 1154 2066 1117 2066 1117 2067 1154 2067 1155 2067 1117 2068 1155 2068 1118 2068 1118 2069 1155 2069 1156 2069 1118 2070 1156 2070 1119 2070 1119 2071 1156 2071 1157 2071 1119 2072 1157 2072 1120 2072 1120 2073 1157 2073 1158 2073 1120 2074 1158 2074 1121 2074 1121 2075 1158 2075 1159 2075 1121 2076 1159 2076 1122 2076 1122 2077 1159 2077 1160 2077 1122 2078 1160 2078 1123 2078 1123 2079 1160 2079 1161 2079 1123 2080 1161 2080 1124 2080 1124 2081 1161 2081 1162 2081 1124 2082 1162 2082 1125 2082 1125 2083 1162 2083 1163 2083 1125 2084 1163 2084 1088 2084 1088 2085 1163 2085 1126 2085 1088 2086 1126 2086 1089 2086 1089 2087 1126 2087 1127 2087 1089 2088 1127 2088 1090 2088 1090 2089 1127 2089 1128 2089 1090 2090 1128 2090 1091 2090 1091 2091 1128 2091 1129 2091 1091 2092 1129 2092 1092 2092 1092 2093 1129 2093 1130 2093 1092 2094 1130 2094 1093 2094 1093 2095 1130 2095 1131 2095 1093 2096 1131 2096 1094 2096 1094 2097 1131 2097 1132 2097 1094 2098 1132 2098 1095 2098 1095 2099 1132 2099 1133 2099 1095 2100 1133 2100 1096 2100 1096 2101 1133 2101 1134 2101 1096 2102 1134 2102 1097 2102 1097 2103 1134 2103 1135 2103 1097 2104 1135 2104 1098 2104 1098 2105 1135 2105 1136 2105 1098 2106 1136 2106 1099 2106 1099 2107 1136 2107 1137 2107 1099 2108 1137 2108 1100 2108 1100 2109 1137 2109 1138 2109 1100 2110 1138 2110 1101 2110 1101 2111 1138 2111 1139 2111 1101 2112 1139 2112 1102 2112 1102 2113 1139 2113 1140 2113 1102 2114 1140 2114 1103 2114 1103 2115 1140 2115 1141 2115 1103 2116 1141 2116 1104 2116 1104 2117 1141 2117 1142 2117 1104 2118 1142 2118 1105 2118 1105 2119 1142 2119 1143 2119 1105 2120 1143 2120 1106 2120 1106 2121 1143 2121 1144 2121 1106 2122 1144 2122 1107 2122 1107 2123 1144 2123 1145 2123 1164 2124 945 2124 1165 2124 1165 2125 945 2125 959 2125 1165 2126 959 2126 1166 2126 1166 2127 959 2127 958 2127 1166 2128 958 2128 1167 2128 1167 2129 958 2129 957 2129 1167 2130 957 2130 1168 2130 1168 2131 957 2131 956 2131 1168 2132 956 2132 1169 2132 1169 2133 956 2133 955 2133 1169 2134 955 2134 1170 2134 1170 2135 955 2135 954 2135 1170 2136 954 2136 1171 2136 1171 2137 954 2137 944 2137 1171 2138 944 2138 1172 2138 1172 2139 944 2139 943 2139 1172 2140 943 2140 1173 2140 1173 2141 943 2141 953 2141 1173 2142 953 2142 1174 2142 1174 2143 953 2143 952 2143 1174 2144 952 2144 1175 2144 1175 2145 952 2145 951 2145 1175 2146 951 2146 1176 2146 1176 2147 951 2147 942 2147 1176 2148 942 2148 1177 2148 1177 2149 942 2149 941 2149 1177 2150 941 2150 1178 2150 1178 2151 941 2151 940 2151 1178 2152 940 2152 1179 2152 1179 2153 940 2153 939 2153 1179 2154 939 2154 1180 2154 1180 2155 939 2155 938 2155 1180 2156 938 2156 1181 2156 1181 2157 938 2157 962 2157 1181 2158 962 2158 1182 2158 1182 2159 962 2159 961 2159 1182 2160 961 2160 1183 2160 1183 2161 961 2161 960 2161 1183 2162 960 2162 1184 2162 1184 2163 960 2163 950 2163 1184 2164 950 2164 1185 2164 1185 2165 950 2165 949 2165 1185 2166 949 2166 1186 2166 1186 2167 949 2167 948 2167 1186 2168 948 2168 1187 2168 1187 2169 948 2169 748 2169 1187 2170 748 2170 1188 2170 1188 2171 748 2171 496 2171 1188 2172 496 2172 1189 2172 1189 2173 496 2173 746 2173 1189 2174 746 2174 1190 2174 1190 2175 746 2175 745 2175 1190 2176 745 2176 1191 2176 1191 2177 745 2177 744 2177 1191 2178 744 2178 1192 2178 1192 2179 744 2179 757 2179 1192 2180 757 2180 1193 2180 1193 2181 757 2181 756 2181 1193 2182 756 2182 1194 2182 1194 2183 756 2183 755 2183 1194 2184 755 2184 1195 2184 1195 2185 755 2185 754 2185 1195 2186 754 2186 1196 2186 1196 2187 754 2187 753 2187 1196 2188 753 2188 1197 2188 1197 2189 753 2189 752 2189 1197 2190 752 2190 1198 2190 1198 2191 752 2191 743 2191 1198 2192 743 2192 1199 2192 1199 2193 743 2193 742 2193 1199 2194 742 2194 1200 2194 1200 2195 742 2195 947 2195 1200 2196 947 2196 1201 2196 1201 2197 947 2197 946 2197 1201 2198 946 2198 1164 2198 1164 2199 946 2199 945 2199 1082 2200 1175 2200 1083 2200 1083 2201 1175 2201 1176 2201 1083 2202 1176 2202 1084 2202 1084 2203 1176 2203 1177 2203 1084 2204 1177 2204 1085 2204 1085 2205 1177 2205 1178 2205 1085 2206 1178 2206 1086 2206 1086 2207 1178 2207 1179 2207 1086 2208 1179 2208 1087 2208 1087 2209 1179 2209 1180 2209 1087 2210 1180 2210 1050 2210 1050 2211 1180 2211 1181 2211 1050 2212 1181 2212 1051 2212 1051 2213 1181 2213 1182 2213 1051 2214 1182 2214 1052 2214 1052 2215 1182 2215 1183 2215 1052 2216 1183 2216 1053 2216 1053 2217 1183 2217 1184 2217 1053 2218 1184 2218 1054 2218 1054 2219 1184 2219 1185 2219 1054 2220 1185 2220 1055 2220 1055 2221 1185 2221 1186 2221 1055 2222 1186 2222 1056 2222 1056 2223 1186 2223 1187 2223 1056 2224 1187 2224 1057 2224 1057 2225 1187 2225 1188 2225 1057 2226 1188 2226 1058 2226 1058 2227 1188 2227 1189 2227 1058 2228 1189 2228 1059 2228 1059 2229 1189 2229 1190 2229 1059 2230 1190 2230 1060 2230 1060 2231 1190 2231 1191 2231 1060 2232 1191 2232 1061 2232 1061 2233 1191 2233 1192 2233 1061 2234 1192 2234 1062 2234 1062 2235 1192 2235 1193 2235 1062 2236 1193 2236 1063 2236 1063 2237 1193 2237 1194 2237 1063 2238 1194 2238 1064 2238 1064 2239 1194 2239 1195 2239 1064 2240 1195 2240 1065 2240 1065 2241 1195 2241 1196 2241 1065 2242 1196 2242 1066 2242 1066 2243 1196 2243 1197 2243 1066 2244 1197 2244 1067 2244 1067 2245 1197 2245 1198 2245 1067 2246 1198 2246 1068 2246 1068 2247 1198 2247 1199 2247 1068 2248 1199 2248 1069 2248 1069 2249 1199 2249 1200 2249 1069 2250 1200 2250 1070 2250 1070 2251 1200 2251 1201 2251 1070 2252 1201 2252 1071 2252 1071 2253 1201 2253 1164 2253 1071 2254 1164 2254 1072 2254 1072 2255 1164 2255 1165 2255 1072 2256 1165 2256 1073 2256 1073 2257 1165 2257 1166 2257 1073 2258 1166 2258 1074 2258 1074 2259 1166 2259 1167 2259 1074 2260 1167 2260 1075 2260 1075 2261 1167 2261 1168 2261 1075 2262 1168 2262 1076 2262 1076 2263 1168 2263 1169 2263 1076 2264 1169 2264 1077 2264 1077 2265 1169 2265 1170 2265 1077 2266 1170 2266 1078 2266 1078 2267 1170 2267 1171 2267 1078 2268 1171 2268 1079 2268 1079 2269 1171 2269 1172 2269 1079 2270 1172 2270 1080 2270 1080 2271 1172 2271 1173 2271 1080 2272 1173 2272 1081 2272 1081 2273 1173 2273 1174 2273 1081 2274 1174 2274 1082 2274 1082 2275 1174 2275 1175 2275 1202 2276 608 2276 1203 2276 1203 2277 608 2277 617 2277 1203 2278 617 2278 1204 2278 1204 2279 617 2279 616 2279 1204 2280 616 2280 1205 2280 1205 2281 616 2281 615 2281 1205 2282 615 2282 1206 2282 1206 2283 615 2283 596 2283 1206 2284 596 2284 1207 2284 1207 2285 596 2285 595 2285 1207 2286 595 2286 1208 2286 1208 2287 595 2287 594 2287 1208 2288 594 2288 1209 2288 1209 2289 594 2289 606 2289 1209 2290 606 2290 1210 2290 1210 2291 606 2291 605 2291 1210 2292 605 2292 1211 2292 1211 2293 605 2293 604 2293 1211 2294 604 2294 1212 2294 1212 2295 604 2295 590 2295 1212 2296 590 2296 1213 2296 1213 2297 590 2297 589 2297 1213 2298 589 2298 1214 2298 1214 2299 589 2299 588 2299 1214 2300 588 2300 1215 2300 1215 2301 588 2301 587 2301 1215 2302 587 2302 1216 2302 1216 2303 587 2303 586 2303 1216 2304 586 2304 1217 2304 1217 2305 586 2305 593 2305 1217 2306 593 2306 1218 2306 1218 2307 593 2307 592 2307 1218 2308 592 2308 1219 2308 1219 2309 592 2309 591 2309 1219 2310 591 2310 1220 2310 1220 2311 591 2311 614 2311 1220 2312 614 2312 1221 2312 1221 2313 614 2313 613 2313 1221 2314 613 2314 1222 2314 1222 2315 613 2315 612 2315 1222 2316 612 2316 1223 2316 1223 2317 612 2317 579 2317 1223 2318 579 2318 1224 2318 1224 2319 579 2319 578 2319 1224 2320 578 2320 1225 2320 1225 2321 578 2321 585 2321 1225 2322 585 2322 1226 2322 1226 2323 585 2323 584 2323 1226 2324 584 2324 1227 2324 1227 2325 584 2325 576 2325 1227 2326 576 2326 1228 2326 1228 2327 576 2327 575 2327 1228 2328 575 2328 1229 2328 1229 2329 575 2329 603 2329 1229 2330 603 2330 1230 2330 1230 2331 603 2331 602 2331 1230 2332 602 2332 1231 2332 1231 2333 602 2333 601 2333 1231 2334 601 2334 1232 2334 1232 2335 601 2335 600 2335 1232 2336 600 2336 1233 2336 1233 2337 600 2337 599 2337 1233 2338 599 2338 1234 2338 1234 2339 599 2339 598 2339 1234 2340 598 2340 1235 2340 1235 2341 598 2341 583 2341 1235 2342 583 2342 1236 2342 1236 2343 583 2343 581 2343 1236 2344 581 2344 1237 2344 1237 2345 581 2345 580 2345 1237 2346 580 2346 1238 2346 1238 2347 580 2347 611 2347 1238 2348 611 2348 1239 2348 1239 2349 611 2349 610 2349 1239 2350 610 2350 1202 2350 1202 2351 610 2351 608 2351 1049 2352 1218 2352 1012 2352 1012 2353 1218 2353 1219 2353 1012 2354 1219 2354 1013 2354 1013 2355 1219 2355 1220 2355 1013 2356 1220 2356 1014 2356 1014 2357 1220 2357 1221 2357 1014 2358 1221 2358 1015 2358 1015 2359 1221 2359 1222 2359 1015 2360 1222 2360 1016 2360 1016 2361 1222 2361 1223 2361 1016 2362 1223 2362 1017 2362 1017 2363 1223 2363 1224 2363 1017 2364 1224 2364 1018 2364 1018 2365 1224 2365 1225 2365 1018 2366 1225 2366 1019 2366 1019 2367 1225 2367 1226 2367 1019 2368 1226 2368 1020 2368 1020 2369 1226 2369 1227 2369 1020 2370 1227 2370 1021 2370 1021 2371 1227 2371 1228 2371 1021 2372 1228 2372 1022 2372 1022 2373 1228 2373 1229 2373 1022 2374 1229 2374 1023 2374 1023 2375 1229 2375 1230 2375 1023 2376 1230 2376 1024 2376 1024 2377 1230 2377 1231 2377 1024 2378 1231 2378 1025 2378 1025 2379 1231 2379 1232 2379 1025 2380 1232 2380 1026 2380 1026 2381 1232 2381 1233 2381 1026 2382 1233 2382 1027 2382 1027 2383 1233 2383 1234 2383 1027 2384 1234 2384 1028 2384 1028 2385 1234 2385 1235 2385 1028 2386 1235 2386 1029 2386 1029 2387 1235 2387 1236 2387 1029 2388 1236 2388 1030 2388 1030 2389 1236 2389 1237 2389 1030 2390 1237 2390 1031 2390 1031 2391 1237 2391 1238 2391 1031 2392 1238 2392 1032 2392 1032 2393 1238 2393 1239 2393 1032 2394 1239 2394 1033 2394 1033 2395 1239 2395 1202 2395 1033 2396 1202 2396 1034 2396 1034 2397 1202 2397 1203 2397 1034 2398 1203 2398 1035 2398 1035 2399 1203 2399 1204 2399 1035 2400 1204 2400 1036 2400 1036 2401 1204 2401 1205 2401 1036 2402 1205 2402 1037 2402 1037 2403 1205 2403 1206 2403 1037 2404 1206 2404 1038 2404 1038 2405 1206 2405 1207 2405 1038 2406 1207 2406 1039 2406 1039 2407 1207 2407 1208 2407 1039 2408 1208 2408 1040 2408 1040 2409 1208 2409 1209 2409 1040 2410 1209 2410 1041 2410 1041 2411 1209 2411 1210 2411 1041 2412 1210 2412 1042 2412 1042 2413 1210 2413 1211 2413 1042 2414 1211 2414 1043 2414 1043 2415 1211 2415 1212 2415 1043 2416 1212 2416 1044 2416 1044 2417 1212 2417 1213 2417 1044 2418 1213 2418 1045 2418 1045 2419 1213 2419 1214 2419 1045 2420 1214 2420 1046 2420 1046 2421 1214 2421 1215 2421 1046 2422 1215 2422 1047 2422 1047 2423 1215 2423 1216 2423 1047 2424 1216 2424 1048 2424 1048 2425 1216 2425 1217 2425 1048 2426 1217 2426 1049 2426 1049 2427 1217 2427 1218 2427 1240 2428 929 2428 1241 2428 1241 2429 929 2429 928 2429 1241 2430 928 2430 1242 2430 1242 2431 928 2431 927 2431 1242 2432 927 2432 1243 2432 1243 2433 927 2433 903 2433 1243 2434 903 2434 1244 2434 1244 2435 903 2435 902 2435 1244 2436 902 2436 1245 2436 1245 2437 902 2437 915 2437 1245 2438 915 2438 1246 2438 1246 2439 915 2439 918 2439 1246 2440 918 2440 1247 2440 1247 2441 918 2441 917 2441 1247 2442 917 2442 1248 2442 1248 2443 917 2443 916 2443 1248 2444 916 2444 1249 2444 1249 2445 916 2445 909 2445 1249 2446 909 2446 1250 2446 1250 2447 909 2447 908 2447 1250 2448 908 2448 1251 2448 1251 2449 908 2449 906 2449 1251 2450 906 2450 1252 2450 1252 2451 906 2451 905 2451 1252 2452 905 2452 1253 2452 1253 2453 905 2453 900 2453 1253 2454 900 2454 1254 2454 1254 2455 900 2455 899 2455 1254 2456 899 2456 1255 2456 1255 2457 899 2457 894 2457 1255 2458 894 2458 1256 2458 1256 2459 894 2459 892 2459 1256 2460 892 2460 1257 2460 1257 2461 892 2461 891 2461 1257 2462 891 2462 1258 2462 1258 2463 891 2463 897 2463 1258 2464 897 2464 1259 2464 1259 2465 897 2465 896 2465 1259 2466 896 2466 1260 2466 1260 2467 896 2467 895 2467 1260 2468 895 2468 1261 2468 1261 2469 895 2469 890 2469 1261 2470 890 2470 1262 2470 1262 2471 890 2471 889 2471 1262 2472 889 2472 1263 2472 1263 2473 889 2473 888 2473 1263 2474 888 2474 1264 2474 1264 2475 888 2475 887 2475 1264 2476 887 2476 1265 2476 1265 2477 887 2477 885 2477 1265 2478 885 2478 1266 2478 1266 2479 885 2479 884 2479 1266 2480 884 2480 1267 2480 1267 2481 884 2481 914 2481 1267 2482 914 2482 1268 2482 1268 2483 914 2483 913 2483 1268 2484 913 2484 1269 2484 1269 2485 913 2485 911 2485 1269 2486 911 2486 1270 2486 1270 2487 911 2487 910 2487 1270 2488 910 2488 1271 2488 1271 2489 910 2489 926 2489 1271 2490 926 2490 1272 2490 1272 2491 926 2491 925 2491 1272 2492 925 2492 1273 2492 1273 2493 925 2493 924 2493 1273 2494 924 2494 1274 2494 1274 2495 924 2495 923 2495 1274 2496 923 2496 1275 2496 1275 2497 923 2497 922 2497 1275 2498 922 2498 1276 2498 1276 2499 922 2499 920 2499 1276 2500 920 2500 1277 2500 1277 2501 920 2501 919 2501 1277 2502 919 2502 1240 2502 1240 2503 919 2503 929 2503 993 2504 1259 2504 994 2504 994 2505 1259 2505 1260 2505 994 2506 1260 2506 995 2506 995 2507 1260 2507 1261 2507 995 2508 1261 2508 996 2508 996 2509 1261 2509 1262 2509 996 2510 1262 2510 997 2510 997 2511 1262 2511 1263 2511 997 2512 1263 2512 998 2512 998 2513 1263 2513 1264 2513 998 2514 1264 2514 999 2514 999 2515 1264 2515 1265 2515 999 2516 1265 2516 1000 2516 1000 2517 1265 2517 1266 2517 1000 2518 1266 2518 1001 2518 1001 2519 1266 2519 1267 2519 1001 2520 1267 2520 1002 2520 1002 2521 1267 2521 1268 2521 1002 2522 1268 2522 1003 2522 1003 2523 1268 2523 1269 2523 1003 2524 1269 2524 1004 2524 1004 2525 1269 2525 1270 2525 1004 2526 1270 2526 1005 2526 1005 2527 1270 2527 1271 2527 1005 2528 1271 2528 1006 2528 1006 2529 1271 2529 1272 2529 1006 2530 1272 2530 1007 2530 1007 2531 1272 2531 1273 2531 1007 2532 1273 2532 1008 2532 1008 2533 1273 2533 1274 2533 1008 2534 1274 2534 1009 2534 1009 2535 1274 2535 1275 2535 1009 2536 1275 2536 1010 2536 1010 2537 1275 2537 1276 2537 1010 2538 1276 2538 1011 2538 1011 2539 1276 2539 1277 2539 1011 2540 1277 2540 974 2540 974 2541 1277 2541 1240 2541 974 2542 1240 2542 975 2542 975 2543 1240 2543 1241 2543 975 2544 1241 2544 976 2544 976 2545 1241 2545 1242 2545 976 2546 1242 2546 977 2546 977 2547 1242 2547 1243 2547 977 2548 1243 2548 978 2548 978 2549 1243 2549 1244 2549 978 2550 1244 2550 979 2550 979 2551 1244 2551 1245 2551 979 2552 1245 2552 980 2552 980 2553 1245 2553 1246 2553 980 2554 1246 2554 981 2554 981 2555 1246 2555 1247 2555 981 2556 1247 2556 982 2556 982 2557 1247 2557 1248 2557 982 2558 1248 2558 983 2558 983 2559 1248 2559 1249 2559 983 2560 1249 2560 984 2560 984 2561 1249 2561 1250 2561 984 2562 1250 2562 985 2562 985 2563 1250 2563 1251 2563 985 2564 1251 2564 986 2564 986 2565 1251 2565 1252 2565 986 2566 1252 2566 987 2566 987 2567 1252 2567 1253 2567 987 2568 1253 2568 988 2568 988 2569 1253 2569 1254 2569 988 2570 1254 2570 989 2570 989 2571 1254 2571 1255 2571 989 2572 1255 2572 990 2572 990 2573 1255 2573 1256 2573 990 2574 1256 2574 991 2574 991 2575 1256 2575 1257 2575 991 2576 1257 2576 992 2576 992 2577 1257 2577 1258 2577 992 2578 1258 2578 993 2578 993 2579 1258 2579 1259 2579</p>
        </triangles>
      </mesh>
    </geometry>
  </library_geometries>
  <library_visual_scenes>
    <visual_scene id="Scene" name="Scene">
      <node id="Lidar_mount" name="Lidar mount" type="NODE">
        <matrix sid="transform">7.07107e-4 3.09086e-11 -7.07107e-4 0 7.07107e-4 -3.09086e-11 7.07107e-4 0 0 -0.001 -4.37114e-11 0 0 0 0 1</matrix>
        <instance_geometry url="#Lidar_mount-mesh" name="Lidar mount">
          <bind_material>
            <technique_common>
              <instance_material symbol="Material_001-material" target="#Material_001-material"/>
            </technique_common>
          </bind_material>
        </instance_geometry>
      </node>
      <node id="Camera" name="Camera" type="NODE">
        <matrix sid="transform">0.6859207 -0.3240135 0.6515582 7.358891 0.7276763 0.3054208 -0.6141704 -6.925791 0 0.8953956 0.4452714 4.958309 0 0 0 1</matrix>
        <instance_camera url="#Camera-camera"/>
      </node>
      <node id="Light" name="Light" type="NODE">
        <matrix sid="transform">-0.2908646 -0.7711008 0.5663932 4.076245 0.9551712 -0.1998834 0.2183912 1.005454 -0.05518906 0.6045247 0.7946723 5.903862 0 0 0 1</matrix>
        <instance_light url="#Light-light"/>
      </node>
    </visual_scene>
  </library_visual_scenes>
  <scene>
    <instance_visual_scene url="#Scene"/>
  </scene>
</COLLADA>