<?xml version="1.0" encoding="utf-8"?>
<COLLADA xmlns="http://www.collada.org/2005/11/COLLADASchema" version="1.4.1" xmlns:xsi="http://www.w3.org/2001/XMLSchema-instance">
  <asset>
    <contributor>
      <author>Blender User</author>
      <authoring_tool>Blender 4.2.18 LTS commit date:2026-02-16, commit time:13:37, hash:d71e3422e438</authoring_tool>
    </contributor>
    <created>2026-02-23T15:40:23</created>
    <modified>2026-02-23T15:40:23</modified>
    <unit name="meter" meter="1"/>
    <up_axis>Z_UP</up_axis>
  </asset>
  <library_cameras>
    <camera id="Camera-camera" name="Camera">
      <optics>
        <technique_common>
          <perspective>
            <xfov sid="xfov">39.59775</xfov>
            <aspect_ratio>1.777778</aspect_ratio>
            <znear sid="znear">0.1</znear>
            <zfar sid="zfar">100</zfar>
          </perspective>
        </technique_common>
      </optics>
      <extra>
        <technique profile="blender">
          <shiftx sid="shiftx" type="float">0</shiftx>
          <shifty sid="shifty" type="float">0</shifty>
          <dof_distance sid="dof_distance" type="float">10</dof_distance>
        </technique>
      </extra>
    </camera>
  </library_cameras>
  <library_lights>
    <light id="Light-light" name="Light">
      <technique_common>
        <point>
          <color sid="color">1000 1000 1000</color>
          <constant_attenuation>1</constant_attenuation>
          <linear_attenuation>0</linear_attenuation>
          <quadratic_attenuation>0</quadratic_attenuation>
        </point>
      </technique_common>
      <extra>
        <technique profile="blender">
          <type sid="type" type="int">0</type>
          <flag sid="flag" type="int">0</flag>
          <mode sid="mode" type="int">2097153</mode>
          <red sid="red" type="float">1</red>
          <green sid="green" type="float">1</green>
          <blue sid="blue" type="float">1</blue>
          <shadow_r sid="blender_shadow_r" type="float">0</shadow_r>
          <shadow_g sid="blender_shadow_g" type="float">0</shadow_g>
          <shadow_b sid="blender_shadow_b" type="float">0</shadow_b>
          <energy sid="blender_energy" type="float">1000</energy>
          <spotsize sid="spotsize" type="float">75</spotsize>
          <spotblend sid="spotblend" type="float">0.15</spotblend>
          <clipsta sid="clipsta" type="float">0.04999995</clipsta>
          <clipend sid="clipend" type="float">30.002</clipend>
          <bias sid="bias" type="float">1</bias>
          <radius sid="radius" type="float">0.1</radius>
          <area_shape sid="area_shape" type="int">1</area_shape>
          <area_size sid="area_size" type="float">0.1</area_size>
          <area_sizey sid="area_sizey" type="float">0.1</area_sizey>
          <area_sizez sid="area_sizez" type="float">1</area_sizez>
        </technique>
      </extra>
    </light>
  </library_lights>
  <library_effects>
    <effect id="Material_001-effect">
      <profile_COMMON>
        <technique sid="common">
          <lambert>
            <emission>
              <color sid="emission">0 0 0 1</color>
            </emission>
            <diffuse>
              <color sid="diffuse">0.007135605 0.007135605 0.007135605 1</color>
            </diffuse>
            <index_of_refraction>
              <float sid="ior">1.3</float>
            </index_of_refraction>
          </lambert>
        </technique>
      </profile_COMMON>
    </effect>
  </library_effects>
  <library_images/>
  <library_materials>
    <material id="Material_001-material" name="Material.001">
      <instance_effect url="#Material_001-effect"/>
    </material>
  </library_materials>
  <library_geometries>
    <geometry id="Box_obstac-mesh" name="Box_obstac">
      <mesh>
        <source id="Box_obstac-mesh-positions">
          <float_array id="Box_obstac-mesh-positions-array" count="2724">449.2772 216.802 144.3259 434.0867 -218.198 129.1354 449.2772 216.802 -144.3259 434.0867 -218.198 -129.1354 369.3259 216.802 -224.2772 354.1354 -218.198 -209.0867 -369.3259 216.802 -224.2772 -354.1354 -218.198 -209.0867 -449.2772 216.802 -144.3259 -434.0867 -218.198 -129.1354 -449.2772 216.802 144.3259 -434.0867 -218.198 129.1354 -369.3259 216.802 224.2772 -354.1354 -218.198 209.0867 369.3259 216.802 224.2772 354.1354 -218.198 209.0867 429.2894 237.5 144.3259 429.2894 237.5 -144.3275 369.3259 237.5 -204.2894 379.7478 237.5 -203.3777 428.3775 237.5 -154.7493 389.8469 237.5 -200.6718 425.6713 237.5 -164.8483 399.3181 237.5 -196.2554 421.2546 237.5 -174.3195 407.8759 237.5 -190.2634 415.2624 237.5 -182.8771 -429.2894 237.5 -144.3259 -429.2894 237.5 144.3259 -369.3259 237.5 204.2894 -379.7477 237.5 203.3777 -428.3775 237.5 154.7493 -389.8469 237.5 200.6718 -425.6712 237.5 164.8483 -399.3181 237.5 196.2554 -421.2546 237.5 174.3195 -407.8759 237.5 190.2634 -415.2624 237.5 182.8771 407.8771 237.5 190.2624 415.2634 237.5 182.8759 399.3195 237.5 196.2546 421.2554 237.5 174.3181 389.8484 237.5 200.6712 425.6718 237.5 164.8469 379.7493 237.5 203.3775 428.3778 237.5 154.7477 369.3259 237.5 204.2894 -369.3275 237.5 -204.2894 -428.3777 237.5 -154.7477 -379.7493 237.5 -203.3774 -425.6718 237.5 -164.8469 -389.8483 237.5 -200.6712 -421.2554 237.5 -174.3181 -399.3195 237.5 -196.2546 -415.2634 237.5 -182.8759 -407.8771 237.5 -190.2624 354.1354 -237.5 -189.0989 354.1354 -237.5 189.0989 -354.137 -237.5 -189.0989 -354.1354 -237.5 189.0989 392.6854 -237.5 -175.0728 400.0718 -237.5 -167.6866 406.0641 -237.5 -159.129 -392.6854 -237.5 175.0728 -400.0718 -237.5 167.6866 -406.0641 -237.5 159.129 384.1276 -237.5 -181.0649 410.4807 -237.5 -149.6578 374.6563 -237.5 -185.4813 413.187 -237.5 -139.5587 364.5572 -237.5 -188.1872 414.0989 -237.5 -129.137 414.0989 -237.5 129.1354 413.1872 -237.5 139.5572 364.5587 -237.5 188.1869 410.4813 -237.5 149.6563 374.6578 -237.5 185.4807 406.065 -237.5 159.1276 384.129 -237.5 181.0641 400.0729 -237.5 167.6854 392.6866 -237.5 175.0718 -384.1276 -237.5 181.0649 -410.4807 -237.5 149.6578 -374.6563 -237.5 185.4813 -413.1869 -237.5 139.5587 -364.5572 -237.5 188.1872 -414.0989 -237.5 129.1354 -414.0989 -237.5 -129.1354 -413.1872 -237.5 -139.5572 -364.5587 -237.5 -188.1869 -410.4813 -237.5 -149.6563 -374.6578 -237.5 -185.4807 -406.0649 -237.5 -159.1276 -384.1289 -237.5 -181.0641 -400.0728 -237.5 -167.6854 -392.6866 -237.5 -175.0718 383.2103 216.6916 -223.0591 368.0273 -218.3084 -207.8672 383.2178 216.6916 -223.0578 381.4898 -218.3943 -204.2563 396.6712 216.6058 -219.4502 396.6804 216.6057 -219.4469 394.1161 -218.453 -198.3658 420.7144 216.5172 -205.5672 405.5255 -218.4828 -190.3754 409.3067 216.547 -213.5563 409.3002 216.5471 -213.56 420.716 216.5172 -205.5659 430.5646 216.5172 -195.7176 415.374 -218.4828 -180.527 430.5673 216.5172 -195.7143 438.5553 216.547 -184.3084 423.3648 -218.453 -169.1179 438.5601 216.5471 -184.3002 444.4462 216.6057 -171.6823 429.2557 -218.3943 -156.4918 449.2772 216.802 -144.3281 434.0867 -218.198 -129.1375 448.0592 216.6916 -158.2102 432.8669 -218.3084 -143.0293 448.0574 216.6916 -158.2198 444.4503 216.6058 -171.6711 448.0592 216.6916 158.2102 432.8673 -218.3084 143.0272 448.0578 216.6916 158.2178 429.2564 -218.3943 156.4898 444.4503 216.6058 171.6711 444.4469 216.6057 171.6803 423.3659 -218.453 169.1161 430.5673 216.5172 195.7143 415.3754 -218.4828 180.5254 438.5563 216.547 184.3066 438.5601 216.5471 184.3002 430.5659 216.5172 195.716 420.7176 216.5172 205.5646 405.527 -218.4828 190.374 420.7144 216.5172 205.5672 409.3085 216.547 213.5553 394.1179 -218.453 198.3648 409.3002 216.5471 213.56 396.6823 216.6057 219.4462 381.4918 -218.3943 204.2556 369.3281 216.802 224.2772 354.1375 -218.198 209.0867 383.2103 216.6916 223.0591 368.0294 -218.3084 207.8669 383.2199 216.6916 223.0574 396.6712 216.6058 219.4502 -448.0591 216.6916 -158.2102 -432.8673 -218.3084 -143.0272 -448.0578 216.6916 -158.2178 -429.2564 -218.3943 -156.4898 -444.4502 216.6058 -171.6711 -444.4469 216.6057 -171.6803 -423.3658 -218.453 -169.1161 -430.5673 216.5172 -195.7143 -415.3754 -218.4828 -180.5254 -438.5563 216.547 -184.3066 -438.56 216.5471 -184.3002 -430.5659 216.5172 -195.7159 -420.7176 216.5172 -205.5645 -405.527 -218.4828 -190.374 -420.7143 216.5172 -205.5672 -409.3084 216.547 -213.5553 -394.1179 -218.453 -198.3648 -409.3002 216.5471 -213.56 -396.6823 216.6057 -219.4462 -381.4917 -218.3943 -204.2556 -369.328 216.802 -224.2772 -354.1375 -218.198 -209.0867 -383.2102 216.6916 -223.0591 -368.0293 -218.3084 -207.8669 -383.2199 216.6916 -223.0574 -396.6711 216.6058 -219.4502 -383.2102 216.6916 223.0591 -368.0272 -218.3084 207.8673 -383.2178 216.6916 223.0578 -381.4898 -218.3943 204.2564 -396.6711 216.6058 219.4502 -396.6803 216.6057 219.4469 -394.1161 -218.453 198.3658 -420.7143 216.5172 205.5672 -405.5254 -218.4828 190.3754 -409.3066 216.547 213.5563 -409.3002 216.5471 213.56 -420.716 216.5172 205.5659 -430.5646 216.5172 195.7176 -415.374 -218.4828 180.527 -430.5673 216.5172 195.7143 -438.5553 216.547 184.3085 -423.3648 -218.453 169.1179 -438.56 216.5471 184.3002 -444.4462 216.6057 171.6823 -429.2556 -218.3943 156.4918 -449.2772 216.802 144.328 -434.0867 -218.198 129.1375 -448.0591 216.6916 158.2102 -432.8669 -218.3084 143.0293 -448.0574 216.6916 158.2199 -444.4502 216.6058 171.6711 -449.1317 220.0066 -144.3259 -447.9306 219.908 -158.1954 -444.3376 219.8312 -171.6405 -438.4632 219.7786 -184.2528 -420.6513 219.7519 -205.4856 -409.2547 219.7786 -213.4622 -396.6425 219.8311 -219.3369 -383.1974 219.908 -222.9302 -369.328 228.9143 -220.7124 -369.3279 231.3932 -218.6762 -369.3259 228.9143 -220.7124 -369.328 226.1417 -222.326 -369.3259 226.1417 -222.326 -369.328 223.1468 -223.4757 -369.3259 223.1468 -223.4757 -369.328 220.0066 -224.1317 -369.3259 220.0066 -224.1317 -380.3065 237.241 -206.5372 -369.3276 237.2427 -207.487 -380.8493 236.4705 -209.6151 -369.3277 236.4775 -210.6024 -381.3636 235.2087 -212.5315 -369.3278 235.2241 -213.5553 -381.8361 233.4881 -215.2107 -369.3278 233.5146 -216.2699 -382.2545 231.3534 -217.5834 -382.608 228.8598 -219.588 -382.8875 226.0719 -221.1728 -383.0857 223.0619 -222.2966 -390.9487 237.2396 -203.6942 -392.0204 236.4651 -206.6385 -393.0355 235.1967 -209.4273 -393.9676 233.4674 -211.9882 -394.7925 231.3223 -214.2543 -395.4886 228.8173 -216.1666 -396.0378 226.0175 -217.6755 -396.4258 222.9959 -218.7415 -400.9309 237.2386 -199.0456 -402.5003 236.4614 -201.7637 -403.9865 235.1885 -204.3378 -405.3507 233.4532 -206.7006 -406.5573 231.3011 -208.7903 -407.5747 228.7882 -210.5525 -408.3763 225.9803 -211.9409 -408.9412 222.9507 -212.9193 -409.9506 237.2382 -192.7334 -411.9698 236.4594 -195.1397 -413.8819 235.1843 -197.4184 -415.6367 233.4461 -199.5096 -417.1883 231.2903 -201.3587 -418.4961 228.7734 -202.9172 -419.5259 225.9614 -204.1444 -420.2506 222.9277 -205.0081 -417.7345 237.2382 -184.9493 -420.1408 236.4594 -186.9685 -422.4195 235.1843 -188.8805 -424.5108 233.4461 -190.6352 -426.3599 231.2903 -192.1868 -427.9185 228.7734 -193.4946 -429.1457 225.9614 -194.5243 -430.0094 222.9277 -195.249 -430.487 219.7519 -195.6497 -424.0465 237.2386 -175.9295 -426.7646 236.4614 -177.4988 -429.3387 235.1885 -178.9849 -431.7015 233.4533 -180.3491 -433.7913 231.3011 -181.5556 -435.5535 228.7882 -182.5729 -436.9419 225.9803 -183.3745 -437.9204 222.9507 -183.9394 -428.6948 237.2396 -165.9471 -431.6391 236.4651 -167.0187 -434.428 235.1967 -168.0338 -436.9888 233.4674 -168.9658 -439.2549 231.3224 -169.7906 -441.1673 228.8173 -170.4867 -442.6762 226.0175 -171.0358 -443.7422 222.9959 -171.4238 -431.5375 237.241 -155.3049 -434.6154 236.4705 -155.8476 -437.5318 235.2087 -156.3618 -440.211 233.4881 -156.8342 -442.5837 231.3534 -157.2526 -444.5884 228.8598 -157.606 -446.1731 226.0719 -157.8855 -447.2969 223.0619 -158.0836 -432.487 237.2427 -144.3259 -435.6024 236.4775 -144.3259 -438.5553 235.2241 -144.3259 -441.2699 233.5146 -144.3259 -443.6762 231.3932 -144.3259 -445.7124 228.9143 -144.3259 -447.326 226.1417 -144.3259 -448.4757 223.1468 -144.3259 -432.487 237.2427 144.3259 -435.6024 236.4775 144.3259 -438.5553 235.2241 144.3259 -441.2699 233.5146 144.3259 -443.6762 231.3932 144.3259 -445.7124 228.9143 144.3259 -447.326 226.1417 144.3259 -448.4757 223.1468 144.3259 -449.1317 220.0066 144.3259 369.3259 237.2427 -207.487 369.3259 236.4775 -210.6024 369.3259 235.2241 -213.5553 369.3259 233.5146 -216.2699 369.3259 231.3932 -218.6762 369.3259 228.9143 -220.7124 369.3259 226.1417 -222.326 369.3259 223.1468 -223.4757 369.3259 220.0066 -224.1317 -369.3259 220.0066 224.1317 -383.1954 219.908 222.9306 -396.6405 219.8312 219.3376 -409.2528 219.7786 213.4632 -430.4856 219.7519 195.6513 -438.4622 219.7786 184.2547 -444.3369 219.8311 171.6425 -447.9302 219.908 158.1974 -445.7124 228.9143 144.328 -447.3261 226.1417 144.328 -448.4757 223.1468 144.328 -449.1317 220.0066 144.328 -431.5372 237.241 155.3065 -434.6151 236.4705 155.8493 -437.5315 235.2087 156.3636 -440.2107 233.4881 156.8361 -442.5834 231.3534 157.2545 -444.588 228.8598 157.608 -446.1728 226.0719 157.8875 -447.2966 223.0619 158.0857 -428.6943 237.2396 165.9487 -431.6385 236.4651 167.0204 -434.4273 235.1967 168.0355 -436.9882 233.4674 168.9676 -439.2543 231.3223 169.7925 -441.1666 228.8173 170.4886 -442.6755 226.0175 171.0378 -443.7415 222.9959 171.4258 -424.0457 237.2386 175.9309 -426.7637 236.4614 177.5003 -429.3378 235.1885 178.9865 -431.7006 233.4532 180.3507 -433.7904 231.3011 181.5573 -435.5525 228.7882 182.5747 -436.9409 225.9803 183.3763 -437.9193 222.9507 183.9412 -417.7334 237.2382 184.9506 -420.1397 236.4594 186.9699 -422.4183 235.1843 188.8819 -424.5096 233.4461 190.6367 -426.3587 231.2903 192.1883 -427.9172 228.7734 193.4961 -429.1444 225.9614 194.5259 -430.0081 222.9277 195.2506 -409.9494 237.2382 192.7345 -411.9685 236.4594 195.1408 -413.8805 235.1843 197.4195 -415.6353 233.4461 199.5108 -417.1868 231.2903 201.36 -418.4946 228.7734 202.9186 -419.5243 225.9614 204.1457 -420.249 222.9277 205.0094 -420.6497 219.7519 205.487 -400.9295 237.2386 199.0465 -402.4988 236.4614 201.7646 -403.9849 235.1885 204.3387 -405.349 233.4533 206.7015 -406.5556 231.3011 208.7913 -407.5729 228.7882 210.5535 -408.3746 225.9803 211.9419 -408.9395 222.9507 212.9204 -390.9471 237.2396 203.6948 -392.0187 236.4651 206.6391 -393.0338 235.1967 209.428 -393.9658 233.4674 211.9888 -394.7906 231.3224 214.255 -395.4867 228.8173 216.1673 -396.0358 226.0175 217.6762 -396.4238 222.9959 218.7422 -380.3049 237.241 206.5375 -380.8476 236.4705 209.6154 -381.3618 235.2087 212.5318 -381.8342 233.4881 215.211 -382.2526 231.3534 217.5837 -382.6061 228.8598 219.5884 -382.8855 226.0719 221.1731 -383.0836 223.0619 222.2969 -369.3259 237.2427 207.487 -369.3259 236.4775 210.6024 -369.3259 235.2241 213.5553 -369.3259 233.5146 216.2699 -369.3259 231.3932 218.6762 -369.3259 228.9143 220.7124 -369.3259 226.1417 222.326 -369.3259 223.1468 223.4757 383.1954 219.908 -222.9306 396.6406 219.8312 -219.3376 409.2529 219.7786 -213.4632 430.4857 219.7519 -195.6513 438.4622 219.7786 -184.2547 444.3369 219.8311 -171.6425 447.9302 219.908 -158.1974 445.7124 228.9143 -144.3279 443.6762 231.3932 -144.3279 445.7124 228.9143 -144.3259 447.3261 226.1417 -144.328 447.3261 226.1417 -144.3259 448.4757 223.1468 -144.328 448.4757 223.1468 -144.3259 449.1317 220.0066 -144.328 449.1317 220.0066 -144.3259 431.5372 237.241 -155.3065 432.487 237.2427 -144.3276 434.6152 236.4705 -155.8493 435.6024 236.4775 -144.3277 437.5315 235.2087 -156.3636 438.5554 235.2241 -144.3278 440.2107 233.4881 -156.8361 441.2699 233.5146 -144.3278 442.5834 231.3534 -157.2545 444.5881 228.8598 -157.608 446.1728 226.0719 -157.8875 447.2966 223.0619 -158.0857 428.6943 237.2396 -165.9487 431.6385 236.4651 -167.0204 434.4274 235.1967 -168.0355 436.9882 233.4674 -168.9676 439.2543 231.3223 -169.7925 441.1666 228.8173 -170.4886 442.6755 226.0175 -171.0377 443.7415 222.9959 -171.4258 424.0457 237.2386 -175.9309 426.7637 236.4614 -177.5003 429.3378 235.1885 -178.9865 431.7006 233.4532 -180.3507 433.7904 231.3011 -181.5573 435.5525 228.7882 -182.5747 436.9409 225.9803 -183.3763 437.9193 222.9507 -183.9412 417.7334 237.2382 -184.9506 420.1398 236.4594 -186.9698 422.4184 235.1843 -188.8819 424.5097 233.4461 -190.6367 426.3587 231.2903 -192.1883 427.9172 228.7734 -193.4961 429.1444 225.9614 -194.5259 430.0081 222.9277 -195.2506 409.9494 237.2382 -192.7345 411.9685 236.4594 -195.1408 413.8805 235.1843 -197.4195 415.6353 233.4461 -199.5108 417.1868 231.2903 -201.36 418.4946 228.7734 -202.9185 419.5244 225.9614 -204.1457 420.249 222.9277 -205.0094 420.6498 219.7519 -205.487 400.9295 237.2386 -199.0465 402.4988 236.4614 -201.7646 403.9849 235.1885 -204.3387 405.3491 233.4533 -206.7015 406.5556 231.3011 -208.7913 407.573 228.7882 -210.5535 408.3746 225.9803 -211.9419 408.9395 222.9507 -212.9204 390.9472 237.2396 -203.6948 392.0187 236.4651 -206.6391 393.0338 235.1967 -209.428 393.9659 233.4674 -211.9888 394.7907 231.3224 -214.2549 395.4867 228.8173 -216.1673 396.0358 226.0175 -217.6762 396.4238 222.9959 -218.7422 380.3049 237.241 -206.5375 380.8476 236.4705 -209.6154 381.3618 235.2087 -212.5318 381.8342 233.4881 -215.211 382.2526 231.3534 -217.5837 382.6061 228.8598 -219.5884 382.8855 226.0719 -221.1731 383.0836 223.0619 -222.2969 369.3259 237.2427 207.487 369.3259 236.4775 210.6024 369.3259 235.2241 213.5553 369.3259 233.5146 216.2699 369.3259 231.3932 218.6762 369.3259 228.9143 220.7124 369.3259 226.1417 222.326 369.3259 223.1468 223.4757 369.3259 220.0066 224.1317 432.487 237.2427 144.3259 435.6024 236.4775 144.3259 438.5553 235.2241 144.3259 441.2699 233.5146 144.3259 443.6762 231.3932 144.3259 445.7124 228.9143 144.3259 447.3261 226.1417 144.3259 448.4757 223.1468 144.3259 449.1317 220.0066 144.3259 447.9306 219.908 158.1954 444.3376 219.8312 171.6405 438.4633 219.7786 184.2528 420.6514 219.7519 205.4856 409.2547 219.7786 213.4622 396.6425 219.8311 219.3369 383.1975 219.908 222.9302 369.328 228.9143 220.7124 369.328 226.1417 222.3261 369.3281 223.1468 223.4757 369.3281 220.0066 224.1317 380.3065 237.241 206.5372 380.8493 236.4705 209.6152 381.3636 235.2087 212.5315 381.8361 233.4881 215.2107 382.2545 231.3534 217.5834 382.608 228.8598 219.5881 382.8875 226.0719 221.1728 383.0857 223.0619 222.2966 390.9487 237.2396 203.6942 392.0204 236.4651 206.6385 393.0355 235.1967 209.4273 393.9677 233.4674 211.9882 394.7925 231.3223 214.2543 395.4886 228.8173 216.1666 396.0378 226.0175 217.6755 396.4258 222.9959 218.7415 400.931 237.2386 199.0456 402.5003 236.4614 201.7637 403.9865 235.1885 204.3378 405.3507 233.4532 206.7006 406.5573 231.3011 208.7904 407.5747 228.7882 210.5525 408.3764 225.9803 211.9409 408.9412 222.9507 212.9193 409.9506 237.2382 192.7334 411.9699 236.4594 195.1398 413.8819 235.1843 197.4184 415.6367 233.4461 199.5096 417.1884 231.2903 201.3587 418.4962 228.7734 202.9172 419.5259 225.9614 204.1444 420.2506 222.9277 205.0081 417.7345 237.2382 184.9494 420.1409 236.4594 186.9685 422.4196 235.1843 188.8805 424.5108 233.4461 190.6352 426.36 231.2903 192.1868 427.9185 228.7734 193.4946 429.1458 225.9614 194.5243 430.0095 222.9277 195.249 430.487 219.7519 195.6497 424.0465 237.2386 175.9295 426.7646 236.4614 177.4988 429.3387 235.1885 178.9849 431.7015 233.4533 180.3491 433.7914 231.3011 181.5556 435.5535 228.7882 182.5729 436.942 225.9803 183.3746 437.9204 222.9507 183.9394 428.6948 237.2396 165.9471 431.6391 236.4651 167.0187 434.428 235.1967 168.0338 436.9888 233.4674 168.9659 439.255 231.3224 169.7906 441.1674 228.8173 170.4867 442.6762 226.0175 171.0358 443.7422 222.9959 171.4238 431.5375 237.241 155.3049 434.6154 236.4705 155.8476 437.5318 235.2087 156.3618 440.2111 233.4881 156.8342 442.5838 231.3534 157.2526 444.5884 228.8598 157.6061 446.1732 226.0719 157.8855 447.2969 223.0619 158.0836 354.1354 -224.8481 207.7001 354.1354 -227.9003 206.182 354.1375 -227.9003 206.182 354.1354 -221.5823 208.6778 354.1375 -224.8481 207.7001 354.1375 -221.5823 208.6778 354.1354 -237.2095 192.4954 365.1466 -237.2116 191.5199 375.8122 -237.2132 188.6522 385.8133 -237.2143 183.9814 394.8498 -237.2148 177.6498 402.6509 -237.2148 169.8485 408.9822 -237.2143 160.8119 413.6528 -237.2132 150.8106 416.5202 -237.2116 140.1449 417.4954 -237.2095 129.1354 354.1354 -236.3463 195.7933 365.7174 -236.3545 194.7568 376.9335 -236.3609 191.7327 387.4495 -236.3652 186.8153 396.9514 -236.3674 180.1542 405.1554 -236.3674 171.95 411.8162 -236.3652 162.448 416.7333 -236.3609 151.9318 419.7572 -236.3545 140.7156 420.7933 -236.3463 129.1354 354.1354 -234.9357 198.8966 366.2548 -234.9537 197.8042 377.9895 -234.9677 194.6339 388.9909 -234.9772 189.4848 398.9313 -234.982 182.5137 407.515 -234.982 173.9299 414.4858 -234.9772 163.9893 419.6345 -234.9677 152.9878 422.8045 -234.9537 141.2529 423.8967 -234.9357 129.1354 354.1354 -233.0185 201.7154 366.7432 -233.0494 200.5741 378.95 -233.0734 197.2725 390.3933 -233.0898 191.9138 400.7332 -233.0981 184.661 409.6622 -233.0981 175.7317 416.9148 -233.0898 165.3916 422.2732 -233.0734 153.9482 425.5745 -233.0494 141.7413 426.7154 -233.0185 129.1354 354.1354 -230.6504 204.1676 367.1688 -230.6966 202.9868 379.7873 -230.7324 199.5729 391.6168 -230.7569 194.0328 402.3056 -230.7693 186.5349 411.5361 -230.7693 177.304 419.0338 -230.7569 166.615 424.5736 -230.7324 154.7854 427.9872 -230.6966 142.1668 429.1676 -230.6504 129.1354 367.5189 -227.9632 204.9726 380.4775 -228.012 201.4692 392.6262 -228.0453 195.7812 403.6036 -228.0621 188.0818 413.0831 -228.0621 178.602 420.7822 -228.0453 167.6245 426.4699 -228.012 155.4756 429.973 -227.9632 142.5169 431.182 -227.9003 129.1354 367.7838 -224.9279 206.4742 381.0008 -224.99 202.9068 393.393 -225.0323 197.1091 404.5903 -225.0538 189.2578 414.2591 -225.0538 179.5888 422.1102 -225.0323 168.3912 427.9075 -224.9899 155.9989 431.4746 -224.9279 142.7817 432.7001 -224.8481 129.1354 367.9555 -221.6784 207.4483 381.3422 -221.7531 203.8446 393.895 -221.8041 197.9786 405.2377 -221.83 190.0292 415.0305 -221.83 180.236 422.9797 -221.8041 168.8931 428.8453 -221.7531 156.3402 432.4487 -221.6784 142.9534 433.6778 -221.5823 129.1354 -354.1354 -237.2095 192.4954 -354.1354 -236.3463 195.7933 -354.1354 -234.9357 198.8966 -354.1354 -233.0185 201.7154 -354.1354 -230.6504 204.1676 -354.1354 -227.9003 206.182 -354.1354 -224.8481 207.7001 -354.1354 -221.5823 208.6778 417.4954 -237.2095 -129.1371 420.7933 -236.3463 -129.1372 423.8967 -234.9357 -129.1372 426.7154 -233.0185 -129.1373 429.1676 -230.6504 -129.1374 431.182 -227.9003 -129.1354 432.7001 -224.8481 -129.1354 433.6778 -221.5823 -129.1354 -432.7001 -224.8481 129.1354 -431.182 -227.9003 129.1354 -431.182 -227.9003 129.1374 -433.6778 -221.5823 129.1354 -432.7001 -224.8481 129.1375 -433.6778 -221.5823 129.1375 -417.4954 -237.2095 129.1354 -416.5199 -237.2116 140.1465 -413.6522 -237.2132 150.8122 -408.9813 -237.2143 160.8133 -402.6498 -237.2148 169.8498 -394.8485 -237.2148 177.6509 -385.8119 -237.2143 183.9822 -375.8106 -237.2132 188.6528 -365.1449 -237.2116 191.5202 -420.7933 -236.3463 129.1354 -419.7568 -236.3545 140.7174 -416.7327 -236.3609 151.9335 -411.8153 -236.3652 162.4495 -405.1542 -236.3674 171.9514 -396.95 -236.3674 180.1553 -387.448 -236.3652 186.8161 -376.9318 -236.3609 191.7333 -365.7156 -236.3545 194.7571 -423.8966 -234.9357 129.1354 -422.8042 -234.9537 141.2547 -419.6339 -234.9677 152.9895 -414.4848 -234.9772 163.9909 -407.5137 -234.982 173.9313 -398.9299 -234.982 182.5149 -388.9893 -234.9772 189.4858 -377.9878 -234.9677 194.6345 -366.2529 -234.9537 197.8045 -426.7154 -233.0185 129.1354 -425.5741 -233.0494 141.7432 -422.2725 -233.0734 153.9499 -416.9138 -233.0898 165.3933 -409.661 -233.0981 175.7331 -400.7316 -233.0981 184.6623 -390.3916 -233.0898 191.9148 -378.9481 -233.0734 197.2732 -366.7413 -233.0494 200.5745 -429.1676 -230.6504 129.1354 -427.9868 -230.6966 142.1687 -424.5729 -230.7324 154.7873 -419.0328 -230.7569 166.6167 -411.5349 -230.7693 177.3055 -402.304 -230.7693 186.5361 -391.615 -230.7569 194.0338 -379.7854 -230.7324 199.5736 -367.1668 -230.6966 202.9872 -429.9726 -227.9632 142.5189 -426.4692 -228.012 155.4775 -420.7812 -228.0453 167.6262 -413.0818 -228.0621 178.6036 -403.602 -228.0621 188.0831 -392.6245 -228.0453 195.7822 -380.4756 -228.012 201.4699 -367.5169 -227.9632 204.9729 -431.4742 -224.9279 142.7837 -427.9068 -224.99 156.0008 -422.1091 -225.0323 168.393 -414.2578 -225.0538 179.5903 -404.5888 -225.0538 189.2591 -393.3912 -225.0323 197.1101 -380.9989 -224.9899 202.9075 -367.7817 -224.9279 206.4746 -432.4483 -221.6784 142.9555 -428.8446 -221.7531 156.3421 -422.9786 -221.8041 168.8949 -415.0292 -221.83 180.2377 -405.236 -221.83 190.0305 -393.8931 -221.8041 197.9797 -381.3402 -221.7531 203.8453 -367.9534 -221.6784 207.4487 431.182 -227.9003 -129.1374 432.7001 -224.8481 -129.1375 433.6778 -221.5823 -129.1375 416.5199 -237.2116 -140.1465 413.6522 -237.2132 -150.8122 408.9814 -237.2143 -160.8133 402.6498 -237.2148 -169.8498 394.8485 -237.2148 -177.6508 385.8119 -237.2143 -183.9822 375.8107 -237.2132 -188.6527 365.1449 -237.2116 -191.5202 354.1354 -237.2095 -192.4954 419.7568 -236.3545 -140.7173 416.7327 -236.3609 -151.9335 411.8153 -236.3652 -162.4495 405.1542 -236.3674 -171.9514 396.95 -236.3674 -180.1553 387.448 -236.3652 -186.8161 376.9319 -236.3609 -191.7333 365.7156 -236.3545 -194.7571 354.1354 -236.3463 -195.7933 422.8042 -234.9537 -141.2547 419.6339 -234.9677 -152.9895 414.4849 -234.9772 -163.9909 407.5137 -234.982 -173.9313 398.9299 -234.982 -182.5149 388.9893 -234.9772 -189.4858 377.9878 -234.9677 -194.6345 366.2529 -234.9537 -197.8045 354.1354 -234.9357 -198.8966 425.5742 -233.0494 -141.7432 422.2725 -233.0734 -153.9499 416.9139 -233.0898 -165.3933 409.661 -233.0981 -175.7331 400.7317 -233.0981 -184.6623 390.3917 -233.0898 -191.9148 378.9482 -233.0734 -197.2732 366.7414 -233.0494 -200.5745 354.1354 -233.0185 -201.7154 427.9868 -230.6966 -142.1687 424.5729 -230.7324 -154.7873 419.0328 -230.7569 -166.6167 411.5349 -230.7693 -177.3055 402.304 -230.7693 -186.5361 391.6151 -230.7569 -194.0338 379.7855 -230.7324 -199.5736 367.1668 -230.6966 -202.9871 354.1354 -230.6504 -204.1676 429.9726 -227.9632 -142.5189 426.4692 -228.012 -155.4775 420.7813 -228.0453 -167.6262 413.0819 -228.0621 -178.6036 403.6021 -228.0621 -188.0831 392.6245 -228.0453 -195.7822 380.4756 -228.012 -201.4698 367.5169 -227.9632 -204.9729 354.1354 -227.9003 -206.182 431.4743 -224.9279 -142.7837 427.9068 -224.99 -156.0008 422.1091 -225.0323 -168.3929 414.2578 -225.0538 -179.5903 404.5888 -225.0538 -189.2591 393.3912 -225.0323 -197.1101 380.9989 -224.9899 -202.9075 367.7817 -224.9279 -206.4746 354.1354 -224.8481 -207.7001 432.4484 -221.6784 -142.9555 428.8446 -221.7531 -156.3421 422.9786 -221.8041 -168.8949 415.0292 -221.83 -180.2376 405.236 -221.83 -190.0305 393.8931 -221.8041 -197.9796 381.3402 -221.7531 -203.8453 367.9535 -221.6784 -207.4487 354.1354 -221.5823 -208.6778 -417.4954 -237.2095 -129.1354 -420.7933 -236.3463 -129.1354 -423.8966 -234.9357 -129.1354 -426.7154 -233.0185 -129.1354 -429.1676 -230.6504 -129.1354 -431.182 -227.9003 -129.1354 -432.7001 -224.8481 -129.1354 -433.6778 -221.5823 -129.1354 -354.1371 -237.2095 -192.4954 -354.1372 -236.3463 -195.7933 -354.1372 -234.9357 -198.8966 -354.1373 -233.0185 -201.7154 -354.1374 -230.6504 -204.1676 -354.1354 -227.9003 -206.182 -354.1354 -224.8481 -207.7001 -354.1354 -221.5823 -208.6778 -354.1375 -227.9003 -206.182 -354.1375 -224.8481 -207.7001 -354.1375 -221.5823 -208.6778 -365.1465 -237.2116 -191.5199 -375.8122 -237.2132 -188.6522 -385.8133 -237.2143 -183.9813 -394.8498 -237.2148 -177.6498 -402.6509 -237.2148 -169.8485 -408.9822 -237.2143 -160.8119 -413.6528 -237.2132 -150.8106 -416.5202 -237.2116 -140.1449 -365.7174 -236.3545 -194.7568 -376.9335 -236.3609 -191.7327 -387.4495 -236.3652 -186.8153 -396.9513 -236.3674 -180.1542 -405.1553 -236.3674 -171.95 -411.8161 -236.3652 -162.448 -416.7333 -236.3609 -151.9318 -419.7571 -236.3545 -140.7156 -366.2547 -234.9537 -197.8042 -377.9895 -234.9677 -194.6339 -388.9909 -234.9772 -189.4848 -398.9313 -234.982 -182.5137 -407.5149 -234.982 -173.9299 -414.4858 -234.9772 -163.9893 -419.6345 -234.9677 -152.9878 -422.8045 -234.9537 -141.2529 -366.7432 -233.0494 -200.5741 -378.9499 -233.0734 -197.2725 -390.3933 -233.0898 -191.9138 -400.7331 -233.0981 -184.661 -409.6622 -233.0981 -175.7317 -416.9148 -233.0898 -165.3916 -422.2731 -233.0734 -153.9481 -425.5745 -233.0494 -141.7413 -367.1687 -230.6966 -202.9868 -379.7873 -230.7324 -199.5729 -391.6167 -230.7569 -194.0328 -402.3055 -230.7693 -186.5349 -411.5361 -230.7693 -177.304 -419.0338 -230.7569 -166.615 -424.5736 -230.7324 -154.7854 -427.9872 -230.6966 -142.1668 -367.5189 -227.9632 -204.9726 -380.4775 -228.012 -201.4691 -392.6262 -228.0453 -195.7812 -403.6036 -228.0621 -188.0818 -413.0831 -228.0621 -178.602 -420.7822 -228.0453 -167.6245 -426.4698 -228.012 -155.4756 -429.9729 -227.9632 -142.5169 -367.7837 -224.9279 -206.4742 -381.0008 -224.99 -202.9068 -393.393 -225.0323 -197.1091 -404.5903 -225.0538 -189.2577 -414.2591 -225.0538 -179.5888 -422.1102 -225.0323 -168.3911 -427.9075 -224.9899 -155.9988 -431.4746 -224.9279 -142.7817 -367.9555 -221.6784 -207.4483 -381.3421 -221.7531 -203.8446 -393.8949 -221.8041 -197.9786 -405.2377 -221.83 -190.0292 -415.0305 -221.83 -180.236 -422.9797 -221.8041 -168.8931 -428.8453 -221.7531 -156.3402 -432.4487 -221.6784 -142.9535</float_array>
          <technique_common>
            <accessor source="#Box_obstac-mesh-positions-array" count="908" stride="3">
              <param name="X" type="float"/>
              <param name="Y" type="float"/>
              <param name="Z" type="float"/>
            </accessor>
          </technique_common>
        </source>
        <source id="Box_obstac-mesh-normals">
          <float_array id="Box_obstac-mesh-normals-array" count="5436">0.9993908 -0.03489953 0 0.9993909 -0.03489953 0 0 -0.03489947 -0.9993908 0 -0.03489947 -0.9993908 -0.9993908 -0.03489953 0 -0.9993909 -0.03489953 0 0 -0.03489941 0.9993909 0 -0.03489941 0.9993908 0 1 0 0 1 0 0 1 0 0 1 0 0 1 0 0 1 0 0 1 0 0 1 0 0 1 0 0 1 0 0 1 0 0 1 0 0 1 0 0 1 0 0 1 0 0 1 0 0 1 0 0 1 0 0 1 0 0 1 0 0 1 0 0 1 0 0 1 0 0 1 0 0 1 0 0 1 0 0 1 0 0 1 0 0 1 0 0 1 0 0 1 0 0 1 0 0 1 0 0 1 0 0 1 0 0 1 0 0 1 0 0 1 0 0 -1 0 0 -1 0 0 -1 0 0 -1 0 0 -1 0 0 -1 0 0 -1 0 0 -1 0 0 -1 0 0 -1 0 0 -1 0 0 -1 0 0 -1 0 0 -1 0 0 -1 0 0 -1 0 0 -1 0 0 -1 0 0 -1 0 0 -1 0 0 -1 0 0 -1 0 0 -1 0 0 -1 0 0 -1 0 0 -1 0 0 -1 0 0 -1 0 0 -1 0 0 -1 0 0 -1 0 0 -1 0 0 -1 0 0 -1 0 0 -1 0 0 -1 0 0 -1 0 0 -1 0 0.08703505 -0.03780251 -0.9954878 0.08708268 -0.03780555 -0.9954835 0.1736668 -0.04042565 -0.9839745 0.2585712 -0.04272961 -0.9650467 0.2585119 -0.04273009 -0.9650626 0.3402661 -0.04468226 -0.9392669 0.4221528 -0.04635703 -0.9053387 0.5728785 -0.04857784 -0.8181995 0.5728869 -0.0485776 -0.8181936 0.4983808 -0.04763263 -0.8656488 0.4221104 -0.04635769 -0.9053584 0.6494029 -0.04917722 -0.7588528 0.7062351 -0.04932516 -0.706257 0.7062379 -0.04932534 -0.7062543 0.7669957 -0.04912531 -0.639769 0.8181926 -0.04857844 -0.5728883 0.8181785 -0.04857784 -0.5729086 0.8649579 -0.04765063 -0.499577 0.9053533 -0.04635834 -0.4221214 0.9053261 -0.04635739 -0.4221795 0.999391 -0.0348888 5.2489e-4 0.9993911 -0.03489071 2.52831e-4 0.9954866 -0.03780293 -0.08704757 0.9954811 -0.03780686 -0.08710896 0.9838128 -0.04045617 -0.1745733 0.9650409 -0.04273027 -0.2585929 0.9650592 -0.04273074 -0.2585241 0.9383485 -0.04473674 -0.3427839 0.9954879 -0.03780251 0.08703416 0.9954835 -0.03780561 0.0870828 0.9837517 -0.04046159 0.1749156 0.9650469 -0.04272967 0.2585707 0.9650627 -0.04273015 0.2585114 0.9384011 -0.04473495 0.3426401 0.90534 -0.04635697 0.4221501 0.8182005 -0.0485779 0.5728771 0.8181921 -0.04857754 0.5728891 0.86381 -0.04767322 0.5015573 0.9053587 -0.04635763 0.4221097 0.7684813 -0.04911482 0.6379845 0.7062559 -0.04932528 0.7062362 0.7062548 -0.04932534 0.7062373 0.6379845 -0.04911488 0.7684813 0.5728888 -0.04857844 0.8181923 0.5729106 -0.04857784 0.8181771 0.499577 -0.04765057 0.8649579 0.4221228 -0.04635834 0.9053525 0.4221751 -0.04635745 0.9053282 -5.24615e-4 -0.0348705 0.9993917 -2.56548e-4 -0.03489047 0.9993911 0.08704739 -0.03780287 0.9954866 0.08710867 -0.0378068 0.9954811 0.1741526 -0.04043948 0.983888 0.2585977 -0.04273033 0.9650396 0.2585247 -0.04273086 0.9650591 0.3408486 -0.04469329 0.9390553 -0.9954876 -0.03780257 -0.08703637 -0.9954835 -0.03780555 -0.08708268 -0.9844353 -0.04035055 -0.1710526 -0.9650467 -0.04272967 -0.2585712 -0.9650622 -0.04273009 -0.2585135 -0.9385845 -0.0447238 -0.3421388 -0.9053384 -0.04635697 -0.4221533 -0.818201 -0.0485779 -0.5728765 -0.8181939 -0.0485776 -0.5728867 -0.8656105 -0.0476436 -0.4984461 -0.9053586 -0.04635769 -0.4221099 -0.7583379 -0.04918032 -0.6500039 -0.7062559 -0.04932522 -0.7062362 -0.7062543 -0.04932534 -0.7062379 -0.6401225 -0.04912734 -0.7667005 -0.5728878 -0.04857844 -0.8181929 -0.5729106 -0.04857778 -0.8181771 -0.500967 -0.04767096 -0.8641525 -0.4221219 -0.04635828 -0.905353 -0.422175 -0.04635745 -0.9053282 5.32441e-4 -0.03487485 -0.9993915 2.52831e-4 -0.03489065 -0.9993911 -0.08704841 -0.03780293 -0.9954866 -0.08710902 -0.0378068 -0.9954811 -0.1731256 -0.04041296 -0.9840703 -0.2585962 -0.04273033 -0.96504 -0.2585252 -0.04273086 -0.965059 -0.3408486 -0.04469329 -0.9390553 -0.08703416 -0.03780245 0.9954879 -0.08708286 -0.03780555 0.9954835 -0.1749156 -0.04046148 0.9837517 -0.2585707 -0.04272961 0.9650468 -0.2585114 -0.04273009 0.9650627 -0.3426401 -0.04473489 0.9384011 -0.4221537 -0.04635697 0.9053382 -0.5728785 -0.0485779 0.8181995 -0.5728872 -0.0485776 0.8181934 -0.4983808 -0.04763263 0.8656488 -0.4221095 -0.04635769 0.9053587 -0.6379845 -0.04911482 0.7684813 -0.7062362 -0.04932528 0.7062559 -0.7062373 -0.04932534 0.7062548 -0.764922 -0.04913944 0.6422458 -0.8181923 -0.0485785 0.5728888 -0.8181771 -0.0485779 0.5729105 -0.8663455 -0.04761505 0.4971702 -0.9053525 -0.04635834 0.4221228 -0.9053278 -0.04635745 0.4221759 -0.999391 -0.03489148 -5.32441e-4 -0.9993911 -0.03489071 -2.52831e-4 -0.9954865 -0.03780299 0.08704954 -0.995481 -0.03780692 0.08711123 -0.9838129 -0.04045259 0.1745734 -0.9650404 -0.04273027 0.2585946 -0.9650592 -0.0427308 0.2585241 -0.9390441 -0.04469728 0.3408787 -0.9951243 0.04519325 -0.0876643 -0.9650407 0.03996914 -0.2590349 -0.905602 0.03590399 -0.4226061 -0.8186182 0.03312414 -0.5733821 -0.6405717 0.03183281 -0.7672383 -0.5014851 0.03324443 -0.8645273 -0.3415759 0.03603923 -0.9391629 -0.1736251 0.04011964 -0.9839943 0 0.6347309 -0.7727333 0 0.503019 -0.8642753 0.006469845 0.503005 -0.8642593 0.006966829 0.3583602 -0.9335575 -0.005264639 0.3583713 -0.9335643 -0.003007233 0.2044923 -0.9788635 0 0.2044913 -0.9788683 0 0.04536277 -0.9989706 -6.57369e-4 0.04536318 -0.9989704 -0.007041275 0.9967322 -0.08046877 -0.00709629 0.9967534 -0.08020246 -0.02085644 0.9707202 -0.2393062 -0.02102285 0.9709204 -0.2384778 -0.03412866 0.9194189 -0.3917959 -0.03439527 0.919964 -0.390491 -0.04650259 0.8442297 -0.5339604 -0.04686588 0.8452601 -0.532296 -0.05764949 0.747195 -0.6620998 -0.05811899 0.7488442 -0.6601929 -0.06728649 0.63092 -0.7729246 -0.06787002 0.6332684 -0.7709506 -0.07516455 0.4984641 -0.8636456 -0.07587873 0.5015695 -0.8617833 -0.08108639 0.3532998 -0.9319894 -0.08194816 0.3571643 -0.9304398 -0.08490246 0.1991575 -0.9762827 -0.0859313 0.2037376 -0.975247 -0.08651685 0.04023104 -0.9954377 -0.08767628 0.04518806 -0.9951236 -0.02096259 0.9967151 -0.07822906 -0.02096915 0.9967319 -0.07801258 -0.06227493 0.9705657 -0.2326457 -0.06229072 0.9707195 -0.2319988 -0.101933 0.9189943 -0.3808662 -0.1019614 0.9194185 -0.3798337 -0.1388904 0.8434244 -0.5189843 -0.1389445 0.8442299 -0.5176586 -0.1721804 0.7459084 -0.6434086 -0.1722832 0.7471962 -0.6418849 -0.2009395 0.6290909 -0.7509114 -0.2011206 0.6309215 -0.7493255 -0.224439 0.4960483 -0.8387867 -0.2247353 0.4984679 -0.8372717 -0.2420852 0.3502977 -0.9048128 -0.242536 0.3533006 -0.9035236 -0.2534401 0.1955927 -0.9473709 -0.2540897 0.1991592 -0.9464534 -0.2582241 0.0362218 -0.9654058 -0.2590466 0.03996574 -0.9650376 -0.03429448 0.9967023 -0.07354247 -0.03427159 0.9967147 -0.0733847 -0.1019237 0.9704625 -0.2186647 -0.1018592 0.9705654 -0.2182373 -0.1668397 0.9187056 -0.3579729 -0.166737 0.9189947 -0.3572779 -0.2273176 0.8428686 -0.4877492 -0.2271956 0.8434256 -0.4868423 -0.2817669 0.7450382 -0.6045871 -0.2816567 0.7459101 -0.6035626 -0.3287863 0.6278293 -0.7054998 -0.3287196 0.629094 -0.7044034 -0.3671714 0.4943997 -0.7878795 -0.3671913 0.4960511 -0.7868316 -0.3959527 0.348245 -0.8496746 -0.3961037 0.3503012 -0.8487585 -0.4144204 0.1931534 -0.8893523 -0.4147495 0.1955935 -0.8886653 -0.4221147 0.03337979 -0.9059277 -0.4226179 0.03590166 -0.9055966 -0.04658287 0.9966968 -0.06652539 -0.04656136 0.9967021 -0.06645989 -0.1384911 0.9704055 -0.1978216 -0.1384152 0.9704623 -0.1975958 -0.2266929 0.918562 -0.3238121 -0.2265819 0.9187067 -0.3234791 -0.3088569 0.8425926 -0.4411861 -0.3087184 0.8428706 -0.4407517 -0.3828219 0.7445837 -0.5468478 -0.3826718 0.7450407 -0.5463301 -0.4466674 0.6272022 -0.6380483 -0.4465397 0.6278327 -0.6375173 -0.4987646 0.493565 -0.7124797 -0.4986822 0.4944033 -0.7119562 -0.5378025 0.3472005 -0.7682579 -0.5377971 0.3482476 -0.7677876 -0.5628101 0.1919168 -0.8039981 -0.562914 0.1931561 -0.8036284 -0.5731686 0.03182178 -0.8188194 -0.5733935 0.03311753 -0.8186104 -0.05742692 0.9966968 -0.05742537 -0.05742716 0.9966968 -0.05742579 -0.1707543 0.9704058 -0.1707503 -0.1707537 0.970406 -0.1707493 -0.2795071 0.9185618 -0.2794998 -0.2795051 0.9185635 -0.2794961 -0.3808149 0.8425969 -0.3808026 -0.3808161 0.8425952 -0.380805 -0.4720193 0.7445861 -0.4720056 -0.472019 0.7445867 -0.4720048 -0.5507379 0.6272111 -0.5507214 -0.5507397 0.6272061 -0.5507254 -0.6149839 0.4935677 -0.614968 -0.6149836 0.4935694 -0.6149671 -0.6631261 0.3472053 -0.6631081 -0.6631261 0.3472046 -0.6631084 -0.6939718 0.1919162 -0.6939533 -0.6939719 0.191919 -0.6939525 -0.706761 0.03171199 -0.7067413 -0.706761 0.03171187 -0.7067413 -0.0664705 0.9967023 -0.04654163 -0.06651347 0.9966968 -0.04659616 -0.197634 0.9704636 -0.138352 -0.1977831 0.9704066 -0.1385386 -0.3235358 0.9187101 -0.2264873 -0.3237568 0.9185636 -0.2267653 -0.4408269 0.842878 -0.3085911 -0.4411061 0.8425999 -0.3089512 -0.546435 0.7450446 -0.3825145 -0.5467523 0.7445898 -0.3829463 -0.6376355 0.6278435 -0.4463559 -0.6379368 0.6272159 -0.4468074 -0.7120994 0.4944087 -0.4984722 -0.7123569 0.4935726 -0.4989326 -0.7679504 0.3482568 -0.5375587 -0.7681187 0.3472084 -0.5379964 -0.8038118 0.1931598 -0.5626508 -0.8038432 0.1919196 -0.5630301 -0.8188356 0.03177505 -0.573148 -0.7588728 0.0318312 -0.6504606 -0.07340139 0.996715 -0.03422659 -0.07351958 0.9967027 -0.03433203 -0.2182828 0.9705678 -0.1017386 -0.2186077 0.9704647 -0.1020244 -0.357351 0.9190022 -0.166539 -0.3578785 0.9187124 -0.1670048 -0.48695 0.8434345 -0.2269315 -0.4876232 0.8428814 -0.2275405 -0.6036936 0.7459263 -0.2813326 -0.6044434 0.7450492 -0.2820459 -0.7045723 0.6291051 -0.3283361 -0.7053269 0.6278481 -0.3291209 -0.7870215 0.4960767 -0.3667494 -0.7876893 0.4944131 -0.3675612 -0.8489809 0.3503196 -0.3956105 -0.8494606 0.3482611 -0.3963975 -0.8889206 0.195595 -0.4142016 -0.8891169 0.1931629 -0.4149209 -0.905941 0.03332185 -0.4220909 -0.8659121 0.03325092 -0.4990897 -0.07802385 0.9967323 -0.02090543 -0.07820832 0.9967154 -0.02101927 -0.2320358 0.9707226 -0.06210571 -0.2325865 0.9705692 -0.06244021 -0.3798794 0.9194331 -0.1016588 -0.3807686 0.919005 -0.1022009 -0.5177496 0.8442389 -0.13855 -0.5188664 0.8434379 -0.1392487 -0.6419885 0.7472217 -0.1717865 -0.6432621 0.7459313 -0.1726278 -0.7494632 0.6309428 -0.2005393 -0.7507523 0.6291099 -0.201474 -0.8374385 0.4984884 -0.224067 -0.8386023 0.4960817 -0.2250537 -0.9037161 0.3533272 -0.2417789 -0.9046151 0.3503243 -0.2427849 -0.9466762 0.1991774 -0.2532442 -0.9471578 0.1955963 -0.2542326 -0.9654139 0.03617238 -0.2582008 -0.9387416 0.03604203 -0.3427321 -0.08020335 0.9967538 -0.007016062 -0.08045536 0.9967328 -0.0071159 -0.2384799 0.9709252 -0.02077829 -0.2392691 0.9707243 -0.02108448 -0.3904968 0.9199759 -0.03400778 -0.391725 0.9194359 -0.03448617 -0.5323075 0.8452815 -0.04634618 -0.5338973 0.8442428 -0.0469861 -0.6602206 0.7488692 -0.05747759 -0.6620117 0.7472267 -0.05824887 -0.770989 0.6333029 -0.06710815 -0.7728397 0.6309475 -0.06800055 -0.8618451 0.5015951 -0.07500284 -0.8635563 0.4984936 -0.07599037 -0.9305145 0.3571958 -0.08095586 -0.9318954 0.3533312 -0.08202403 -0.9753387 0.2037635 -0.08482319 -0.9761861 0.1991797 -0.08595418 -0.9954423 0.04017317 -0.08649027 -0.9843342 0.0401234 -0.1716867 -0.08020538 0.9967784 0 -0.08020538 0.9967784 0 -0.2385313 0.9711349 0 -0.2385313 0.9711349 0 -0.3907228 0.9205084 0 -0.3907228 0.9205084 0 -0.5328801 0.8461908 0 -0.5328801 0.8461908 0 -0.6613139 0.7501093 0 -0.6613139 0.7501093 0 -0.7727309 0.6347338 0 -0.7727309 0.6347338 0 -0.8642795 0.503012 0 -0.8642795 0.503012 0 -0.9335789 0.3583721 0 -0.9335789 0.3583721 0 -0.9788665 0.2045005 0 -0.9788665 0.2045005 0 -0.9989703 0.04536795 0 -0.9989703 0.04536795 0 0 0.9967784 -0.0802046 0 0.9967784 -0.0802046 0 0.9711349 -0.2385313 0 0.9711347 -0.2385313 0 0.9205083 -0.3907228 0 0.9205084 -0.3907228 0 0.8461894 -0.5328823 0 0.8461894 -0.5328823 0 0.7501114 -0.6613115 0 0.7501114 -0.6613115 0 0.6347309 -0.7727332 0 0.6347309 -0.7727332 0 0.5030155 -0.8642774 0 0.5030155 -0.8642774 0 0.3583763 -0.9335773 0 0.3583763 -0.9335773 0 0.2044913 -0.9788684 0 0.2044913 -0.9788684 0 0.04536318 -0.9989705 0 0.04536318 -0.9989705 -0.0876621 0.04518383 0.995125 -0.2590329 0.03995877 0.9650416 -0.4226058 0.03589344 0.9056026 -0.5733841 0.03312683 0.8186167 -0.7654591 0.03183287 0.6426967 -0.8667203 0.03325319 0.4976848 -0.9391627 0.0360437 0.3415759 -0.9837261 0.04011493 0.1751393 -0.772731 0.6347337 0 -0.8642753 0.503019 0 -0.8642072 0.5029699 -0.01293891 -0.9334895 0.358334 -0.01393264 -0.9335452 0.3583592 -0.008487701 -0.9788045 0.2044799 -0.0113871 -0.9788665 0.2045004 0 -0.9989704 0.04536747 0 -0.9989702 0.04536795 6.57369e-4 -0.08046931 0.9967323 0.007040381 -0.08020335 0.9967533 0.007095336 -0.239308 0.9707197 0.02085345 -0.2384786 0.9709203 0.02102005 -0.3917946 0.9194197 0.03412395 -0.3904917 0.9199639 0.03439009 -0.5339593 0.8442308 0.04649543 -0.5322948 0.8452612 0.04685866 -0.6621034 0.7471925 0.05764108 -0.6601963 0.7488417 0.05811053 -0.7729278 0.6309173 0.06727659 -0.7709221 0.6333031 0.06786936 -0.8636421 0.49847 0.0751661 -0.8617833 0.5015695 0.07587891 -0.9319906 0.3532964 0.08108663 -0.9304397 0.3571643 0.08194917 -0.9762817 0.1991621 0.08490347 -0.975247 0.2037376 0.0859313 -0.9954377 0.04023104 0.08651685 -0.9951232 0.04519277 0.08767741 -0.07822835 0.9967151 0.02096253 -0.07801294 0.9967318 0.02096903 -0.232649 0.970565 0.06227517 -0.2320004 0.9707192 0.06229102 -0.3808631 0.9189957 0.1019319 -0.3798313 0.9194195 0.1019603 -0.5189846 0.8434244 0.1388898 -0.5176565 0.8442311 0.138944 -0.6434086 0.7459084 0.1721804 -0.6418873 0.7471943 0.172283 -0.7509138 0.6290881 0.2009393 -0.7493265 0.6309202 0.2011205 -0.8387869 0.4960482 0.2244386 -0.8372699 0.498471 0.2247353 -0.9048113 0.3503018 0.2420853 -0.9035245 0.3532988 0.2425352 -0.947372 0.1955883 0.2534393 -0.9464523 0.1991636 0.2540905 -0.9654054 0.03622633 0.2582251 -0.9650381 0.03996121 0.2590456 -0.07354152 0.9967024 0.03429412 -0.07338404 0.9967147 0.03427129 -0.2186648 0.9704625 0.1019238 -0.2182403 0.9705646 0.1018597 -0.357975 0.9187049 0.1668391 -0.3572751 0.9189961 0.1667357 -0.487751 0.8428674 0.2273184 -0.4868421 0.8434256 0.2271962 -0.6045848 0.7450401 0.2817666 -0.6035625 0.74591 0.2816566 -0.7054998 0.6278293 0.3287863 -0.7044056 0.6290914 0.3287197 -0.78788 0.4943997 0.3671705 -0.7868319 0.4960511 0.3671904 -0.8496763 0.3482412 0.3959524 -0.8487569 0.3503049 0.396104 -0.8893511 0.1931576 0.4144209 -0.8886665 0.1955894 0.414749 -0.9059282 0.03337556 0.4221138 -0.905596 0.03590595 0.4226188 -0.06652516 0.9966968 0.04658246 -0.06645917 0.9967022 0.04656076 -0.1978232 0.9704051 0.1384921 -0.1975953 0.9704623 0.1384155 -0.3238147 0.9185603 0.2266957 -0.32348 0.9187058 0.2265843 -0.4411807 0.842596 0.3088553 -0.4407534 0.8428695 0.3087192 -0.5468505 0.7445809 0.3828234 -0.5463278 0.7450425 0.3826718 -0.6380443 0.6272069 0.4466665 -0.6375173 0.6278327 0.4465397 -0.7124797 0.493565 0.4987646 -0.7119562 0.4944033 0.4986822 -0.7682589 0.3471971 0.5378032 -0.7677887 0.3482442 0.5377979 -0.8039974 0.1919204 0.5628097 -0.8036278 0.1931598 0.5629136 -0.8188192 0.03182566 0.5731686 -0.8186095 0.03312677 0.5733944 -0.05742514 0.9966967 0.05742681 -0.05742532 0.9966968 0.05742686 -0.170751 0.9704053 0.1707557 -0.1707501 0.9704056 0.1707552 -0.2794958 0.9185638 0.2795041 -0.279501 0.9185614 0.2795069 -0.3808069 0.8425948 0.380815 -0.380802 0.8425981 0.3808125 -0.4720037 0.744589 0.4720167 -0.4720075 0.7445853 0.4720185 -0.5507233 0.627211 0.5507361 -0.5507239 0.6272102 0.5507364 -0.6149721 0.49356 0.614986 -0.6149666 0.4935694 0.6149841 -0.6631083 0.3472025 0.6631273 -0.6631087 0.3472016 0.6631274 -0.6939519 0.1919227 0.6939715 -0.693952 0.1919222 0.6939715 -0.7067413 0.03171199 0.706761 -0.7067413 0.03171187 0.706761 -0.04654222 0.9967023 0.06647086 -0.04659605 0.9966969 0.06651329 -0.1383506 0.9704642 0.197632 -0.1385402 0.9704062 0.1977834 -0.2264915 0.9187079 0.3235388 -0.2267617 0.9185656 0.3237537 -0.3085905 0.8428772 0.4408287 -0.3089526 0.8425977 0.4411094 -0.3825122 0.745047 0.5464333 -0.3829431 0.7445932 0.54675 -0.4463546 0.6278436 0.6376363 -0.4468062 0.6272158 0.6379377 -0.4984689 0.4944146 0.7120975 -0.498937 0.4935648 0.7123593 -0.5375616 0.3482523 0.7679505 -0.5379983 0.3472061 0.7681183 -0.5626529 0.1931547 0.8038116 -0.5630291 0.1919248 0.8038427 -0.5731477 0.03176462 0.8188362 -0.6384307 0.03183239 0.7690207 -0.03422635 0.996715 0.07340145 -0.03433233 0.9967027 0.07352024 -0.1017386 0.9705678 0.2182828 -0.1020228 0.9704653 0.2186058 -0.1665392 0.9190009 0.3573542 -0.1670061 0.9187104 0.357883 -0.2269297 0.8434359 0.4869484 -0.2275409 0.8428808 0.4876239 -0.2813299 0.7459319 0.6036879 -0.2820463 0.7450511 0.6044409 -0.3283376 0.629105 0.7045717 -0.3291224 0.6278482 0.7053263 -0.3667532 0.4960672 0.7870256 -0.3675574 0.4944194 0.7876871 -0.3956088 0.3503139 0.848984 -0.3963959 0.3482552 0.8494637 -0.4141975 0.1956135 0.8889183 -0.4149234 0.1931591 0.8891165 -0.4220931 0.03332382 0.9059398 -0.4990897 0.03325331 0.8659121 -0.02090561 0.9967322 0.07802456 -0.0210191 0.9967156 0.07820838 -0.06210452 0.9707232 0.2320338 -0.06244021 0.9705692 0.2325865 -0.1016595 0.9194319 0.3798822 -0.1022019 0.9190037 0.3807718 -0.1385493 0.8442407 0.5177466 -0.1392481 0.8434399 0.5188634 -0.1717877 0.7472181 0.6419923 -0.1726234 0.7459363 0.6432574 -0.2005348 0.6309484 0.7494598 -0.2014724 0.6291099 0.7507528 -0.2240652 0.4984884 0.8374391 -0.2250555 0.4960729 0.838607 -0.2417796 0.3533251 0.9037168 -0.2427872 0.3503174 0.9046171 -0.2532458 0.1991809 0.946675 -0.25423 0.195615 0.9471546 -0.2581991 0.03616327 0.9654147 -0.3432337 0.03603154 0.9385586 -0.007015764 0.9967539 0.08020263 -0.007116198 0.9967328 0.08045613 -0.02077895 0.9709252 0.2384799 -0.02108424 0.9707249 0.2392669 -0.03400778 0.9199759 0.3904968 -0.03448736 0.9194344 0.3917281 -0.04634749 0.8452814 0.5323075 -0.04698586 0.8442453 0.5338934 -0.05747765 0.7488692 0.6602206 -0.05825078 0.7472227 0.662016 -0.06711 0.6333028 0.7709888 -0.06800019 0.6309532 0.7728351 -0.07500284 0.5015951 0.8618451 -0.07599037 0.4984936 0.8635563 -0.08095562 0.3572041 0.9305114 -0.0820263 0.3533305 0.9318956 -0.08482563 0.2037543 0.9753404 -0.08595407 0.1991809 0.9761859 -0.08649021 0.04017275 0.9954425 -0.1755497 0.04011321 0.983653 0.08766299 0.04518854 -0.9951247 0.2590333 0.03996336 -0.9650413 0.4226065 0.03590172 -0.9056019 0.573384 0.0331307 -0.8186166 0.7675337 0.03183275 -0.6402177 0.8653331 0.03324514 -0.5000934 0.938488 0.03604203 -0.3434257 0.9837256 0.04012423 -0.1751393 0.772731 0.6347337 0 0.8642795 0.503012 0 0.8642795 0.503012 0 0.9335769 0.3583772 0 0.9333586 0.358278 0.02187794 0.9785522 0.2044273 0.02540111 0.9788646 0.2045096 0 0.9989708 0.045358 0 0.9989706 0.04535841 -6.47978e-4 0.08046829 0.9967323 -0.007041573 0.08020389 0.9967532 -0.00709623 0.2393053 0.9707203 -0.02085572 0.2384781 0.9709203 -0.02102196 0.3917977 0.9194182 -0.03412729 0.390484 0.9199669 -0.03439569 0.5339621 0.8442285 -0.04650413 0.532298 0.8452587 -0.04686731 0.6620973 0.7471972 -0.05765086 0.6601948 0.7488424 -0.05811923 0.7729221 0.6309232 -0.06728637 0.7709487 0.6332707 -0.06786966 0.8636503 0.498456 -0.07516473 0.861787 0.501563 -0.07587927 0.9319877 0.3533043 -0.08108651 0.9304365 0.3571726 -0.08194911 0.9762835 0.199153 -0.08490377 0.975247 0.2037368 -0.08593344 0.9954372 0.04024046 -0.08651906 0.9951238 0.04518419 -0.08767539 0.07822841 0.9967151 -0.02096229 0.07801228 0.9967319 -0.02096879 0.232649 0.9705649 -0.06227511 0.231998 0.9707197 -0.06229096 0.3808628 0.9189958 -0.1019328 0.379835 0.9194179 -0.1019611 0.5189892 0.8434214 -0.1388908 0.51766 0.8442289 -0.1389451 0.643408 0.7459089 -0.1721804 0.6418825 0.7471982 -0.1722834 0.7509139 0.6290873 -0.2009412 0.749322 0.6309249 -0.2011229 0.838782 0.4960553 -0.2244412 0.8372773 0.4984582 -0.2247355 0.9048146 0.3502936 -0.2420844 0.9035215 0.3533056 -0.2425364 0.9473711 0.1955907 -0.2534412 0.9464542 0.1991548 -0.2540904 0.9654053 0.03623306 -0.2582246 0.9650377 0.03997033 -0.2590456 0.07354211 0.9967023 -0.03429448 0.07338398 0.9967148 -0.03427153 0.2186625 0.9704629 -0.1019235 0.2182402 0.9705647 -0.1018598 0.3579776 0.9187035 -0.1668406 0.3572747 0.918996 -0.1667367 0.4877431 0.8428723 -0.2273164 0.4868474 0.8434225 -0.227196 0.604594 0.7450323 -0.2817676 0.6035616 0.7459108 -0.2816566 0.7054958 0.6278345 -0.328785 0.7044072 0.6290903 -0.3287187 0.78788 0.4944012 -0.3671686 0.7868288 0.4960576 -0.3671885 0.849679 0.3482336 -0.3959532 0.8487595 0.3502973 -0.3961048 0.8893502 0.1931638 -0.41442 0.8886662 0.1955933 -0.4147477 0.9059286 0.0333755 -0.4221128 0.9055967 0.03590399 -0.4226174 0.06652587 0.9966968 -0.04658293 0.06645971 0.9967021 -0.04656112 0.1978201 0.9704059 -0.13849 0.1975941 0.9704629 -0.138414 0.3238145 0.9185607 -0.2266946 0.3234832 0.9187046 -0.2265843 0.4411852 0.8425937 -0.3088554 0.4407472 0.8428739 -0.3087158 0.5468511 0.7445798 -0.3828248 0.5463349 0.7450356 -0.3826752 0.6380472 0.6272038 -0.4466667 0.6375136 0.6278374 -0.4465383 0.7124791 0.4935652 -0.4987655 0.7119543 0.4944053 -0.4986828 0.7682546 0.3472083 -0.5378023 0.7677923 0.3482375 -0.537797 0.8040003 0.1919128 -0.5628081 0.803627 0.1931647 -0.5629131 0.8188194 0.03182059 -0.5731686 0.8186101 0.03311908 -0.573394 0.05742466 0.9966968 -0.05742645 0.05742609 0.9966967 -0.05742722 0.1707523 0.9704051 -0.1707556 0.1707478 0.9704064 -0.1707532 0.2794972 0.9185628 -0.2795061 0.2794992 0.9185619 -0.2795072 0.3808066 0.8425938 -0.3808174 0.3808033 0.8425961 -0.3808157 0.4720024 0.7445891 -0.4720178 0.472008 0.7445838 -0.4720206 0.5507212 0.627213 -0.5507358 0.5507251 0.6272082 -0.5507376 0.614969 0.4935677 -0.6149829 0.614968 0.4935694 -0.6149826 0.6631107 0.3471994 -0.6631265 0.6631059 0.3472104 -0.6631256 0.6939505 0.191929 -0.6939712 0.6939545 0.1919158 -0.6939707 0.7067432 0.03169524 -0.7067598 0.7067402 0.03171187 -0.7067621 0.0465421 0.9967023 -0.06647098 0.04659563 0.996697 -0.06651312 0.1383499 0.9704642 -0.1976323 0.1385399 0.9704061 -0.1977841 0.2264895 0.9187088 -0.3235377 0.226763 0.9185647 -0.3237552 0.3085907 0.8428772 -0.4408286 0.3089542 0.8425965 -0.4411104 0.3825129 0.745047 -0.5464328 0.3829438 0.7445933 -0.5467494 0.4463529 0.6278492 -0.637632 0.4468078 0.6272169 -0.6379356 0.4984735 0.4944075 -0.7120993 0.4989337 0.4935718 -0.7123567 0.5375608 0.3482511 -0.7679515 0.5379977 0.3472046 -0.7681195 0.5626517 0.1931562 -0.803812 0.5630267 0.19193 -0.8038431 0.573146 0.0317592 -0.8188377 0.6498605 0.03181564 -0.7593874 0.03422623 0.9967151 -0.07340121 0.03433239 0.9967026 -0.07352018 0.1017393 0.9705676 -0.2182835 0.1020228 0.9704653 -0.2186058 0.1665379 0.9190022 -0.3573514 0.1670059 0.918711 -0.3578814 0.2269296 0.8434371 -0.4869465 0.2275419 0.8428809 -0.4876233 0.2813329 0.7459282 -0.6036911 0.2820463 0.7450511 -0.6044409 0.3283376 0.629105 -0.7045717 0.3291193 0.6278532 -0.7053233 0.3667509 0.4960705 -0.7870247 0.3675596 0.4944132 -0.78769 0.3956097 0.3503139 -0.8489836 0.3963966 0.3482555 -0.8494633 0.4141986 0.1956093 -0.8889187 0.4149234 0.1931588 -0.8891165 0.4220931 0.03332811 -0.9059397 0.4990887 0.03325736 -0.8659124 0.02090561 0.9967322 -0.07802438 0.0210191 0.9967154 -0.0782082 0.06210452 0.9707232 -0.2320332 0.06244081 0.9705692 -0.232587 0.1016605 0.9194314 -0.3798829 0.102201 0.9190047 -0.3807694 0.1385487 0.8442414 -0.5177457 0.1392475 0.8434405 -0.5188624 0.1717876 0.747217 -0.6419935 0.1726247 0.7459332 -0.6432608 0.2005354 0.6309473 -0.7494605 0.2014724 0.6291099 -0.7507528 0.2240652 0.4984884 -0.8374391 0.225054 0.4960763 -0.8386054 0.2417783 0.3533291 -0.9037155 0.2427872 0.3503174 -0.9046171 0.2532461 0.1991741 -0.9466763 0.2542297 0.1956106 -0.9471556 0.2581986 0.03616327 -0.9654148 0.3408573 0.03603923 -0.939424 0.007015824 0.9967538 -0.08020257 0.007116198 0.9967328 -0.08045578 0.02077895 0.9709252 -0.2384799 0.02108418 0.970725 -0.2392666 0.03400766 0.9199759 -0.3904968 0.03448742 0.9194344 -0.3917284 0.04634767 0.8452801 -0.5323096 0.04698503 0.8442455 -0.5338931 0.05747652 0.7488713 -0.6602182 0.05825084 0.7472224 -0.6620163 0.06711018 0.6332999 -0.7709912 0.06800019 0.6309508 -0.772837 0.07500249 0.5015987 -0.8618431 0.07599121 0.4984937 -0.8635563 0.08095663 0.3571999 -0.9305129 0.08202499 0.3533346 -0.9318941 0.08482438 0.2037544 -0.9753404 0.08595412 0.1991756 -0.9761869 0.08649015 0.04017359 -0.9954424 0.1743041 0.04011797 -0.9838743 0 0.9967784 0.0802046 0 0.9967784 0.0802046 0 0.9711348 0.2385313 0 0.9711348 0.2385313 0 0.9205084 0.3907228 0 0.9205084 0.3907228 0 0.8461908 0.5328802 0 0.8461908 0.5328802 0 0.7501093 0.6613138 0 0.7501093 0.6613138 0 0.6347337 0.772731 0 0.6347337 0.772731 0 0.503012 0.8642795 0 0.503012 0.8642795 0 0.3583804 0.9335756 0 0.3583804 0.9335756 0 0.2044913 0.9788684 0 0.2044913 0.9788684 0 0.04535841 0.9989707 0 0.04535841 0.9989707 0.08020609 0.9967783 0 0.08020609 0.9967783 0 0.2385313 0.9711348 0 0.2385313 0.9711348 0 0.3907228 0.9205084 0 0.390716 0.9205113 0 0.5328758 0.8461934 0 0.5328844 0.8461881 0 0.6613139 0.7501093 0 0.6613138 0.7501093 0 0.7727309 0.6347337 0 0.7727309 0.6347338 0 0.8642795 0.503012 0 0.8642795 0.503012 0 0.933582 0.3583638 0 0.933582 0.3583638 0 0.9788646 0.2045096 0 0.9788646 0.2045096 0 0.9989708 0.04535841 0 0.9989708 0.04535841 0 0.995125 0.04518383 0.0876621 0.9650412 0.03997039 0.2590328 0.9056023 0.03590202 0.4226056 0.818618 0.03311914 0.5733827 0.6384317 0.03183245 0.76902 0.5000934 0.03324514 0.8653331 0.3415759 0.0360437 0.9391627 0.174602 0.0401166 0.9838216 0 0.6347337 0.772731 0 0.503019 0.8642753 -0.01274865 0.5029711 0.8642092 -0.01372778 0.3583349 0.9334922 0.005114197 0.3583757 0.9335634 0.002921283 0.2044924 0.9788638 0 0.2044914 0.9788684 0 0.045358 0.9989708 6.47978e-4 0.04535841 0.9989706 0.007040143 0.9967323 0.08046925 0.007095217 0.9967533 0.08020257 0.02085322 0.9707202 0.2393058 0.02101939 0.9709202 0.2384786 0.03412312 0.919418 0.3917986 0.03439009 0.9199639 0.3904917 0.04649537 0.8442313 0.5339586 0.04685848 0.8452612 0.5322948 0.05764085 0.7471922 0.6621038 0.05811035 0.7488418 0.6601964 0.06727606 0.6309224 0.7729235 0.06786781 0.6333042 0.7709214 0.07516473 0.4984635 0.863646 0.07587897 0.5015689 0.8617836 0.08108645 0.3533046 0.9319876 0.08194726 0.357165 0.9304395 0.08490163 0.199153 0.9762837 0.0859313 0.2037369 0.9752472 0.08651685 0.04023104 0.9954377 0.08767521 0.04518336 0.9951239 0.02096271 0.996715 0.07822948 0.02096921 0.9967319 0.0780127 0.06227469 0.9705662 0.232644 0.06229043 0.9707196 0.2319983 0.1019328 0.9189943 0.3808664 0.1019611 0.9194178 0.3798355 0.1388894 0.8434244 0.5189846 0.1389437 0.8442326 0.5176544 0.1721808 0.7459083 0.6434085 0.1722834 0.7471932 0.6418885 0.2009393 0.6290881 0.7509138 0.2011209 0.6309242 0.7493231 0.2244399 0.4960484 0.8387864 0.224736 0.498466 0.8372726 0.2420855 0.3502996 0.904812 0.2425369 0.3533068 0.903521 0.2534417 0.1955907 0.9473709 0.2540909 0.1991548 0.9464541 0.2582251 0.03622633 0.9654054 0.2590461 0.03996366 0.9650378 0.0342946 0.9967023 0.07354283 0.03427177 0.9967147 0.07338529 0.1019226 0.9704629 0.218663 0.1018581 0.9705658 0.2182356 0.16684 0.9187049 0.3579745 0.166737 0.9189947 0.3572779 0.2273191 0.8428662 0.4877525 0.2271967 0.8434255 0.4868419 0.2817664 0.7450419 0.6045827 0.2816567 0.7459101 0.6035626 0.3287863 0.6278293 0.7054998 0.3287197 0.6290914 0.7044056 0.3671705 0.4943997 0.78788 0.3671904 0.4960511 0.7868319 0.3959529 0.3482376 0.8496775 0.3961045 0.3503014 0.8487581 0.4144206 0.1931614 0.8893504 0.4147487 0.1955932 0.8886658 0.4221138 0.03337556 0.9059282 0.4226188 0.03590595 0.905596 0.04658287 0.9966968 0.06652539 0.04656141 0.9967021 0.06646025 0.1384909 0.9704055 0.1978218 0.1384143 0.9704627 0.1975939 0.2266945 0.9185611 0.3238133 0.2265836 0.9187058 0.3234804 0.3088585 0.8425915 0.4411871 0.3087208 0.8428679 0.4407552 0.3828192 0.7445879 0.546844 0.3826692 0.7450449 0.5463263 0.4466674 0.6272022 0.6380483 0.4465397 0.6278327 0.6375173 0.498766 0.493561 0.7124816 0.498683 0.4944032 0.7119555 0.5378042 0.3471972 0.7682582 0.5377989 0.3482395 0.7677901 0.5628091 0.1919257 0.8039966 0.562913 0.193165 0.8036269 0.5731687 0.03181785 0.8188195 0.5733945 0.03311908 0.8186098 0.05742704 0.9966967 0.05742561 0.05742716 0.9966968 0.05742579 0.1707543 0.9704058 0.1707503 0.1707537 0.970406 0.1707493 0.2795054 0.9185628 0.2794981 0.2795058 0.9185624 0.2794988 0.38082 0.8425909 0.3808104 0.3808175 0.8425942 0.3808057 0.4720127 0.7445951 0.4719981 0.4720147 0.7445912 0.4720021 0.5507417 0.6272029 0.550727 0.5507405 0.627206 0.5507245 0.6149819 0.4935753 0.614964 0.6149842 0.4935644 0.6149705 0.6631236 0.3472083 0.663109 0.6631242 0.3472017 0.6631118 0.69397 0.1919097 0.693957 0.6939706 0.1919286 0.6939512 0.706761 0.03171199 0.7067413 0.706761 0.03171187 0.7067413 0.06647056 0.9967023 0.04654157 0.06651377 0.9966968 0.0465964 0.1976345 0.9704635 0.1383523 0.1977832 0.9704065 0.1385385 0.3235383 0.9187089 0.2264886 0.3237558 0.9185647 0.2267622 0.4408244 0.842881 0.3085861 0.4411126 0.842594 0.308958 0.5464306 0.7450479 0.3825142 0.5467438 0.7445992 0.3829403 0.6376355 0.6278435 0.4463559 0.6379413 0.6272066 0.446814 0.7120976 0.4944085 0.498475 0.7123526 0.4935805 0.4989309 0.7679545 0.3482409 0.537563 0.7681196 0.3472127 0.5379922 0.8038129 0.1931673 0.5626465 0.8038448 0.1919122 0.5630306 0.8188362 0.03176462 0.5731477 0.7690207 0.03183239 0.6384307 0.07340139 0.996715 0.03422659 0.07351958 0.9967027 0.03433203 0.2182828 0.9705678 0.1017386 0.218608 0.9704645 0.1020247 0.3573537 0.9190009 0.1665405 0.3578812 0.9187111 0.1670063 0.4869463 0.843437 0.2269301 0.4876187 0.8428844 0.2275385 0.6036936 0.7459263 0.2813326 0.6044401 0.745053 0.2820428 0.7045692 0.6291103 0.3283328 0.7053269 0.6278481 0.3291209 0.7870282 0.4960638 0.3667524 0.7876909 0.4944129 0.367558 0.8489831 0.3503179 0.3956072 0.8494663 0.3482443 0.3964001 0.8889186 0.1956052 0.4142007 0.8891152 0.1931711 0.4149207 0.9059407 0.03332382 0.4220913 0.8641265 0.03324502 0.5021756 0.07802402 0.9967322 0.02090549 0.07820832 0.9967154 0.02101922 0.2320373 0.9707221 0.06210595 0.2325868 0.9705693 0.06243968 0.37988 0.9194329 0.1016579 0.3807719 0.9190037 0.1022017 0.5177416 0.8442441 0.1385477 0.518862 0.8434406 0.1392487 0.641992 0.7472181 0.1717888 0.6432621 0.7459313 0.1726278 0.7494676 0.6309373 0.2005404 0.7507489 0.6291153 0.2014696 0.8374356 0.4984953 0.2240623 0.8386095 0.496068 0.2250575 0.9037156 0.3533272 0.2417809 0.9046148 0.3503233 0.2427871 0.9466775 0.1991673 0.2532469 0.9471565 0.1956062 0.2542299 0.9654145 0.03617238 0.2581985 0.9385581 0.03604042 0.3432344 0.08020412 0.9967538 0.007016122 0.08045548 0.9967328 0.007115721 0.2384798 0.9709251 0.0207777 0.2392711 0.9707239 0.02108466 0.3904968 0.9199759 0.03400778 0.3917251 0.9194358 0.03448623 0.5323032 0.8452841 0.04634588 0.5338889 0.8442482 0.04698419 0.6602206 0.7488692 0.05747604 0.6620162 0.7472227 0.05824923 0.770989 0.6333029 0.06710815 0.7728441 0.6309419 0.0680027 0.861845 0.5015951 0.07500481 0.8635523 0.4985007 0.07599008 0.9305177 0.3571876 0.0809561 0.9318956 0.3533311 0.08202201 0.9753369 0.2037726 0.08482092 0.9761878 0.1991703 0.08595651 0.9954417 0.040183 0.08649259 0.9836524 0.04012417 0.1755508 0 -0.4453273 0.8953679 -0.002108871 -0.2868084 0.9579856 0.01371645 -0.1199308 0.9926875 0.007456302 -0.996334 0.08522254 0.007335007 -0.9963598 0.08493083 0.02206218 -0.9963606 0.0823335 0.02193319 -0.9963802 0.08213126 0.03592503 -0.9963808 0.07703858 0.03580981 -0.9963945 0.07691282 0.04866093 -0.9963948 0.06949305 0.04859584 -0.9964016 0.06944304 0.05993199 -0.9964018 0.05993074 0.05993235 -0.9964017 0.05993092 0.06942874 -0.9964017 0.0486133 0.06950783 -0.996395 0.04863834 0.07688969 -0.9963947 0.03585255 0.07705658 -0.9963811 0.0358746 0.08210664 -0.9963808 0.02199935 0.08234727 -0.9963611 0.02198892 0.08491474 -0.9963605 0.007428228 0.0852226 -0.9963348 0.007359802 0.02224171 -0.9671761 0.2531314 0.02189111 -0.967408 0.2522748 0.06561177 -0.9674103 0.2445656 0.06522613 -0.9675911 0.2439533 0.106765 -0.967593 0.2288339 0.1064355 -0.9677154 0.2284698 0.1445881 -0.9677169 0.2064419 0.1443889 -0.9677797 0.2062869 0.1780475 -0.9677808 0.1780433 0.1780471 -0.9677809 0.1780431 0.206243 -0.9677813 0.14444 0.2064833 -0.9677186 0.1445178 0.2284 -0.9677186 0.1065555 0.2288831 -0.9675971 0.1066229 0.2438789 -0.9675967 0.06542009 0.2446021 -0.9674159 0.06539398 0.2522252 -0.9674149 0.02215844 0.2531352 -0.9671816 0.02196347 0.03636395 -0.90976 0.4135391 0.03580164 -0.9103968 0.4121842 0.1072219 -0.9104013 0.3995912 0.1066134 -0.9108919 0.3986347 0.1744788 -0.9108957 0.3739335 0.1739541 -0.9112317 0.3733587 0.2362926 -0.9112352 0.3373668 0.2359797 -0.9114056 0.3371254 0.2909805 -0.911408 0.290974 0.2909799 -0.9114083 0.2909737 0.337057 -0.9114098 0.236061 0.3374334 -0.9112392 0.2361815 0.3732482 -0.9112398 0.1741486 0.3740236 -0.9109017 0.1742544 0.3985297 -0.9109014 0.1069237 0.3996627 -0.9104101 0.1068795 0.4121198 -0.9104092 0.03622877 0.4135423 -0.909776 0.0359199 0.04940676 -0.8258523 0.5617179 0.04866057 -0.8270601 0.5600035 0.1456879 -0.8270657 0.5428972 0.1448847 -0.8280045 0.5416797 0.2370982 -0.8280097 0.5081183 0.2364163 -0.8286479 0.5073953 0.3211305 -0.828652 0.4584877 0.3207247 -0.8289768 0.4581845 0.3954724 -0.8289812 0.395464 0.3954799 -0.8289758 0.3954678 0.4581019 -0.8289778 0.3208402 0.4585787 -0.8286581 0.320985 0.5072535 -0.8286601 0.2366776 0.5082373 -0.8280231 0.2367969 0.5415384 -0.8280237 0.145303 0.5429859 -0.8270888 0.1452251 0.5599107 -0.8270889 0.04923522 0.5617344 -0.8258765 0.04881107 0.06099969 -0.7180023 0.6933627 0.06009191 -0.7199158 0.6914552 0.1798948 -0.7199245 0.6703332 0.1789408 -0.721414 0.6689857 0.2928298 -0.7214203 0.6275376 0.2920306 -0.7224343 0.626743 0.3966702 -0.72244 0.5663331 0.3962022 -0.722953 0.566006 0.4885421 -0.7229577 0.488527 0.4885412 -0.7229586 0.4885267 0.5658953 -0.7229629 0.3963423 0.5664482 -0.7224479 0.3964916 0.6265715 -0.7224507 0.2923578 0.6277007 -0.7214286 0.2924597 0.6688272 -0.7214305 0.1794664 0.6704614 -0.7199465 0.1793283 0.6913616 -0.719946 0.06080269 0.6933937 -0.7180345 0.06026375 0 -0.5909192 0.8067308 0.07081234 -0.5894696 0.8046809 0.06977236 -0.59216 0.8027941 0.2088749 -0.592166 0.7782742 0.2078191 -0.5942682 0.7769534 0.3400992 -0.5942743 0.7288145 0.33923 -0.5957137 0.728044 0.4607897 -0.5957192 0.6578689 0.4602876 -0.5964497 0.6575584 0.567566 -0.5964534 0.5675491 0.5675623 -0.5964585 0.5675477 0.6574286 -0.5964635 0.4604552 0.6580094 -0.5957276 0.4605782 0.7278495 -0.5957298 0.3396191 0.7289992 -0.5942994 0.3396592 0.7767616 -0.5943011 0.2084412 0.7784387 -0.5921854 0.2082056 0.802701 -0.5921868 0.07061135 0.804755 -0.589472 0.06994253 -0.003235399 -0.4453267 0.8953623 0.07858484 -0.4439531 0.8925974 0.0774157 -0.4475086 0.8909224 0.2318253 -0.4475163 0.863705 0.2307022 -0.4502879 0.8625643 0.3775844 -0.4502955 0.809113 0.3766979 -0.4521805 0.8084748 0.511699 -0.4521871 0.7305416 0.5112012 -0.4531415 0.7302988 0.6303486 -0.4531466 0.6303324 0.6303481 -0.4531474 0.6303322 0.7301551 -0.4531518 0.511397 0.7307044 -0.4521968 0.5114577 0.808252 -0.4522005 0.3771516 0.8093334 -0.45032 0.3770828 0.8623527 -0.4503228 0.2314242 0.8638931 -0.4475544 0.2310495 0.890814 -0.4475559 0.07838469 0.8926666 -0.4439926 0.07756888 0.01199716 -0.2867802 0.9579213 0.08408242 -0.2857852 0.9545978 0.08280682 -0.2901864 0.9533808 0.2481024 -0.2901897 0.9242483 0.2469694 -0.2935945 0.9234763 0.4042643 -0.2936006 0.8662385 0.4034089 -0.2959331 0.8658434 0.5480136 -0.2959385 0.7823693 0.54755 -0.2971265 0.7822434 0.6751798 -0.2971321 0.6751627 0.6751819 -0.297127 0.6751629 0.7820822 -0.2971307 0.5477782 0.7825536 -0.2959541 0.5477418 0.8655924 -0.2959576 0.4039295 0.8665029 -0.2936028 0.4036957 0.9232527 -0.2936045 0.247792 0.9244827 -0.2901878 0.2472305 0.9532834 -0.2901888 0.08391278 0.9546926 -0.2858047 0.08293277 -8.76265e-4 -0.1199508 0.9927794 0.08716344 -0.1194944 0.9890014 0.08580398 -0.1246481 0.9884839 0.2572768 -0.1246526 0.9582642 0.2561699 -0.1286586 0.9580314 0.4194114 -0.1286596 0.8986328 0.4186388 -0.1314022 0.8985961 0.5687465 -0.1314045 0.8119484 0.56836 -0.1327892 0.8119938 0.7008545 -0.1327912 0.7008348 0.7008528 -0.1327977 0.7008353 0.8118115 -0.1327979 0.5686184 0.8121581 -0.1314041 0.5684471 0.8983229 -0.1314064 0.4192233 0.8989275 -0.1286706 0.4187759 0.9577818 -0.128671 0.2570948 0.9585244 -0.1246675 0.2562986 0.9883725 -0.1246689 0.08704942 0.9891136 -0.119499 0.08587431 0 -0.9963617 0.08522492 0 -0.9963617 0.08522492 0 -0.9674155 0.253194 0 -0.9674155 0.253194 0 -0.910362 0.4138127 0 -0.910362 0.4138127 0 -0.826862 0.5624048 0 -0.826862 0.5624048 0 -0.7193418 0.6946563 0 -0.7193418 0.6946563 0 -0.5909193 0.8067308 0 -0.5909193 0.8067308 0 -0.4453272 0.8953679 0 -0.4453272 0.8953679 0 -0.2868091 0.9579878 0 -0.2868091 0.9579878 0 -0.1199421 0.9927809 0 -0.1199421 0.9927809 0.08522492 -0.9963617 0 0.08522492 -0.9963617 0 0.2531962 -0.967415 0 0.2531962 -0.9674149 0 0.4138093 -0.9103636 0 0.4138094 -0.9103636 0 0.5624017 -0.8268641 0 0.5624048 -0.826862 0 0.6946563 -0.7193419 0 0.6946563 -0.7193418 0 0.8067323 -0.5909171 0 0.8067308 -0.5909192 0 0.8953643 -0.4453344 0 0.8953643 -0.4453344 0 0.9579927 -0.2867926 0 0.9579927 -0.2867926 0 0.9927809 -0.1199421 0 0.9927809 -0.1199421 0 -0.8952855 -0.4452863 0.01356488 -0.9579882 -0.2868002 -0.002108812 -0.9927794 -0.1199508 -8.81992e-4 -0.08522254 -0.996334 0.007456243 -0.08493089 -0.9963598 0.007335007 -0.08233368 -0.9963606 0.02206254 -0.08213102 -0.9963801 0.02193331 -0.0770384 -0.9963806 0.03592455 -0.07691347 -0.9963945 0.03581011 -0.06949359 -0.9963948 0.04866129 -0.06944316 -0.9964016 0.04859572 -0.05993056 -0.9964018 0.05993229 -0.05993044 -0.9964018 0.05993211 -0.04861283 -0.9964017 0.06942832 -0.0486375 -0.9963952 0.0695064 -0.03585231 -0.9963949 0.0768879 -0.03587472 -0.996381 0.07705724 -0.02199935 -0.9963806 0.08210748 -0.02198892 -0.9963611 0.08234655 -0.007428169 -0.9963606 0.08491396 -0.007359564 -0.9963348 0.0852226 -0.2531336 -0.9671757 0.02224195 -0.2522748 -0.9674081 0.02189034 -0.244565 -0.9674105 0.06561213 -0.2439494 -0.9675921 0.0652244 -0.2288303 -0.967594 0.1067634 -0.2284692 -0.9677154 0.1064365 -0.2064422 -0.9677169 0.1445876 -0.2062883 -0.9677792 0.1443899 -0.1780441 -0.9677804 0.178049 -0.1780446 -0.9677801 0.1780499 -0.1444423 -0.9677806 0.2062452 -0.1445196 -0.9677181 0.2064843 -0.1065558 -0.9677181 0.2284021 -0.1066232 -0.9675966 0.2288851 -0.06542128 -0.9675961 0.2438808 -0.06539505 -0.9674147 0.2446062 -0.02215814 -0.9674137 0.2522297 -0.0219646 -0.9671822 0.2531329 -0.4135357 -0.9097615 0.03636246 -0.4121845 -0.9103968 0.0358017 -0.3995922 -0.9104009 0.1072211 -0.3986387 -0.91089 0.1066145 -0.3739368 -0.9108935 0.1744826 -0.3733572 -0.9112325 0.1739535 -0.3373661 -0.9112355 0.2362921 -0.3371235 -0.9114068 0.2359777 -0.2909713 -0.9114089 0.29098 -0.2909709 -0.9114094 0.2909792 -0.2360606 -0.9114111 0.3370538 -0.236182 -0.9112392 0.3374331 -0.1741478 -0.9112398 0.3732486 -0.1742531 -0.9109031 0.3740208 -0.1069228 -0.9109029 0.3985266 -0.1068786 -0.9104116 0.3996596 -0.03623062 -0.9104107 0.4121161 -0.03592026 -0.9097746 0.4135457 -0.5617179 -0.8258523 0.04940676 -0.560007 -0.8270574 0.04866212 -0.5429001 -0.8270636 0.1456887 -0.54168 -0.8280045 0.1448838 -0.5081183 -0.8280097 0.2370982 -0.5073939 -0.8286491 0.2364151 -0.4584861 -0.8286537 0.3211284 -0.4581859 -0.8289753 0.3207266 -0.3954647 -0.8289791 0.395476 -0.3954644 -0.8289797 0.3954752 -0.3208369 -0.8289824 0.4580958 -0.3209837 -0.8286581 0.4585795 -0.2366776 -0.8286601 0.5072535 -0.236797 -0.8280219 0.508239 -0.1453033 -0.828023 0.5415394 -0.1452252 -0.8270862 0.54299 -0.04923558 -0.827086 0.5599148 -0.04881238 -0.8258764 0.5617344 -0.6933671 -0.7179979 0.06100165 -0.6914517 -0.7199193 0.06009012 -0.6703315 -0.7199265 0.1798931 -0.6689859 -0.721414 0.1789404 -0.6275379 -0.7214204 0.2928292 -0.6267447 -0.7224324 0.2920314 -0.5663347 -0.7224375 0.3966725 -0.5660075 -0.7229505 0.3962044 -0.4885301 -0.7229548 0.4885435 -0.4885283 -0.7229585 0.4885396 -0.3963415 -0.7229619 0.5658972 -0.3964905 -0.7224479 0.5664488 -0.2923572 -0.7224507 0.6265719 -0.2924585 -0.7214344 0.6276947 -0.1794639 -0.7214358 0.6688222 -0.1793255 -0.7199496 0.6704587 -0.06080394 -0.71995 0.6913573 -0.06026393 -0.7180345 0.6933938 -0.8066662 -0.5908809 0.01222181 -0.8046809 -0.5894696 0.07081061 -0.802798 -0.5921548 0.06977277 -0.7782772 -0.5921618 0.2088752 -0.776953 -0.5942696 0.2078166 -0.7288129 -0.5942767 0.3400983 -0.7280424 -0.5957162 0.3392292 -0.6578662 -0.5957225 0.4607892 -0.6575543 -0.5964564 0.4602847 -0.5675466 -0.5964618 0.5675598 -0.5675489 -0.5964544 0.5675653 -0.4604561 -0.5964586 0.6574324 -0.4605779 -0.5957291 0.6580083 -0.3396198 -0.5957328 0.7278468 -0.3396599 -0.5942994 0.7289988 -0.208439 -0.5943009 0.7767623 -0.2082036 -0.592187 0.7784381 -0.07061147 -0.5921874 0.8027006 -0.06994253 -0.5894721 0.8047551 -0.8953586 -0.4453337 -0.003302812 -0.8925939 -0.4439603 0.07858449 -0.8909192 -0.4475151 0.07741558 -0.8637031 -0.4475215 0.2318222 -0.8625654 -0.450286 0.2307019 -0.8091144 -0.4502925 0.3775851 -0.8084774 -0.4521739 0.3767002 -0.730544 -0.4521812 0.5117007 -0.7302997 -0.4531414 0.5111998 -0.6303313 -0.4531465 0.6303496 -0.6303312 -0.4531475 0.630349 -0.5113974 -0.4531518 0.7301549 -0.5114582 -0.4521951 0.7307052 -0.3771532 -0.4521971 0.8082532 -0.377084 -0.450307 0.80934 -0.2314241 -0.4503089 0.8623601 -0.2310505 -0.4475474 0.8638964 -0.07838505 -0.4475488 0.8908175 -0.07756918 -0.4439855 0.8926702 -0.9579882 -0.2868002 -0.0020895 -0.9545978 -0.2857852 0.0840826 -0.9533826 -0.2901797 0.08280897 -0.9242496 -0.2901861 0.2481023 -0.9234767 -0.2935945 0.2469679 -0.8662381 -0.2936005 0.4042653 -0.8658423 -0.2959371 0.4034083 -0.7823697 -0.2959406 0.5480117 -0.7822447 -0.2971218 0.5475509 -0.675163 -0.2971263 0.6751822 -0.6751629 -0.297127 0.6751819 -0.5477782 -0.2971307 0.7820822 -0.5477417 -0.2959494 0.7825555 -0.4039282 -0.2959541 0.8655942 -0.4036962 -0.2936177 0.8664976 -0.2477906 -0.2936204 0.923248 -0.2472304 -0.2902116 0.9244752 -0.08391195 -0.2902134 0.9532759 -0.08293014 -0.2858211 0.9546878 -0.9927794 -0.1199508 -8.63565e-4 -0.9890011 -0.1194951 0.08716535 -0.988484 -0.1246466 0.08580654 -0.9582652 -0.124648 0.2572755 -0.9580318 -0.1286609 0.2561667 -0.8986323 -0.1286634 0.4194112 -0.8985957 -0.1314022 0.4186396 -0.8119484 -0.1314045 0.5687465 -0.8119938 -0.1327892 0.56836 -0.7008348 -0.1327912 0.7008545 -0.7008354 -0.1327977 0.7008527 -0.5686172 -0.1328001 0.8118119 -0.5684453 -0.131402 0.8121598 -0.4192262 -0.1314021 0.8983223 -0.4187794 -0.1286706 0.8989259 -0.2570968 -0.1286711 0.9577813 -0.256299 -0.124659 0.9585255 -0.08704745 -0.1246601 0.9883738 -0.08587431 -0.119499 0.9891136 0.8953644 -0.4453344 0 0.9579905 -0.286792 0.002108752 0.9927805 -0.119942 8.75489e-4 0.08522236 -0.996334 -0.007457137 0.0849322 -0.9963597 -0.007336497 0.08233517 -0.9963605 -0.02206325 0.08213049 -0.9963802 -0.02193266 0.07703769 -0.9963808 -0.03592449 0.07691222 -0.9963947 -0.03580951 0.06949263 -0.996395 -0.04866039 0.06944334 -0.9964016 -0.0485962 0.05993092 -0.9964017 -0.05993229 0.05993133 -0.9964016 -0.05993306 0.04861342 -0.9964016 -0.06942939 0.0486378 -0.9963951 -0.06950634 0.03585207 -0.9963949 -0.07688796 0.03587448 -0.9963811 -0.077057 0.02199947 -0.9963806 -0.08210718 0.02198904 -0.9963611 -0.08234691 0.007428169 -0.9963606 -0.08491432 0.007359683 -0.9963348 -0.0852226 0.253133 -0.9671756 -0.02224594 0.2522699 -0.9674092 -0.0218926 0.2445611 -0.9674116 -0.06560969 0.243951 -0.9675917 -0.06522542 0.2288317 -0.9675937 -0.106764 0.2284721 -0.9677145 -0.1064385 0.2064442 -0.9677162 -0.1445902 0.2062876 -0.9677795 -0.144389 0.1780434 -0.9677806 -0.1780486 0.1780431 -0.9677807 -0.1780481 0.1444416 -0.9677813 -0.2062429 0.1445204 -0.9677175 -0.2064864 0.1065564 -0.9677177 -0.2284041 0.1066232 -0.967597 -0.228883 0.06542086 -0.9675965 -0.2438792 0.06539463 -0.9674151 -0.2446052 0.02215838 -0.967414 -0.2522286 0.02196437 -0.9671818 -0.253134 0.413535 -0.9097617 -0.03636687 0.4121869 -0.9103954 -0.03580725 0.3995947 -0.9103996 -0.1072227 0.3986415 -0.9108885 -0.1066163 0.3739393 -0.9108921 -0.1744849 0.3733555 -0.9112334 -0.1739518 0.337365 -0.9112364 -0.2362905 0.3371252 -0.9114056 -0.2359799 0.2909733 -0.9114079 -0.2909814 0.2909723 -0.9114088 -0.2909795 0.2360606 -0.9114104 -0.3370556 0.2361804 -0.9112408 -0.3374302 0.1741477 -0.9112413 -0.3732452 0.1742539 -0.9109017 -0.3740237 0.1069232 -0.9109018 -0.3985291 0.1068791 -0.9104112 -0.3996604 0.03623014 -0.9104107 -0.4121165 0.03591978 -0.9097746 -0.4135457 0.5617136 -0.8258547 -0.04941374 0.5600019 -0.8270606 -0.04866868 0.5428959 -0.8270664 -0.1456889 0.5416753 -0.8280076 -0.1448836 0.5081145 -0.828013 -0.2370953 0.5073907 -0.8286517 -0.236413 0.4584828 -0.828656 -0.3211274 0.4581846 -0.8289754 -0.3207284 0.3954654 -0.8289791 -0.3954753 0.3954637 -0.8289816 -0.3954717 0.320836 -0.8289841 -0.4580935 0.3209835 -0.8286581 -0.4585796 0.2366771 -0.8286601 -0.5072538 0.2367963 -0.8280231 -0.5082374 0.1453033 -0.8280237 -0.5415382 0.1452252 -0.8270862 -0.54299 0.04923516 -0.8270851 -0.5599163 0.04881274 -0.8258777 -0.5617323 0.6933616 -0.7180023 -0.06100952 0.6914548 -0.7199152 -0.06010198 0.670336 -0.7199217 -0.1798958 0.6689897 -0.7214099 -0.1789426 0.6275418 -0.7214165 -0.2928302 0.6267488 -0.7224286 -0.2920325 0.5663362 -0.7224339 -0.396677 0.5660015 -0.7229588 -0.396198 0.4885261 -0.7229624 -0.4885361 0.4885293 -0.7229555 -0.488543 0.3963428 -0.7229593 -0.5658996 0.3964915 -0.7224462 -0.5664504 0.2923581 -0.7224488 -0.6265738 0.2924591 -0.7214343 -0.6276945 0.1794639 -0.7214358 -0.6688222 0.1793252 -0.7199475 -0.6704612 0.06080472 -0.7199493 -0.691358 0.06026428 -0.7180323 -0.6933959 0.8067323 -0.5909171 0 0.8047056 -0.5894342 -0.07082623 0.8027975 -0.592155 -0.0697745 0.7782764 -0.5921626 -0.2088763 0.7769495 -0.5942745 -0.2078157 0.7288106 -0.5942808 -0.3400962 0.7280421 -0.5957162 -0.3392296 0.6578674 -0.5957226 -0.4607875 0.6575583 -0.59645 -0.4602875 0.5675486 -0.5964555 -0.5675645 0.5675489 -0.5964544 -0.5675653 0.4604561 -0.5964586 -0.6574324 0.4605774 -0.5957323 -0.6580057 0.3396196 -0.5957352 -0.7278448 0.3396601 -0.5942946 -0.7290027 0.2084386 -0.5942978 -0.7767648 0.2082039 -0.5921897 -0.7784359 0.07061141 -0.5921903 -0.8026984 0.06994181 -0.5894721 -0.8047551 0.8953586 -0.4453337 0.003302812 0.8925939 -0.4439598 -0.07858651 0.8909155 -0.4475227 -0.07741504 0.8636993 -0.4475293 -0.2318211 0.8625652 -0.4502852 -0.2307044 0.8091149 -0.4502909 -0.3775858 0.8084774 -0.4521739 -0.3767002 0.730544 -0.4521812 -0.5117007 0.7303012 -0.4531356 -0.5112029 0.6303332 -0.4531415 -0.6303514 0.6303327 -0.4531449 -0.6303495 0.5113987 -0.4531506 -0.7301547 0.5114595 -0.4521939 -0.7307051 0.3771516 -0.4521973 -0.8082538 0.3770825 -0.4503102 -0.8093389 0.2314246 -0.4503123 -0.862358 0.231051 -0.4475511 -0.8638944 0.07838416 -0.4475499 -0.8908171 0.07756888 -0.443989 -0.8926683 0.9579907 -0.286792 0.002074241 0.9546002 -0.2857774 -0.08408266 0.953383 -0.2901789 -0.082807 0.9242496 -0.2901838 -0.2481049 0.9234742 -0.2936024 -0.2469672 0.866236 -0.293608 -0.4042643 0.8658425 -0.2959315 -0.4034121 0.7823699 -0.2959361 -0.5480139 0.7822436 -0.2971284 -0.5475487 0.6751622 -0.2971321 -0.6751804 0.6751625 -0.2971241 -0.6751835 0.5477797 -0.2971274 -0.7820823 0.5477433 -0.295946 -0.7825556 0.4039279 -0.2959503 -0.8655955 0.4036966 -0.2936208 -0.8664963 0.2477917 -0.2936207 -0.9232476 0.2472307 -0.2902076 -0.9244763 0.08391189 -0.2902092 -0.9532772 0.08293008 -0.285817 -0.9546891 0.9927805 -0.119942 8.80173e-4 0.9890023 -0.1194859 -0.08716344 0.9884852 -0.1246381 -0.08580446 0.9582661 -0.1246407 -0.2572758 0.9580323 -0.1286609 -0.2561649 0.8986309 -0.1286633 -0.4194143 0.8985942 -0.1314004 -0.4186433 0.8119493 -0.1314019 -0.5687458 0.8119949 -0.1327917 -0.5683578 0.7008334 -0.1327943 -0.7008553 0.7008348 -0.1328103 -0.700851 0.5686174 -0.1328103 -0.8118101 0.5684447 -0.1314056 -0.8121596 0.4192268 -0.1314062 -0.8983214 0.4187787 -0.1286668 -0.8989267 0.257097 -0.1286687 -0.9577816 0.2562995 -0.124659 -0.9585252 0.08704727 -0.1246601 -0.9883738 0.08587414 -0.119499 -0.9891136 -0.08522492 -0.9963617 0 -0.08522492 -0.9963617 0 -0.2531962 -0.967415 0 -0.2531962 -0.967415 0 -0.4138093 -0.9103636 0 -0.4138093 -0.9103636 0 -0.5624048 -0.8268621 0 -0.5624048 -0.8268621 0 -0.6946607 -0.7193375 0 -0.6946607 -0.7193375 0 -0.8067265 -0.590925 0 -0.8067265 -0.590925 0 -0.8953679 -0.4453273 0 -0.8953679 -0.4453273 0 -0.9579902 -0.2868009 0 -0.9579902 -0.2868009 0 -0.9927798 -0.1199509 0 -0.9927798 -0.1199509 0 0 -0.9963617 -0.08522492 0 -0.9963617 -0.08522492 0 -0.9674152 -0.2531951 0 -0.9674152 -0.2531951 0 -0.910362 -0.4138127 0 -0.910362 -0.4138127 0 -0.8268656 -0.5623997 0 -0.8268635 -0.5624027 0 -0.7193397 -0.6946585 0 -0.7193397 -0.6946586 0 -0.5909171 -0.8067324 0 -0.5909193 -0.8067308 0 -0.4453308 -0.8953661 0 -0.4453308 -0.8953661 0 -0.286805 -0.957989 0 -0.286805 -0.957989 0 -0.1199421 -0.9927809 0 -0.1199421 -0.9927809 0 -0.4453309 -0.8953661 0.002140283 -0.2868043 -0.9579868 -0.006324768 -0.1199397 -0.992761 -0.007457375 -0.996334 -0.0852223 -0.00733608 -0.9963598 -0.08493071 -0.02206242 -0.9963606 -0.08233368 -0.02193319 -0.9963801 -0.08213108 -0.03592485 -0.9963808 -0.07703828 -0.03580963 -0.9963946 -0.07691252 -0.04866069 -0.9963949 -0.06949269 -0.0485956 -0.9964016 -0.06944268 -0.05993175 -0.9964018 -0.05993026 -0.05993181 -0.9964018 -0.05993032 -0.06942808 -0.9964017 -0.04861283 -0.06950676 -0.9963952 -0.04863774 -0.0768882 -0.9963949 -0.03585231 -0.07705724 -0.996381 -0.03587472 -0.08210748 -0.9963806 -0.02199935 -0.08234661 -0.9963611 -0.02198898 -0.08491402 -0.9963606 -0.007428109 -0.0852226 -0.9963348 -0.007359564 -0.02224516 -0.967176 -0.2531321 -0.02189391 -0.9674081 -0.2522742 -0.06561177 -0.9674105 -0.244565 -0.06522583 -0.9675913 -0.2439522 -0.1067646 -0.9675932 -0.228833 -0.1064357 -0.9677153 -0.2284696 -0.1445881 -0.9677169 -0.2064419 -0.1443899 -0.9677793 -0.2062877 -0.1780488 -0.9677804 -0.1780443 -0.178049 -0.9677803 -0.1780444 -0.2062448 -0.9677808 -0.1444417 -0.2064839 -0.9677183 -0.1445192 -0.2284017 -0.9677183 -0.1065557 -0.2288852 -0.9675965 -0.1066231 -0.2438808 -0.9675961 -0.06542128 -0.2446062 -0.9674147 -0.06539505 -0.2522297 -0.9674137 -0.02215814 -0.2531352 -0.9671816 -0.02196413 -0.03636872 -0.9097602 -0.413538 -0.03580719 -0.9103961 -0.4121853 -0.1072225 -0.9104 -0.3995935 -0.1066127 -0.9108918 -0.3986349 -0.1744793 -0.9108956 -0.3739333 -0.1739545 -0.9112317 -0.3733584 -0.2362934 -0.9112349 -0.3373669 -0.2359801 -0.9114056 -0.3371251 -0.2909811 -0.9114079 -0.2909736 -0.2909783 -0.9114093 -0.290972 -0.337054 -0.9114111 -0.2360603 -0.3374315 -0.91124 -0.2361812 -0.3732466 -0.9112409 -0.1741465 -0.3740212 -0.9109031 -0.1742522 -0.3985266 -0.9109029 -0.1069228 -0.3996558 -0.9104132 -0.1068788 -0.4121127 -0.9104123 -0.03622925 -0.4135423 -0.9097762 -0.03591883 -0.04941362 -0.8258562 -0.5617116 -0.04866939 -0.8270606 -0.5600018 -0.1456866 -0.8270665 -0.5428964 -0.1448847 -0.8280038 -0.5416809 -0.2370995 -0.8280085 -0.5081197 -0.2364165 -0.8286479 -0.5073954 -0.3211306 -0.8286525 -0.4584869 -0.3207259 -0.8289765 -0.4581844 -0.3954735 -0.8289802 -0.395465 -0.3954769 -0.8289777 -0.3954668 -0.4580984 -0.8289802 -0.3208392 -0.4585809 -0.8286566 -0.3209856 -0.5072568 -0.8286581 -0.2366777 -0.5082412 -0.8280205 -0.236797 -0.5415418 -0.8280211 -0.1453055 -0.5429937 -0.8270834 -0.1452274 -0.5599192 -0.8270832 -0.0492345 -0.5617344 -0.8258764 -0.04881232 -0.06101065 -0.7180004 -0.6933637 -0.06010103 -0.7199175 -0.6914525 -0.1798945 -0.7199243 -0.6703335 -0.178941 -0.7214131 -0.6689867 -0.2928299 -0.7214202 -0.6275376 -0.2920321 -0.7224326 -0.6267444 -0.3966727 -0.7224375 -0.5663345 -0.3962002 -0.7229555 -0.5660043 -0.4885385 -0.7229609 -0.488526 -0.4885438 -0.7229557 -0.4885284 -0.5658988 -0.7229593 -0.3963437 -0.5664479 -0.7224479 -0.396492 -0.6265724 -0.7224506 -0.2923562 -0.6276951 -0.7214344 -0.2924574 -0.6688218 -0.7214359 -0.1794652 -0.6704578 -0.7199501 -0.1793268 -0.6913571 -0.7199501 -0.06080389 -0.6933982 -0.7180302 -0.06026256 0 -0.5909171 -0.8067324 -0.07082539 -0.5894341 -0.8047057 -0.06977272 -0.5921576 -0.8027958 -0.2088751 -0.5921646 -0.7782751 -0.2078186 -0.5942682 -0.7769535 -0.3400999 -0.5942742 -0.7288143 -0.3392292 -0.5957162 -0.7280424 -0.4607877 -0.5957226 -0.6578673 -0.4602872 -0.5964507 -0.6575578 -0.5675655 -0.5964555 -0.5675477 -0.5675616 -0.5964606 -0.5675461 -0.6574273 -0.5964651 -0.460455 -0.658007 -0.5957307 -0.4605776 -0.7278466 -0.5957339 -0.3396182 -0.7290015 -0.5942971 -0.3396585 -0.7767628 -0.5942995 -0.208441 -0.7784387 -0.5921854 -0.2082056 -0.8027012 -0.5921868 -0.0706095 -0.8047509 -0.5894779 -0.06994211 0.003283679 -0.4453302 -0.8953604 -0.0785849 -0.4439554 -0.8925963 -0.07741534 -0.4475122 -0.8909207 -0.2318243 -0.4475197 -0.8637034 -0.2307034 -0.4502861 -0.8625651 -0.3775851 -0.4502925 -0.8091144 -0.3766972 -0.4521804 -0.8084752 -0.511699 -0.4521871 -0.7305416 -0.5112012 -0.4531415 -0.7302988 -0.6303491 -0.4531466 -0.6303318 -0.6303486 -0.4531475 -0.6303317 -0.7301545 -0.4531518 -0.5113979 -0.7307039 -0.4521968 -0.5114586 -0.8082528 -0.4522005 -0.3771499 -0.8093378 -0.4503135 -0.3770809 -0.8623561 -0.4503159 -0.2314251 -0.8638964 -0.4475474 -0.2310505 -0.8908175 -0.4475488 -0.07838505 -0.8926702 -0.4439855 -0.07756918 -0.004882335 -0.2867975 -0.9579787 -0.08408218 -0.2857866 -0.9545974 -0.08280801 -0.290183 -0.9533817 -0.2481036 -0.2901878 -0.9242487 -0.2469686 -0.2935985 -0.9234752 -0.404263 -0.2936043 -0.8662378 -0.4034102 -0.2959297 -0.865844 -0.5480144 -0.2959337 -0.7823704 -0.5475496 -0.2971251 -0.7822443 -0.675181 -0.2971292 -0.6751629 -0.6751819 -0.297127 -0.6751629 -0.7820814 -0.2971307 -0.5477791 -0.7825556 -0.2959473 -0.5477425 -0.8655961 -0.2959501 -0.403927 -0.8664973 -0.2936194 -0.4036956 -0.9232476 -0.2936214 -0.2477905 -0.9244773 -0.2902058 -0.2472292 -0.9532781 -0.2902059 -0.08391219 -0.9546903 -0.2858129 -0.0829302 8.80173e-4 -0.1199464 -0.99278 -0.08716458 -0.11949 -0.9890018 -0.08580434 -0.1246466 -0.9884842 -0.2572765 -0.124648 -0.958265 -0.2561683 -0.1286586 -0.9580317 -0.4194122 -0.1286596 -0.8986323 -0.4186386 -0.1314062 -0.8985956 -0.5687455 -0.1314081 -0.8119485 -0.56836 -0.1327892 -0.8119938 -0.7008545 -0.1327912 -0.7008348 -0.7008519 -0.1328009 -0.7008356 -0.8118113 -0.1328027 -0.5686175 -0.8121604 -0.1313994 -0.568445 -0.8983227 -0.1314002 -0.4192259 -0.8989262 -0.1286687 -0.4187791 -0.9577819 -0.1286699 -0.2570952 -0.9585243 -0.1246675 -0.2562992 -0.9883726 -0.1246688 -0.0870471 -0.9891125 -0.1195078 -0.08587396</float_array>
          <technique_common>
            <accessor source="#Box_obstac-mesh-normals-array" count="1812" stride="3">
              <param name="X" type="float"/>
              <param name="Y" type="float"/>
              <param name="Z" type="float"/>
            </accessor>
          </technique_common>
        </source>
        <vertices id="Box_obstac-mesh-vertices">
          <input semantic="POSITION" source="#Box_obstac-mesh-positions"/>
        </vertices>
        <triangles material="Material_001-material" count="1812">
          <input semantic="VERTEX" source="#Box_obstac-mesh-vertices" offset="0"/>
          <input semantic="NORMAL" source="#Box_obstac-mesh-normals" offset="1"/>
          <p>0 0 1 0 2 0 2 1 1 1 3 1 4 2 5 2 6 2 6 3 5 3 7 3 8 4 9 4 10 4 10 5 9 5 11 5 12 6 13 6 14 6 14 7 13 7 15 7 16 8 17 8 18 8 18 9 17 9 19 9 19 10 17 10 20 10 19 11 20 11 21 11 21 12 20 12 22 12 21 13 22 13 23 13 23 14 22 14 24 14 23 15 24 15 25 15 25 16 24 16 26 16 27 17 28 17 29 17 29 18 28 18 30 18 30 19 28 19 31 19 30 20 31 20 32 20 32 21 31 21 33 21 32 22 33 22 34 22 34 23 33 23 35 23 34 24 35 24 36 24 36 25 35 25 37 25 38 26 39 26 40 26 40 27 39 27 41 27 40 28 41 28 42 28 42 29 41 29 43 29 42 30 43 30 44 30 44 31 43 31 45 31 44 32 45 32 46 32 46 33 45 33 16 33 46 34 16 34 18 34 46 35 18 35 29 35 29 36 18 36 47 36 29 37 47 37 27 37 27 38 47 38 48 38 48 39 47 39 49 39 48 40 49 40 50 40 50 41 49 41 51 41 50 42 51 42 52 42 52 43 51 43 53 43 52 44 53 44 54 44 54 45 53 45 55 45 56 46 57 46 58 46 58 47 57 47 59 47 60 48 61 48 62 48 63 49 64 49 65 49 60 50 62 50 66 50 66 51 62 51 67 51 66 52 67 52 68 52 68 53 67 53 69 53 68 54 69 54 70 54 70 55 69 55 71 55 70 56 71 56 56 56 56 57 71 57 57 57 57 58 71 58 72 58 57 59 72 59 73 59 57 60 73 60 74 60 74 61 73 61 75 61 74 62 75 62 76 62 76 63 75 63 77 63 76 64 77 64 78 64 78 65 77 65 79 65 78 66 79 66 80 66 63 67 65 67 81 67 81 68 65 68 82 68 81 69 82 69 83 69 83 70 82 70 84 70 83 71 84 71 85 71 85 72 84 72 86 72 85 73 86 73 59 73 59 74 86 74 58 74 58 75 86 75 87 75 58 76 87 76 88 76 58 77 88 77 89 77 89 78 88 78 90 78 89 79 90 79 91 79 91 80 90 80 92 80 91 81 92 81 93 81 93 82 92 82 94 82 93 83 94 83 95 83 5 84 4 84 96 84 5 85 96 85 97 85 97 86 96 86 98 86 97 87 98 87 99 87 98 88 100 88 99 88 99 89 100 89 101 89 99 90 101 90 102 90 103 91 104 91 105 91 105 92 104 92 102 92 105 93 102 93 106 93 106 94 102 94 101 94 103 95 107 95 104 95 104 96 107 96 108 96 104 97 108 97 109 97 108 98 110 98 109 98 109 99 110 99 111 99 109 100 111 100 112 100 111 101 113 101 112 101 112 102 113 102 114 102 112 103 114 103 115 103 2 104 3 104 116 104 116 105 3 105 117 105 116 106 117 106 118 106 118 107 117 107 119 107 118 108 119 108 120 108 120 109 119 109 115 109 120 110 115 110 121 110 121 111 115 111 114 111 1 112 0 112 122 112 1 113 122 113 123 113 123 114 122 114 124 114 123 115 124 115 125 115 124 116 126 116 125 116 125 117 126 117 127 117 125 118 127 118 128 118 129 119 130 119 131 119 131 120 130 120 128 120 131 121 128 121 132 121 132 122 128 122 127 122 129 123 133 123 130 123 130 124 133 124 134 124 130 125 134 125 135 125 134 126 136 126 135 126 135 127 136 127 137 127 135 128 137 128 138 128 137 129 139 129 138 129 138 130 139 130 140 130 138 131 140 131 141 131 14 132 15 132 142 132 142 133 15 133 143 133 142 134 143 134 144 134 144 135 143 135 145 135 144 136 145 136 146 136 146 137 145 137 141 137 146 138 141 138 147 138 147 139 141 139 140 139 9 140 8 140 148 140 9 141 148 141 149 141 149 142 148 142 150 142 149 143 150 143 151 143 150 144 152 144 151 144 151 145 152 145 153 145 151 146 153 146 154 146 155 147 156 147 157 147 157 148 156 148 154 148 157 149 154 149 158 149 158 150 154 150 153 150 155 151 159 151 156 151 156 152 159 152 160 152 156 153 160 153 161 153 160 154 162 154 161 154 161 155 162 155 163 155 161 156 163 156 164 156 163 157 165 157 164 157 164 158 165 158 166 158 164 159 166 159 167 159 6 160 7 160 168 160 168 161 7 161 169 161 168 162 169 162 170 162 170 163 169 163 171 163 170 164 171 164 172 164 172 165 171 165 167 165 172 166 167 166 173 166 173 167 167 167 166 167 13 168 12 168 174 168 13 169 174 169 175 169 175 170 174 170 176 170 175 171 176 171 177 171 176 172 178 172 177 172 177 173 178 173 179 173 177 174 179 174 180 174 181 175 182 175 183 175 183 176 182 176 180 176 183 177 180 177 184 177 184 178 180 178 179 178 181 179 185 179 182 179 182 180 185 180 186 180 182 181 186 181 187 181 186 182 188 182 187 182 187 183 188 183 189 183 187 184 189 184 190 184 189 185 191 185 190 185 190 186 191 186 192 186 190 187 192 187 193 187 10 188 11 188 194 188 194 189 11 189 195 189 194 190 195 190 196 190 196 191 195 191 197 191 196 192 197 192 198 192 198 193 197 193 193 193 198 194 193 194 199 194 199 195 193 195 192 195 148 196 8 196 200 196 152 197 150 197 201 197 158 198 153 198 202 198 155 199 157 199 203 199 162 200 160 200 204 200 165 201 163 201 205 201 173 202 166 202 206 202 170 203 172 203 207 203 208 204 209 204 210 204 208 205 210 205 211 205 211 206 210 206 212 206 211 207 212 207 213 207 213 208 212 208 214 208 213 209 214 209 215 209 215 210 214 210 216 210 215 211 216 211 168 211 168 212 216 212 6 212 49 213 47 213 217 213 217 214 47 214 218 214 217 215 218 215 219 215 219 216 218 216 220 216 219 217 220 217 221 217 221 218 220 218 222 218 221 219 222 219 223 219 223 220 222 220 224 220 223 221 224 221 225 221 225 222 224 222 209 222 225 223 209 223 226 223 226 224 209 224 208 224 226 225 208 225 227 225 227 226 208 226 211 226 227 227 211 227 228 227 228 228 211 228 213 228 228 229 213 229 207 229 207 230 213 230 215 230 207 231 215 231 170 231 170 232 215 232 168 232 51 233 49 233 229 233 229 234 49 234 217 234 229 235 217 235 230 235 230 236 217 236 219 236 230 237 219 237 231 237 231 238 219 238 221 238 231 239 221 239 232 239 232 240 221 240 223 240 232 241 223 241 233 241 233 242 223 242 225 242 233 243 225 243 234 243 234 244 225 244 226 244 234 245 226 245 235 245 235 246 226 246 227 246 235 247 227 247 236 247 236 248 227 248 228 248 236 249 228 249 206 249 206 250 228 250 207 250 206 251 207 251 173 251 173 252 207 252 172 252 53 253 51 253 237 253 237 254 51 254 229 254 237 255 229 255 238 255 238 256 229 256 230 256 238 257 230 257 239 257 239 258 230 258 231 258 239 259 231 259 240 259 240 260 231 260 232 260 240 261 232 261 241 261 241 262 232 262 233 262 241 263 233 263 242 263 242 264 233 264 234 264 242 265 234 265 243 265 243 266 234 266 235 266 243 267 235 267 244 267 244 268 235 268 236 268 244 269 236 269 205 269 205 270 236 270 206 270 205 271 206 271 165 271 165 272 206 272 166 272 55 273 53 273 245 273 245 274 53 274 237 274 245 275 237 275 246 275 246 276 237 276 238 276 246 277 238 277 247 277 247 278 238 278 239 278 247 279 239 279 248 279 248 280 239 280 240 280 248 281 240 281 249 281 249 282 240 282 241 282 249 283 241 283 250 283 250 284 241 284 242 284 250 285 242 285 251 285 251 286 242 286 243 286 251 287 243 287 252 287 252 288 243 288 244 288 252 289 244 289 204 289 204 290 244 290 205 290 204 291 205 291 162 291 162 292 205 292 163 292 54 293 55 293 253 293 253 294 55 294 245 294 253 295 245 295 254 295 254 296 245 296 246 296 254 297 246 297 255 297 255 298 246 298 247 298 255 299 247 299 256 299 256 300 247 300 248 300 256 301 248 301 257 301 257 302 248 302 249 302 257 303 249 303 258 303 258 304 249 304 250 304 258 305 250 305 259 305 259 306 250 306 251 306 259 307 251 307 260 307 260 308 251 308 252 308 260 309 252 309 261 309 261 310 252 310 204 310 261 311 204 311 159 311 159 312 204 312 160 312 52 313 54 313 262 313 262 314 54 314 253 314 262 315 253 315 263 315 263 316 253 316 254 316 263 317 254 317 264 317 264 318 254 318 255 318 264 319 255 319 265 319 265 320 255 320 256 320 265 321 256 321 266 321 266 322 256 322 257 322 266 323 257 323 267 323 267 324 257 324 258 324 267 325 258 325 268 325 268 326 258 326 259 326 268 327 259 327 269 327 269 328 259 328 260 328 269 329 260 329 203 329 203 330 260 330 261 330 203 331 261 331 155 331 155 332 261 332 159 332 50 333 52 333 270 333 270 334 52 334 262 334 270 335 262 335 271 335 271 336 262 336 263 336 271 337 263 337 272 337 272 338 263 338 264 338 272 339 264 339 273 339 273 340 264 340 265 340 273 341 265 341 274 341 274 342 265 342 266 342 274 343 266 343 275 343 275 344 266 344 267 344 275 345 267 345 276 345 276 346 267 346 268 346 276 347 268 347 277 347 277 348 268 348 269 348 277 349 269 349 202 349 202 350 269 350 203 350 202 351 203 351 158 351 158 352 203 352 157 352 48 353 50 353 278 353 278 354 50 354 270 354 278 355 270 355 279 355 279 356 270 356 271 356 279 357 271 357 280 357 280 358 271 358 272 358 280 359 272 359 281 359 281 360 272 360 273 360 281 361 273 361 282 361 282 362 273 362 274 362 282 363 274 363 283 363 283 364 274 364 275 364 283 365 275 365 284 365 284 366 275 366 276 366 284 367 276 367 285 367 285 368 276 368 277 368 285 369 277 369 201 369 201 370 277 370 202 370 201 371 202 371 152 371 152 372 202 372 153 372 27 373 48 373 286 373 286 374 48 374 278 374 286 375 278 375 287 375 287 376 278 376 279 376 287 377 279 377 288 377 288 378 279 378 280 378 288 379 280 379 289 379 289 380 280 380 281 380 289 381 281 381 290 381 290 382 281 382 282 382 290 383 282 383 291 383 291 384 282 384 283 384 291 385 283 385 292 385 292 386 283 386 284 386 292 387 284 387 293 387 293 388 284 388 285 388 293 389 285 389 200 389 200 390 285 390 201 390 200 391 201 391 148 391 148 392 201 392 150 392 28 393 27 393 286 393 28 394 286 394 294 394 294 395 286 395 287 395 294 396 287 396 295 396 295 397 287 397 288 397 295 398 288 398 296 398 296 399 288 399 289 399 296 400 289 400 297 400 297 401 289 401 290 401 297 402 290 402 298 402 298 403 290 403 291 403 298 404 291 404 299 404 299 405 291 405 292 405 299 406 292 406 300 406 300 407 292 407 293 407 300 408 293 408 301 408 301 409 293 409 200 409 301 410 200 410 302 410 302 411 200 411 8 411 302 412 8 412 10 412 47 413 18 413 303 413 47 414 303 414 218 414 218 415 303 415 304 415 218 416 304 416 220 416 220 417 304 417 305 417 220 418 305 418 222 418 222 419 305 419 306 419 222 420 306 420 224 420 224 421 306 421 307 421 224 422 307 422 209 422 209 423 307 423 308 423 209 424 308 424 210 424 210 425 308 425 309 425 210 426 309 426 212 426 212 427 309 427 310 427 212 428 310 428 214 428 214 429 310 429 311 429 214 430 311 430 216 430 216 431 311 431 4 431 216 432 4 432 6 432 174 433 12 433 312 433 178 434 176 434 313 434 184 435 179 435 314 435 181 436 183 436 315 436 188 437 186 437 316 437 191 438 189 438 317 438 199 439 192 439 318 439 196 440 198 440 319 440 320 441 298 441 299 441 320 442 299 442 321 442 321 443 299 443 300 443 321 444 300 444 322 444 322 445 300 445 301 445 322 446 301 446 323 446 323 447 301 447 302 447 323 448 302 448 194 448 194 449 302 449 10 449 31 450 28 450 324 450 324 451 28 451 294 451 324 452 294 452 325 452 325 453 294 453 295 453 325 454 295 454 326 454 326 455 295 455 296 455 326 456 296 456 327 456 327 457 296 457 297 457 327 458 297 458 328 458 328 459 297 459 298 459 328 460 298 460 329 460 329 461 298 461 320 461 329 462 320 462 330 462 330 463 320 463 321 463 330 464 321 464 331 464 331 465 321 465 322 465 331 466 322 466 319 466 319 467 322 467 323 467 319 468 323 468 196 468 196 469 323 469 194 469 33 470 31 470 332 470 332 471 31 471 324 471 332 472 324 472 333 472 333 473 324 473 325 473 333 474 325 474 334 474 334 475 325 475 326 475 334 476 326 476 335 476 335 477 326 477 327 477 335 478 327 478 336 478 336 479 327 479 328 479 336 480 328 480 337 480 337 481 328 481 329 481 337 482 329 482 338 482 338 483 329 483 330 483 338 484 330 484 339 484 339 485 330 485 331 485 339 486 331 486 318 486 318 487 331 487 319 487 318 488 319 488 199 488 199 489 319 489 198 489 35 490 33 490 340 490 340 491 33 491 332 491 340 492 332 492 341 492 341 493 332 493 333 493 341 494 333 494 342 494 342 495 333 495 334 495 342 496 334 496 343 496 343 497 334 497 335 497 343 498 335 498 344 498 344 499 335 499 336 499 344 500 336 500 345 500 345 501 336 501 337 501 345 502 337 502 346 502 346 503 337 503 338 503 346 504 338 504 347 504 347 505 338 505 339 505 347 506 339 506 317 506 317 507 339 507 318 507 317 508 318 508 191 508 191 509 318 509 192 509 37 510 35 510 348 510 348 511 35 511 340 511 348 512 340 512 349 512 349 513 340 513 341 513 349 514 341 514 350 514 350 515 341 515 342 515 350 516 342 516 351 516 351 517 342 517 343 517 351 518 343 518 352 518 352 519 343 519 344 519 352 520 344 520 353 520 353 521 344 521 345 521 353 522 345 522 354 522 354 523 345 523 346 523 354 524 346 524 355 524 355 525 346 525 347 525 355 526 347 526 316 526 316 527 347 527 317 527 316 528 317 528 188 528 188 529 317 529 189 529 36 530 37 530 356 530 356 531 37 531 348 531 356 532 348 532 357 532 357 533 348 533 349 533 357 534 349 534 358 534 358 535 349 535 350 535 358 536 350 536 359 536 359 537 350 537 351 537 359 538 351 538 360 538 360 539 351 539 352 539 360 540 352 540 361 540 361 541 352 541 353 541 361 542 353 542 362 542 362 543 353 543 354 543 362 544 354 544 363 544 363 545 354 545 355 545 363 546 355 546 364 546 364 547 355 547 316 547 364 548 316 548 185 548 185 549 316 549 186 549 34 550 36 550 365 550 365 551 36 551 356 551 365 552 356 552 366 552 366 553 356 553 357 553 366 554 357 554 367 554 367 555 357 555 358 555 367 556 358 556 368 556 368 557 358 557 359 557 368 558 359 558 369 558 369 559 359 559 360 559 369 560 360 560 370 560 370 561 360 561 361 561 370 562 361 562 371 562 371 563 361 563 362 563 371 564 362 564 372 564 372 565 362 565 363 565 372 566 363 566 315 566 315 567 363 567 364 567 315 568 364 568 181 568 181 569 364 569 185 569 32 570 34 570 373 570 373 571 34 571 365 571 373 572 365 572 374 572 374 573 365 573 366 573 374 574 366 574 375 574 375 575 366 575 367 575 375 576 367 576 376 576 376 577 367 577 368 577 376 578 368 578 377 578 377 579 368 579 369 579 377 580 369 580 378 580 378 581 369 581 370 581 378 582 370 582 379 582 379 583 370 583 371 583 379 584 371 584 380 584 380 585 371 585 372 585 380 586 372 586 314 586 314 587 372 587 315 587 314 588 315 588 184 588 184 589 315 589 183 589 30 590 32 590 381 590 381 591 32 591 373 591 381 592 373 592 382 592 382 593 373 593 374 593 382 594 374 594 383 594 383 595 374 595 375 595 383 596 375 596 384 596 384 597 375 597 376 597 384 598 376 598 385 598 385 599 376 599 377 599 385 600 377 600 386 600 386 601 377 601 378 601 386 602 378 602 387 602 387 603 378 603 379 603 387 604 379 604 388 604 388 605 379 605 380 605 388 606 380 606 313 606 313 607 380 607 314 607 313 608 314 608 178 608 178 609 314 609 179 609 29 610 30 610 389 610 389 611 30 611 381 611 389 612 381 612 390 612 390 613 381 613 382 613 390 614 382 614 391 614 391 615 382 615 383 615 391 616 383 616 392 616 392 617 383 617 384 617 392 618 384 618 393 618 393 619 384 619 385 619 393 620 385 620 394 620 394 621 385 621 386 621 394 622 386 622 395 622 395 623 386 623 387 623 395 624 387 624 396 624 396 625 387 625 388 625 396 626 388 626 312 626 312 627 388 627 313 627 312 628 313 628 174 628 174 629 313 629 176 629 96 630 4 630 311 630 100 631 98 631 397 631 106 632 101 632 398 632 103 633 105 633 399 633 110 634 108 634 400 634 113 635 111 635 401 635 121 636 114 636 402 636 118 637 120 637 403 637 404 638 405 638 406 638 404 639 406 639 407 639 407 640 406 640 408 640 407 641 408 641 409 641 409 642 408 642 410 642 409 643 410 643 411 643 411 644 410 644 412 644 411 645 412 645 116 645 116 646 412 646 2 646 20 647 17 647 413 647 413 648 17 648 414 648 413 649 414 649 415 649 415 650 414 650 416 650 415 651 416 651 417 651 417 652 416 652 418 652 417 653 418 653 419 653 419 654 418 654 420 654 419 655 420 655 421 655 421 656 420 656 405 656 421 657 405 657 422 657 422 658 405 658 404 658 422 659 404 659 423 659 423 660 404 660 407 660 423 661 407 661 424 661 424 662 407 662 409 662 424 663 409 663 403 663 403 664 409 664 411 664 403 665 411 665 118 665 118 666 411 666 116 666 22 667 20 667 425 667 425 668 20 668 413 668 425 669 413 669 426 669 426 670 413 670 415 670 426 671 415 671 427 671 427 672 415 672 417 672 427 673 417 673 428 673 428 674 417 674 419 674 428 675 419 675 429 675 429 676 419 676 421 676 429 677 421 677 430 677 430 678 421 678 422 678 430 679 422 679 431 679 431 680 422 680 423 680 431 681 423 681 432 681 432 682 423 682 424 682 432 683 424 683 402 683 402 684 424 684 403 684 402 685 403 685 121 685 121 686 403 686 120 686 24 687 22 687 433 687 433 688 22 688 425 688 433 689 425 689 434 689 434 690 425 690 426 690 434 691 426 691 435 691 435 692 426 692 427 692 435 693 427 693 436 693 436 694 427 694 428 694 436 695 428 695 437 695 437 696 428 696 429 696 437 697 429 697 438 697 438 698 429 698 430 698 438 699 430 699 439 699 439 700 430 700 431 700 439 701 431 701 440 701 440 702 431 702 432 702 440 703 432 703 401 703 401 704 432 704 402 704 401 705 402 705 113 705 113 706 402 706 114 706 26 707 24 707 441 707 441 708 24 708 433 708 441 709 433 709 442 709 442 710 433 710 434 710 442 711 434 711 443 711 443 712 434 712 435 712 443 713 435 713 444 713 444 714 435 714 436 714 444 715 436 715 445 715 445 716 436 716 437 716 445 717 437 717 446 717 446 718 437 718 438 718 446 719 438 719 447 719 447 720 438 720 439 720 447 721 439 721 448 721 448 722 439 722 440 722 448 723 440 723 400 723 400 724 440 724 401 724 400 725 401 725 110 725 110 726 401 726 111 726 25 727 26 727 449 727 449 728 26 728 441 728 449 729 441 729 450 729 450 730 441 730 442 730 450 731 442 731 451 731 451 732 442 732 443 732 451 733 443 733 452 733 452 734 443 734 444 734 452 735 444 735 453 735 453 736 444 736 445 736 453 737 445 737 454 737 454 738 445 738 446 738 454 739 446 739 455 739 455 740 446 740 447 740 455 741 447 741 456 741 456 742 447 742 448 742 456 743 448 743 457 743 457 744 448 744 400 744 457 745 400 745 107 745 107 746 400 746 108 746 23 747 25 747 458 747 458 748 25 748 449 748 458 749 449 749 459 749 459 750 449 750 450 750 459 751 450 751 460 751 460 752 450 752 451 752 460 753 451 753 461 753 461 754 451 754 452 754 461 755 452 755 462 755 462 756 452 756 453 756 462 757 453 757 463 757 463 758 453 758 454 758 463 759 454 759 464 759 464 760 454 760 455 760 464 761 455 761 465 761 465 762 455 762 456 762 465 763 456 763 399 763 399 764 456 764 457 764 399 765 457 765 103 765 103 766 457 766 107 766 21 767 23 767 466 767 466 768 23 768 458 768 466 769 458 769 467 769 467 770 458 770 459 770 467 771 459 771 468 771 468 772 459 772 460 772 468 773 460 773 469 773 469 774 460 774 461 774 469 775 461 775 470 775 470 776 461 776 462 776 470 777 462 777 471 777 471 778 462 778 463 778 471 779 463 779 472 779 472 780 463 780 464 780 472 781 464 781 473 781 473 782 464 782 465 782 473 783 465 783 398 783 398 784 465 784 399 784 398 785 399 785 106 785 106 786 399 786 105 786 19 787 21 787 474 787 474 788 21 788 466 788 474 789 466 789 475 789 475 790 466 790 467 790 475 791 467 791 476 791 476 792 467 792 468 792 476 793 468 793 477 793 477 794 468 794 469 794 477 795 469 795 478 795 478 796 469 796 470 796 478 797 470 797 479 797 479 798 470 798 471 798 479 799 471 799 480 799 480 800 471 800 472 800 480 801 472 801 481 801 481 802 472 802 473 802 481 803 473 803 397 803 397 804 473 804 398 804 397 805 398 805 100 805 100 806 398 806 101 806 18 807 19 807 303 807 303 808 19 808 474 808 303 809 474 809 304 809 304 810 474 810 475 810 304 811 475 811 305 811 305 812 475 812 476 812 305 813 476 813 306 813 306 814 476 814 477 814 306 815 477 815 307 815 307 816 477 816 478 816 307 817 478 817 308 817 308 818 478 818 479 818 308 819 479 819 309 819 309 820 479 820 480 820 309 821 480 821 310 821 310 822 480 822 481 822 310 823 481 823 311 823 311 824 481 824 397 824 311 825 397 825 96 825 96 826 397 826 98 826 46 827 29 827 389 827 46 828 389 828 482 828 482 829 389 829 390 829 482 830 390 830 483 830 483 831 390 831 391 831 483 832 391 832 484 832 484 833 391 833 392 833 484 834 392 834 485 834 485 835 392 835 393 835 485 836 393 836 486 836 486 837 393 837 394 837 486 838 394 838 487 838 487 839 394 839 395 839 487 840 395 840 488 840 488 841 395 841 396 841 488 842 396 842 489 842 489 843 396 843 312 843 489 844 312 844 490 844 490 845 312 845 12 845 490 846 12 846 14 846 17 847 16 847 491 847 17 848 491 848 414 848 414 849 491 849 492 849 414 850 492 850 416 850 416 851 492 851 493 851 416 852 493 852 418 852 418 853 493 853 494 853 418 854 494 854 420 854 420 855 494 855 495 855 420 856 495 856 405 856 405 857 495 857 496 857 405 858 496 858 406 858 406 859 496 859 497 859 406 860 497 860 408 860 408 861 497 861 498 861 408 862 498 862 410 862 410 863 498 863 499 863 410 864 499 864 412 864 412 865 499 865 0 865 412 866 0 866 2 866 122 867 0 867 499 867 126 868 124 868 500 868 132 869 127 869 501 869 129 870 131 870 502 870 136 871 134 871 503 871 139 872 137 872 504 872 147 873 140 873 505 873 144 874 146 874 506 874 507 875 486 875 487 875 507 876 487 876 508 876 508 877 487 877 488 877 508 878 488 878 509 878 509 879 488 879 489 879 509 880 489 880 510 880 510 881 489 881 490 881 510 882 490 882 142 882 142 883 490 883 14 883 44 884 46 884 511 884 511 885 46 885 482 885 511 886 482 886 512 886 512 887 482 887 483 887 512 888 483 888 513 888 513 889 483 889 484 889 513 890 484 890 514 890 514 891 484 891 485 891 514 892 485 892 515 892 515 893 485 893 486 893 515 894 486 894 516 894 516 895 486 895 507 895 516 896 507 896 517 896 517 897 507 897 508 897 517 898 508 898 518 898 518 899 508 899 509 899 518 900 509 900 506 900 506 901 509 901 510 901 506 902 510 902 144 902 144 903 510 903 142 903 42 904 44 904 519 904 519 905 44 905 511 905 519 906 511 906 520 906 520 907 511 907 512 907 520 908 512 908 521 908 521 909 512 909 513 909 521 910 513 910 522 910 522 911 513 911 514 911 522 912 514 912 523 912 523 913 514 913 515 913 523 914 515 914 524 914 524 915 515 915 516 915 524 916 516 916 525 916 525 917 516 917 517 917 525 918 517 918 526 918 526 919 517 919 518 919 526 920 518 920 505 920 505 921 518 921 506 921 505 922 506 922 147 922 147 923 506 923 146 923 40 924 42 924 527 924 527 925 42 925 519 925 527 926 519 926 528 926 528 927 519 927 520 927 528 928 520 928 529 928 529 929 520 929 521 929 529 930 521 930 530 930 530 931 521 931 522 931 530 932 522 932 531 932 531 933 522 933 523 933 531 934 523 934 532 934 532 935 523 935 524 935 532 936 524 936 533 936 533 937 524 937 525 937 533 938 525 938 534 938 534 939 525 939 526 939 534 940 526 940 504 940 504 941 526 941 505 941 504 942 505 942 139 942 139 943 505 943 140 943 38 944 40 944 535 944 535 945 40 945 527 945 535 946 527 946 536 946 536 947 527 947 528 947 536 948 528 948 537 948 537 949 528 949 529 949 537 950 529 950 538 950 538 951 529 951 530 951 538 952 530 952 539 952 539 953 530 953 531 953 539 954 531 954 540 954 540 955 531 955 532 955 540 956 532 956 541 956 541 957 532 957 533 957 541 958 533 958 542 958 542 959 533 959 534 959 542 960 534 960 503 960 503 961 534 961 504 961 503 962 504 962 136 962 136 963 504 963 137 963 39 964 38 964 543 964 543 965 38 965 535 965 543 966 535 966 544 966 544 967 535 967 536 967 544 968 536 968 545 968 545 969 536 969 537 969 545 970 537 970 546 970 546 971 537 971 538 971 546 972 538 972 547 972 547 973 538 973 539 973 547 974 539 974 548 974 548 975 539 975 540 975 548 976 540 976 549 976 549 977 540 977 541 977 549 978 541 978 550 978 550 979 541 979 542 979 550 980 542 980 551 980 551 981 542 981 503 981 551 982 503 982 133 982 133 983 503 983 134 983 41 984 39 984 552 984 552 985 39 985 543 985 552 986 543 986 553 986 553 987 543 987 544 987 553 988 544 988 554 988 554 989 544 989 545 989 554 990 545 990 555 990 555 991 545 991 546 991 555 992 546 992 556 992 556 993 546 993 547 993 556 994 547 994 557 994 557 995 547 995 548 995 557 996 548 996 558 996 558 997 548 997 549 997 558 998 549 998 559 998 559 999 549 999 550 999 559 1000 550 1000 502 1000 502 1001 550 1001 551 1001 502 1002 551 1002 129 1002 129 1003 551 1003 133 1003 43 1004 41 1004 560 1004 560 1005 41 1005 552 1005 560 1006 552 1006 561 1006 561 1007 552 1007 553 1007 561 1008 553 1008 562 1008 562 1009 553 1009 554 1009 562 1010 554 1010 563 1010 563 1011 554 1011 555 1011 563 1012 555 1012 564 1012 564 1013 555 1013 556 1013 564 1014 556 1014 565 1014 565 1015 556 1015 557 1015 565 1016 557 1016 566 1016 566 1017 557 1017 558 1017 566 1018 558 1018 567 1018 567 1019 558 1019 559 1019 567 1020 559 1020 501 1020 501 1021 559 1021 502 1021 501 1022 502 1022 132 1022 132 1023 502 1023 131 1023 45 1024 43 1024 568 1024 568 1025 43 1025 560 1025 568 1026 560 1026 569 1026 569 1027 560 1027 561 1027 569 1028 561 1028 570 1028 570 1029 561 1029 562 1029 570 1030 562 1030 571 1030 571 1031 562 1031 563 1031 571 1032 563 1032 572 1032 572 1033 563 1033 564 1033 572 1034 564 1034 573 1034 573 1035 564 1035 565 1035 573 1036 565 1036 574 1036 574 1037 565 1037 566 1037 574 1038 566 1038 575 1038 575 1039 566 1039 567 1039 575 1040 567 1040 500 1040 500 1041 567 1041 501 1041 500 1042 501 1042 126 1042 126 1043 501 1043 127 1043 16 1044 45 1044 491 1044 491 1045 45 1045 568 1045 491 1046 568 1046 492 1046 492 1047 568 1047 569 1047 492 1048 569 1048 493 1048 493 1049 569 1049 570 1049 493 1050 570 1050 494 1050 494 1051 570 1051 571 1051 494 1052 571 1052 495 1052 495 1053 571 1053 572 1053 495 1054 572 1054 496 1054 496 1055 572 1055 573 1055 496 1056 573 1056 497 1056 497 1057 573 1057 574 1057 497 1058 574 1058 498 1058 498 1059 574 1059 575 1059 498 1060 575 1060 499 1060 499 1061 575 1061 500 1061 499 1062 500 1062 122 1062 122 1063 500 1063 124 1063 576 1064 577 1064 578 1064 579 1065 576 1065 580 1065 15 1066 579 1066 581 1066 582 1067 57 1067 74 1067 582 1068 74 1068 583 1068 583 1069 74 1069 76 1069 583 1070 76 1070 584 1070 584 1071 76 1071 78 1071 584 1072 78 1072 585 1072 585 1073 78 1073 80 1073 585 1074 80 1074 586 1074 586 1075 80 1075 79 1075 586 1076 79 1076 587 1076 587 1077 79 1077 77 1077 587 1078 77 1078 588 1078 588 1079 77 1079 75 1079 588 1080 75 1080 589 1080 589 1081 75 1081 73 1081 589 1082 73 1082 590 1082 590 1083 73 1083 72 1083 590 1084 72 1084 591 1084 592 1085 582 1085 583 1085 592 1086 583 1086 593 1086 593 1087 583 1087 584 1087 593 1088 584 1088 594 1088 594 1089 584 1089 585 1089 594 1090 585 1090 595 1090 595 1091 585 1091 586 1091 595 1092 586 1092 596 1092 596 1093 586 1093 587 1093 596 1094 587 1094 597 1094 597 1095 587 1095 588 1095 597 1096 588 1096 598 1096 598 1097 588 1097 589 1097 598 1098 589 1098 599 1098 599 1099 589 1099 590 1099 599 1100 590 1100 600 1100 600 1101 590 1101 591 1101 600 1102 591 1102 601 1102 602 1103 592 1103 593 1103 602 1104 593 1104 603 1104 603 1105 593 1105 594 1105 603 1106 594 1106 604 1106 604 1107 594 1107 595 1107 604 1108 595 1108 605 1108 605 1109 595 1109 596 1109 605 1110 596 1110 606 1110 606 1111 596 1111 597 1111 606 1112 597 1112 607 1112 607 1113 597 1113 598 1113 607 1114 598 1114 608 1114 608 1115 598 1115 599 1115 608 1116 599 1116 609 1116 609 1117 599 1117 600 1117 609 1118 600 1118 610 1118 610 1119 600 1119 601 1119 610 1120 601 1120 611 1120 612 1121 602 1121 603 1121 612 1122 603 1122 613 1122 613 1123 603 1123 604 1123 613 1124 604 1124 614 1124 614 1125 604 1125 605 1125 614 1126 605 1126 615 1126 615 1127 605 1127 606 1127 615 1128 606 1128 616 1128 616 1129 606 1129 607 1129 616 1130 607 1130 617 1130 617 1131 607 1131 608 1131 617 1132 608 1132 618 1132 618 1133 608 1133 609 1133 618 1134 609 1134 619 1134 619 1135 609 1135 610 1135 619 1136 610 1136 620 1136 620 1137 610 1137 611 1137 620 1138 611 1138 621 1138 622 1139 612 1139 613 1139 622 1140 613 1140 623 1140 623 1141 613 1141 614 1141 623 1142 614 1142 624 1142 624 1143 614 1143 615 1143 624 1144 615 1144 625 1144 625 1145 615 1145 616 1145 625 1146 616 1146 626 1146 626 1147 616 1147 617 1147 626 1148 617 1148 627 1148 627 1149 617 1149 618 1149 627 1150 618 1150 628 1150 628 1151 618 1151 619 1151 628 1152 619 1152 629 1152 629 1153 619 1153 620 1153 629 1154 620 1154 630 1154 630 1155 620 1155 621 1155 630 1156 621 1156 631 1156 577 1157 622 1157 578 1157 578 1158 622 1158 623 1158 578 1159 623 1159 632 1159 632 1160 623 1160 624 1160 632 1161 624 1161 633 1161 633 1162 624 1162 625 1162 633 1163 625 1163 634 1163 634 1164 625 1164 626 1164 634 1165 626 1165 635 1165 635 1166 626 1166 627 1166 635 1167 627 1167 636 1167 636 1168 627 1168 628 1168 636 1169 628 1169 637 1169 637 1170 628 1170 629 1170 637 1171 629 1171 638 1171 638 1172 629 1172 630 1172 638 1173 630 1173 639 1173 639 1174 630 1174 631 1174 639 1175 631 1175 640 1175 576 1176 578 1176 580 1176 580 1177 578 1177 632 1177 580 1178 632 1178 641 1178 641 1179 632 1179 633 1179 641 1180 633 1180 642 1180 642 1181 633 1181 634 1181 642 1182 634 1182 643 1182 643 1183 634 1183 635 1183 643 1184 635 1184 644 1184 644 1185 635 1185 636 1185 644 1186 636 1186 645 1186 645 1187 636 1187 637 1187 645 1188 637 1188 646 1188 646 1189 637 1189 638 1189 646 1190 638 1190 647 1190 647 1191 638 1191 639 1191 647 1192 639 1192 648 1192 648 1193 639 1193 640 1193 648 1194 640 1194 649 1194 579 1195 580 1195 581 1195 581 1196 580 1196 641 1196 581 1197 641 1197 650 1197 650 1198 641 1198 642 1198 650 1199 642 1199 651 1199 651 1200 642 1200 643 1200 651 1201 643 1201 652 1201 652 1202 643 1202 644 1202 652 1203 644 1203 653 1203 653 1204 644 1204 645 1204 653 1205 645 1205 654 1205 654 1206 645 1206 646 1206 654 1207 646 1207 655 1207 655 1208 646 1208 647 1208 655 1209 647 1209 656 1209 656 1210 647 1210 648 1210 656 1211 648 1211 657 1211 657 1212 648 1212 649 1212 657 1213 649 1213 658 1213 15 1214 581 1214 143 1214 143 1215 581 1215 650 1215 143 1216 650 1216 145 1216 145 1217 650 1217 651 1217 145 1218 651 1218 141 1218 141 1219 651 1219 652 1219 141 1220 652 1220 138 1220 138 1221 652 1221 653 1221 138 1222 653 1222 135 1222 135 1223 653 1223 654 1223 135 1224 654 1224 130 1224 130 1225 654 1225 655 1225 130 1226 655 1226 128 1226 128 1227 655 1227 656 1227 128 1228 656 1228 125 1228 125 1229 656 1229 657 1229 125 1230 657 1230 123 1230 123 1231 657 1231 658 1231 123 1232 658 1232 1 1232 59 1233 57 1233 582 1233 59 1234 582 1234 659 1234 659 1235 582 1235 592 1235 659 1236 592 1236 660 1236 660 1237 592 1237 602 1237 660 1238 602 1238 661 1238 661 1239 602 1239 612 1239 661 1240 612 1240 662 1240 662 1241 612 1241 622 1241 662 1242 622 1242 663 1242 663 1243 622 1243 577 1243 663 1244 577 1244 664 1244 664 1245 577 1245 576 1245 664 1246 576 1246 665 1246 665 1247 576 1247 579 1247 665 1248 579 1248 666 1248 666 1249 579 1249 15 1249 666 1250 15 1250 13 1250 72 1251 71 1251 667 1251 72 1252 667 1252 591 1252 591 1253 667 1253 668 1253 591 1254 668 1254 601 1254 601 1255 668 1255 669 1255 601 1256 669 1256 611 1256 611 1257 669 1257 670 1257 611 1258 670 1258 621 1258 621 1259 670 1259 671 1259 621 1260 671 1260 631 1260 631 1261 671 1261 672 1261 631 1262 672 1262 640 1262 640 1263 672 1263 673 1263 640 1264 673 1264 649 1264 649 1265 673 1265 674 1265 649 1266 674 1266 658 1266 658 1267 674 1267 3 1267 658 1268 3 1268 1 1268 675 1269 676 1269 677 1269 678 1270 675 1270 679 1270 11 1271 678 1271 680 1271 681 1272 86 1272 84 1272 681 1273 84 1273 682 1273 682 1274 84 1274 82 1274 682 1275 82 1275 683 1275 683 1276 82 1276 65 1276 683 1277 65 1277 684 1277 684 1278 65 1278 64 1278 684 1279 64 1279 685 1279 685 1280 64 1280 63 1280 685 1281 63 1281 686 1281 686 1282 63 1282 81 1282 686 1283 81 1283 687 1283 687 1284 81 1284 83 1284 687 1285 83 1285 688 1285 688 1286 83 1286 85 1286 688 1287 85 1287 689 1287 689 1288 85 1288 59 1288 689 1289 59 1289 659 1289 690 1290 681 1290 682 1290 690 1291 682 1291 691 1291 691 1292 682 1292 683 1292 691 1293 683 1293 692 1293 692 1294 683 1294 684 1294 692 1295 684 1295 693 1295 693 1296 684 1296 685 1296 693 1297 685 1297 694 1297 694 1298 685 1298 686 1298 694 1299 686 1299 695 1299 695 1300 686 1300 687 1300 695 1301 687 1301 696 1301 696 1302 687 1302 688 1302 696 1303 688 1303 697 1303 697 1304 688 1304 689 1304 697 1305 689 1305 698 1305 698 1306 689 1306 659 1306 698 1307 659 1307 660 1307 699 1308 690 1308 691 1308 699 1309 691 1309 700 1309 700 1310 691 1310 692 1310 700 1311 692 1311 701 1311 701 1312 692 1312 693 1312 701 1313 693 1313 702 1313 702 1314 693 1314 694 1314 702 1315 694 1315 703 1315 703 1316 694 1316 695 1316 703 1317 695 1317 704 1317 704 1318 695 1318 696 1318 704 1319 696 1319 705 1319 705 1320 696 1320 697 1320 705 1321 697 1321 706 1321 706 1322 697 1322 698 1322 706 1323 698 1323 707 1323 707 1324 698 1324 660 1324 707 1325 660 1325 661 1325 708 1326 699 1326 700 1326 708 1327 700 1327 709 1327 709 1328 700 1328 701 1328 709 1329 701 1329 710 1329 710 1330 701 1330 702 1330 710 1331 702 1331 711 1331 711 1332 702 1332 703 1332 711 1333 703 1333 712 1333 712 1334 703 1334 704 1334 712 1335 704 1335 713 1335 713 1336 704 1336 705 1336 713 1337 705 1337 714 1337 714 1338 705 1338 706 1338 714 1339 706 1339 715 1339 715 1340 706 1340 707 1340 715 1341 707 1341 716 1341 716 1342 707 1342 661 1342 716 1343 661 1343 662 1343 717 1344 708 1344 709 1344 717 1345 709 1345 718 1345 718 1346 709 1346 710 1346 718 1347 710 1347 719 1347 719 1348 710 1348 711 1348 719 1349 711 1349 720 1349 720 1350 711 1350 712 1350 720 1351 712 1351 721 1351 721 1352 712 1352 713 1352 721 1353 713 1353 722 1353 722 1354 713 1354 714 1354 722 1355 714 1355 723 1355 723 1356 714 1356 715 1356 723 1357 715 1357 724 1357 724 1358 715 1358 716 1358 724 1359 716 1359 725 1359 725 1360 716 1360 662 1360 725 1361 662 1361 663 1361 676 1362 717 1362 677 1362 677 1363 717 1363 718 1363 677 1364 718 1364 726 1364 726 1365 718 1365 719 1365 726 1366 719 1366 727 1366 727 1367 719 1367 720 1367 727 1368 720 1368 728 1368 728 1369 720 1369 721 1369 728 1370 721 1370 729 1370 729 1371 721 1371 722 1371 729 1372 722 1372 730 1372 730 1373 722 1373 723 1373 730 1374 723 1374 731 1374 731 1375 723 1375 724 1375 731 1376 724 1376 732 1376 732 1377 724 1377 725 1377 732 1378 725 1378 733 1378 733 1379 725 1379 663 1379 733 1380 663 1380 664 1380 675 1381 677 1381 679 1381 679 1382 677 1382 726 1382 679 1383 726 1383 734 1383 734 1384 726 1384 727 1384 734 1385 727 1385 735 1385 735 1386 727 1386 728 1386 735 1387 728 1387 736 1387 736 1388 728 1388 729 1388 736 1389 729 1389 737 1389 737 1390 729 1390 730 1390 737 1391 730 1391 738 1391 738 1392 730 1392 731 1392 738 1393 731 1393 739 1393 739 1394 731 1394 732 1394 739 1395 732 1395 740 1395 740 1396 732 1396 733 1396 740 1397 733 1397 741 1397 741 1398 733 1398 664 1398 741 1399 664 1399 665 1399 678 1400 679 1400 680 1400 680 1401 679 1401 734 1401 680 1402 734 1402 742 1402 742 1403 734 1403 735 1403 742 1404 735 1404 743 1404 743 1405 735 1405 736 1405 743 1406 736 1406 744 1406 744 1407 736 1407 737 1407 744 1408 737 1408 745 1408 745 1409 737 1409 738 1409 745 1410 738 1410 746 1410 746 1411 738 1411 739 1411 746 1412 739 1412 747 1412 747 1413 739 1413 740 1413 747 1414 740 1414 748 1414 748 1415 740 1415 741 1415 748 1416 741 1416 749 1416 749 1417 741 1417 665 1417 749 1418 665 1418 666 1418 11 1419 680 1419 195 1419 195 1420 680 1420 742 1420 195 1421 742 1421 197 1421 197 1422 742 1422 743 1422 197 1423 743 1423 193 1423 193 1424 743 1424 744 1424 193 1425 744 1425 190 1425 190 1426 744 1426 745 1426 190 1427 745 1427 187 1427 187 1428 745 1428 746 1428 187 1429 746 1429 182 1429 182 1430 746 1430 747 1430 182 1431 747 1431 180 1431 180 1432 747 1432 748 1432 180 1433 748 1433 177 1433 177 1434 748 1434 749 1434 177 1435 749 1435 175 1435 175 1436 749 1436 666 1436 175 1437 666 1437 13 1437 673 1438 672 1438 750 1438 674 1439 673 1439 751 1439 3 1440 674 1440 752 1440 667 1441 71 1441 69 1441 667 1442 69 1442 753 1442 753 1443 69 1443 67 1443 753 1444 67 1444 754 1444 754 1445 67 1445 62 1445 754 1446 62 1446 755 1446 755 1447 62 1447 61 1447 755 1448 61 1448 756 1448 756 1449 61 1449 60 1449 756 1450 60 1450 757 1450 757 1451 60 1451 66 1451 757 1452 66 1452 758 1452 758 1453 66 1453 68 1453 758 1454 68 1454 759 1454 759 1455 68 1455 70 1455 759 1456 70 1456 760 1456 760 1457 70 1457 56 1457 760 1458 56 1458 761 1458 668 1459 667 1459 753 1459 668 1460 753 1460 762 1460 762 1461 753 1461 754 1461 762 1462 754 1462 763 1462 763 1463 754 1463 755 1463 763 1464 755 1464 764 1464 764 1465 755 1465 756 1465 764 1466 756 1466 765 1466 765 1467 756 1467 757 1467 765 1468 757 1468 766 1468 766 1469 757 1469 758 1469 766 1470 758 1470 767 1470 767 1471 758 1471 759 1471 767 1472 759 1472 768 1472 768 1473 759 1473 760 1473 768 1474 760 1474 769 1474 769 1475 760 1475 761 1475 769 1476 761 1476 770 1476 669 1477 668 1477 762 1477 669 1478 762 1478 771 1478 771 1479 762 1479 763 1479 771 1480 763 1480 772 1480 772 1481 763 1481 764 1481 772 1482 764 1482 773 1482 773 1483 764 1483 765 1483 773 1484 765 1484 774 1484 774 1485 765 1485 766 1485 774 1486 766 1486 775 1486 775 1487 766 1487 767 1487 775 1488 767 1488 776 1488 776 1489 767 1489 768 1489 776 1490 768 1490 777 1490 777 1491 768 1491 769 1491 777 1492 769 1492 778 1492 778 1493 769 1493 770 1493 778 1494 770 1494 779 1494 670 1495 669 1495 771 1495 670 1496 771 1496 780 1496 780 1497 771 1497 772 1497 780 1498 772 1498 781 1498 781 1499 772 1499 773 1499 781 1500 773 1500 782 1500 782 1501 773 1501 774 1501 782 1502 774 1502 783 1502 783 1503 774 1503 775 1503 783 1504 775 1504 784 1504 784 1505 775 1505 776 1505 784 1506 776 1506 785 1506 785 1507 776 1507 777 1507 785 1508 777 1508 786 1508 786 1509 777 1509 778 1509 786 1510 778 1510 787 1510 787 1511 778 1511 779 1511 787 1512 779 1512 788 1512 671 1513 670 1513 780 1513 671 1514 780 1514 789 1514 789 1515 780 1515 781 1515 789 1516 781 1516 790 1516 790 1517 781 1517 782 1517 790 1518 782 1518 791 1518 791 1519 782 1519 783 1519 791 1520 783 1520 792 1520 792 1521 783 1521 784 1521 792 1522 784 1522 793 1522 793 1523 784 1523 785 1523 793 1524 785 1524 794 1524 794 1525 785 1525 786 1525 794 1526 786 1526 795 1526 795 1527 786 1527 787 1527 795 1528 787 1528 796 1528 796 1529 787 1529 788 1529 796 1530 788 1530 797 1530 672 1531 671 1531 750 1531 750 1532 671 1532 789 1532 750 1533 789 1533 798 1533 798 1534 789 1534 790 1534 798 1535 790 1535 799 1535 799 1536 790 1536 791 1536 799 1537 791 1537 800 1537 800 1538 791 1538 792 1538 800 1539 792 1539 801 1539 801 1540 792 1540 793 1540 801 1541 793 1541 802 1541 802 1542 793 1542 794 1542 802 1543 794 1543 803 1543 803 1544 794 1544 795 1544 803 1545 795 1545 804 1545 804 1546 795 1546 796 1546 804 1547 796 1547 805 1547 805 1548 796 1548 797 1548 805 1549 797 1549 806 1549 673 1550 750 1550 751 1550 751 1551 750 1551 798 1551 751 1552 798 1552 807 1552 807 1553 798 1553 799 1553 807 1554 799 1554 808 1554 808 1555 799 1555 800 1555 808 1556 800 1556 809 1556 809 1557 800 1557 801 1557 809 1558 801 1558 810 1558 810 1559 801 1559 802 1559 810 1560 802 1560 811 1560 811 1561 802 1561 803 1561 811 1562 803 1562 812 1562 812 1563 803 1563 804 1563 812 1564 804 1564 813 1564 813 1565 804 1565 805 1565 813 1566 805 1566 814 1566 814 1567 805 1567 806 1567 814 1568 806 1568 815 1568 674 1569 751 1569 752 1569 752 1570 751 1570 807 1570 752 1571 807 1571 816 1571 816 1572 807 1572 808 1572 816 1573 808 1573 817 1573 817 1574 808 1574 809 1574 817 1575 809 1575 818 1575 818 1576 809 1576 810 1576 818 1577 810 1577 819 1577 819 1578 810 1578 811 1578 819 1579 811 1579 820 1579 820 1580 811 1580 812 1580 820 1581 812 1581 821 1581 821 1582 812 1582 813 1582 821 1583 813 1583 822 1583 822 1584 813 1584 814 1584 822 1585 814 1585 823 1585 823 1586 814 1586 815 1586 823 1587 815 1587 824 1587 3 1588 752 1588 117 1588 117 1589 752 1589 816 1589 117 1590 816 1590 119 1590 119 1591 816 1591 817 1591 119 1592 817 1592 115 1592 115 1593 817 1593 818 1593 115 1594 818 1594 112 1594 112 1595 818 1595 819 1595 112 1596 819 1596 109 1596 109 1597 819 1597 820 1597 109 1598 820 1598 104 1598 104 1599 820 1599 821 1599 104 1600 821 1600 102 1600 102 1601 821 1601 822 1601 102 1602 822 1602 99 1602 99 1603 822 1603 823 1603 99 1604 823 1604 97 1604 97 1605 823 1605 824 1605 97 1606 824 1606 5 1606 87 1607 86 1607 681 1607 87 1608 681 1608 825 1608 825 1609 681 1609 690 1609 825 1610 690 1610 826 1610 826 1611 690 1611 699 1611 826 1612 699 1612 827 1612 827 1613 699 1613 708 1613 827 1614 708 1614 828 1614 828 1615 708 1615 717 1615 828 1616 717 1616 829 1616 829 1617 717 1617 676 1617 829 1618 676 1618 830 1618 830 1619 676 1619 675 1619 830 1620 675 1620 831 1620 831 1621 675 1621 678 1621 831 1622 678 1622 832 1622 832 1623 678 1623 11 1623 832 1624 11 1624 9 1624 56 1625 58 1625 833 1625 56 1626 833 1626 761 1626 761 1627 833 1627 834 1627 761 1628 834 1628 770 1628 770 1629 834 1629 835 1629 770 1630 835 1630 779 1630 779 1631 835 1631 836 1631 779 1632 836 1632 788 1632 788 1633 836 1633 837 1633 788 1634 837 1634 797 1634 797 1635 837 1635 838 1635 797 1636 838 1636 806 1636 806 1637 838 1637 839 1637 806 1638 839 1638 815 1638 815 1639 839 1639 840 1639 815 1640 840 1640 824 1640 824 1641 840 1641 7 1641 824 1642 7 1642 5 1642 839 1643 838 1643 841 1643 840 1644 839 1644 842 1644 7 1645 840 1645 843 1645 833 1646 58 1646 89 1646 833 1647 89 1647 844 1647 844 1648 89 1648 91 1648 844 1649 91 1649 845 1649 845 1650 91 1650 93 1650 845 1651 93 1651 846 1651 846 1652 93 1652 95 1652 846 1653 95 1653 847 1653 847 1654 95 1654 94 1654 847 1655 94 1655 848 1655 848 1656 94 1656 92 1656 848 1657 92 1657 849 1657 849 1658 92 1658 90 1658 849 1659 90 1659 850 1659 850 1660 90 1660 88 1660 850 1661 88 1661 851 1661 851 1662 88 1662 87 1662 851 1663 87 1663 825 1663 834 1664 833 1664 844 1664 834 1665 844 1665 852 1665 852 1666 844 1666 845 1666 852 1667 845 1667 853 1667 853 1668 845 1668 846 1668 853 1669 846 1669 854 1669 854 1670 846 1670 847 1670 854 1671 847 1671 855 1671 855 1672 847 1672 848 1672 855 1673 848 1673 856 1673 856 1674 848 1674 849 1674 856 1675 849 1675 857 1675 857 1676 849 1676 850 1676 857 1677 850 1677 858 1677 858 1678 850 1678 851 1678 858 1679 851 1679 859 1679 859 1680 851 1680 825 1680 859 1681 825 1681 826 1681 835 1682 834 1682 852 1682 835 1683 852 1683 860 1683 860 1684 852 1684 853 1684 860 1685 853 1685 861 1685 861 1686 853 1686 854 1686 861 1687 854 1687 862 1687 862 1688 854 1688 855 1688 862 1689 855 1689 863 1689 863 1690 855 1690 856 1690 863 1691 856 1691 864 1691 864 1692 856 1692 857 1692 864 1693 857 1693 865 1693 865 1694 857 1694 858 1694 865 1695 858 1695 866 1695 866 1696 858 1696 859 1696 866 1697 859 1697 867 1697 867 1698 859 1698 826 1698 867 1699 826 1699 827 1699 836 1700 835 1700 860 1700 836 1701 860 1701 868 1701 868 1702 860 1702 861 1702 868 1703 861 1703 869 1703 869 1704 861 1704 862 1704 869 1705 862 1705 870 1705 870 1706 862 1706 863 1706 870 1707 863 1707 871 1707 871 1708 863 1708 864 1708 871 1709 864 1709 872 1709 872 1710 864 1710 865 1710 872 1711 865 1711 873 1711 873 1712 865 1712 866 1712 873 1713 866 1713 874 1713 874 1714 866 1714 867 1714 874 1715 867 1715 875 1715 875 1716 867 1716 827 1716 875 1717 827 1717 828 1717 837 1718 836 1718 868 1718 837 1719 868 1719 876 1719 876 1720 868 1720 869 1720 876 1721 869 1721 877 1721 877 1722 869 1722 870 1722 877 1723 870 1723 878 1723 878 1724 870 1724 871 1724 878 1725 871 1725 879 1725 879 1726 871 1726 872 1726 879 1727 872 1727 880 1727 880 1728 872 1728 873 1728 880 1729 873 1729 881 1729 881 1730 873 1730 874 1730 881 1731 874 1731 882 1731 882 1732 874 1732 875 1732 882 1733 875 1733 883 1733 883 1734 875 1734 828 1734 883 1735 828 1735 829 1735 838 1736 837 1736 841 1736 841 1737 837 1737 876 1737 841 1738 876 1738 884 1738 884 1739 876 1739 877 1739 884 1740 877 1740 885 1740 885 1741 877 1741 878 1741 885 1742 878 1742 886 1742 886 1743 878 1743 879 1743 886 1744 879 1744 887 1744 887 1745 879 1745 880 1745 887 1746 880 1746 888 1746 888 1747 880 1747 881 1747 888 1748 881 1748 889 1748 889 1749 881 1749 882 1749 889 1750 882 1750 890 1750 890 1751 882 1751 883 1751 890 1752 883 1752 891 1752 891 1753 883 1753 829 1753 891 1754 829 1754 830 1754 839 1755 841 1755 842 1755 842 1756 841 1756 884 1756 842 1757 884 1757 892 1757 892 1758 884 1758 885 1758 892 1759 885 1759 893 1759 893 1760 885 1760 886 1760 893 1761 886 1761 894 1761 894 1762 886 1762 887 1762 894 1763 887 1763 895 1763 895 1764 887 1764 888 1764 895 1765 888 1765 896 1765 896 1766 888 1766 889 1766 896 1767 889 1767 897 1767 897 1768 889 1768 890 1768 897 1769 890 1769 898 1769 898 1770 890 1770 891 1770 898 1771 891 1771 899 1771 899 1772 891 1772 830 1772 899 1773 830 1773 831 1773 840 1774 842 1774 843 1774 843 1775 842 1775 892 1775 843 1776 892 1776 900 1776 900 1777 892 1777 893 1777 900 1778 893 1778 901 1778 901 1779 893 1779 894 1779 901 1780 894 1780 902 1780 902 1781 894 1781 895 1781 902 1782 895 1782 903 1782 903 1783 895 1783 896 1783 903 1784 896 1784 904 1784 904 1785 896 1785 897 1785 904 1786 897 1786 905 1786 905 1787 897 1787 898 1787 905 1788 898 1788 906 1788 906 1789 898 1789 899 1789 906 1790 899 1790 907 1790 907 1791 899 1791 831 1791 907 1792 831 1792 832 1792 7 1793 843 1793 169 1793 169 1794 843 1794 900 1794 169 1795 900 1795 171 1795 171 1796 900 1796 901 1796 171 1797 901 1797 167 1797 167 1798 901 1798 902 1798 167 1799 902 1799 164 1799 164 1800 902 1800 903 1800 164 1801 903 1801 161 1801 161 1802 903 1802 904 1802 161 1803 904 1803 156 1803 156 1804 904 1804 905 1804 156 1805 905 1805 154 1805 154 1806 905 1806 906 1806 154 1807 906 1807 151 1807 151 1808 906 1808 907 1808 151 1809 907 1809 149 1809 149 1810 907 1810 832 1810 149 1811 832 1811 9 1811</p>
        </triangles>
      </mesh>
    </geometry>
  </library_geometries>
  <library_visual_scenes>
    <visual_scene id="Scene" name="Scene">
      <node id="Box_obstac" name="Box_obstac" type="NODE">
        <matrix sid="transform">0.001 0 0 0 0 -4.37114e-11 -0.001 0 0 0.001 -4.37114e-11 0 0 0 0 1</matrix>
        <instance_geometry url="#Box_obstac-mesh" name="Box_obstac">
          <bind_material>
            <technique_common>
              <instance_material symbol="Material_001-material" target="#Material_001-material"/>
            </technique_common>
          </bind_material>
        </instance_geometry>
      </node>
      <node id="Camera" name="Camera" type="NODE">
        <matrix sid="transform">0.6859207 -0.3240135 0.6515582 7.358891 0.7276763 0.3054208 -0.6141704 -6.925791 0 0.8953956 0.4452714 4.958309 0 0 0 1</matrix>
        <instance_camera url="#Camera-camera"/>
      </node>
      <node id="Light" name="Light" type="NODE">
        <matrix sid="transform">-0.2908646 -0.7711008 0.5663932 4.076245 0.9551712 -0.1998834 0.2183912 1.005454 -0.05518906 0.6045247 0.7946723 5.903862 0 0 0 1</matrix>
        <instance_light url="#Light-light"/>
      </node>
    </visual_scene>
  </library_visual_scenes>
  <scene>
    <instance_visual_scene url="#Scene"/>
  </scene>
</COLLADA>