<?xml version="1.0" encoding="utf-8"?>
<COLLADA xmlns="http://www.collada.org/2005/11/COLLADASchema" version="1.4.1" xmlns:xsi="http://www.w3.org/2001/XMLSchema-instance">
  <asset>
    <contributor>
      <author>Blender User</author>
      <authoring_tool>Blender 4.2.18 LTS commit date:2026-02-16, commit time:13:37, hash:d71e3422e438</authoring_tool>
    </contributor>
    <created>2026-02-25T16:26:03</created>
    <modified>2026-02-25T16:26:03</modified>
    <unit name="meter" meter="1"/>
    <up_axis>Z_UP</up_axis>
  </asset>
  <library_cameras>
    <camera id="Camera-camera" name="Camera">
      <optics>
        <technique_common>
          <perspective>
            <xfov sid="xfov">39.59775</xfov>
            <aspect_ratio>1.777778</aspect_ratio>
            <znear sid="znear">0.1</znear>
            <zfar sid="zfar">100</zfar>
          </perspective>
        </technique_common>
      </optics>
      <extra>
        <technique profile="blender">
          <shiftx sid="shiftx" type="float">0</shiftx>
          <shifty sid="shifty" type="float">0</shifty>
          <dof_distance sid="dof_distance" type="float">10</dof_distance>
        </technique>
      </extra>
    </camera>
  </library_cameras>
  <library_lights>
    <light id="Light-light" name="Light">
      <technique_common>
        <point>
          <color sid="color">1000 1000 1000</color>
          <constant_attenuation>1</constant_attenuation>
          <linear_attenuation>0</linear_attenuation>
          <quadratic_attenuation>0</quadratic_attenuation>
        </point>
      </technique_common>
      <extra>
        <technique profile="blender">
          <type sid="type" type="int">0</type>
          <flag sid="flag" type="int">0</flag>
          <mode sid="mode" type="int">2097153</mode>
          <red sid="red" type="float">1</red>
          <green sid="green" type="float">1</green>
          <blue sid="blue" type="float">1</blue>
          <shadow_r sid="blender_shadow_r" type="float">0</shadow_r>
          <shadow_g sid="blender_shadow_g" type="float">0</shadow_g>
          <shadow_b sid="blender_shadow_b" type="float">0</shadow_b>
          <energy sid="blender_energy" type="float">1000</energy>
          <spotsize sid="spotsize" type="float">75</spotsize>
          <spotblend sid="spotblend" type="float">0.15</spotblend>
          <clipsta sid="clipsta" type="float">0.04999995</clipsta>
          <clipend sid="clipend" type="float">30.002</clipend>
          <bias sid="bias" type="float">1</bias>
          <radius sid="radius" type="float">0.1</radius>
          <area_shape sid="area_shape" type="int">1</area_shape>
          <area_size sid="area_size" type="float">0.1</area_size>
          <area_sizey sid="area_sizey" type="float">0.1</area_sizey>
          <area_sizez sid="area_sizez" type="float">1</area_sizez>
        </technique>
      </extra>
    </light>
  </library_lights>
  <library_effects>
    <effect id="Material_001-effect">
      <profile_COMMON>
        <technique sid="common">
          <lambert>
            <emission>
              <color sid="emission">0 0 0 1</color>
            </emission>
            <diffuse>
              <color sid="diffuse">0.0113012 0.0113012 0.0113012 1</color>
            </diffuse>
            <index_of_refraction>
              <float sid="ior">1.5</float>
            </index_of_refraction>
          </lambert>
        </technique>
      </profile_COMMON>
    </effect>
  </library_effects>
  <library_images/>
  <library_materials>
    <material id="Material_001-material" name="Material.001">
      <instance_effect url="#Material_001-effect"/>
    </material>
  </library_materials>
  <library_geometries>
    <geometry id="RP_LIDAR-mesh" name="RP_LIDAR">
      <mesh>
        <source id="RP_LIDAR-mesh-positions">
          <float_array id="RP_LIDAR-mesh-positions-array" count="11805">-4.961979 20.5 0.3147431 -5.022045 20.5 0.3148995 -5.022045 20.5 1.698872 -10.70477 20.5 -2.902115 -10.99472 20.5 -2.782013 -11.86875 20.5 -1.907982 -12.08674 20.5 -1 -12.08674 20.5 1 -10.12154 20.5 2.349434 -10.39961 20.5 -2.975376 -11.98885 20.5 -1.618034 -12.06212 20.5 -1.31287 -11.26231 20.5 -2.618034 -11.50096 20.5 -2.414215 -11.70477 20.5 -2.175571 -12.06212 20.5 1.312866 -11.98885 20.5 1.618034 -11.86875 20.5 1.907978 -6.238949 20.5 -0.2946625 -6.281845 20.5 -0.1780509 -6.060026 20.5 1.698872 -6.20455 20.5 -0.6484604 -6.202494 20.5 -0.5742531 -6.211985 20.5 -0.4227524 -6.345423 20.5 -0.06731033 -6.371853 20.5 -0.03138732 -6.450411 20.5 0.05253982 -6.545217 20.5 0.1267929 -6.691996 20.5 0.2092857 -6.792719 20.5 0.2500229 -7.58647 20.5 1.698872 -8.156342 20.5 1.698872 -8.156342 20.5 -1.476128 -6.707117 20.5 -1.380447 -6.590992 20.5 -1.321651 -5.825973 20.5 -3 -6.485538 20.5 -1.243351 -7.208218 20.5 -1.468788 -6.994678 20.5 -1.449234 -6.82992 20.5 -1.419277 -6.398216 20.5 -1.153213 -6.323103 20.5 -1.045601 -6.265146 20.5 -0.9269486 -6.226309 20.5 -0.8013725 -5.825973 20.5 2.349434 -6.6935 20.5 1.698872 -10.08674 20.5 -3 -7.492338 20.5 -1.476128 6.945263 20.5 1.698872 6.375389 20.5 1.698872 6.141335 20.5 2.349434 8.329236 20.5 -0.5742531 8.319748 20.5 -0.4227524 8.471703 20.5 1.698872 8.292782 20.5 -0.2946625 8.249886 20.5 -0.1780509 8.186306 20.5 -0.06731033 8.159878 20.5 -0.03138732 8.081318 20.5 0.05253982 7.986511 20.5 0.1267929 7.839733 20.5 0.2092857 7.739014 20.5 0.2500229 6.141335 20.5 -3 7.537052 20.5 -1.449234 10.08674 20.5 -3 7.701809 20.5 -1.419277 7.824615 20.5 -1.380447 6.375389 20.5 -1.476128 7.039391 20.5 -1.476128 7.323513 20.5 -1.468788 8.327183 20.5 -0.6484604 12.08674 20.5 -1 12.06211 20.5 -1.31287 7.940739 20.5 -1.321651 8.046193 20.5 -1.243351 10.39961 20.5 -2.975376 8.133515 20.5 -1.153213 10.70477 20.5 -2.902115 8.20863 20.5 -1.045601 10.99472 20.5 -2.782013 8.305424 20.5 -0.8013725 12.08674 20.5 1 11.26231 20.5 -2.618034 8.266587 20.5 -0.9269486 11.50095 20.5 -2.414215 11.98885 20.5 -1.618034 11.86875 20.5 -1.907982 11.70477 20.5 -2.175571 7.83823 20.5 1.698872 11.50095 20.5 2.414211 11.70477 20.5 2.175568 11.86875 20.5 1.907978 11.98885 20.5 1.618034 12.06211 20.5 1.312866 6.141335 20.5 3 10.08674 20.5 3 10.39961 20.5 2.975376 11.26231 20.5 2.618034 10.70477 20.5 2.902111 10.99472 20.5 2.782013 -10.39961 20.5 2.975376 -10.08674 20.5 3 -7.58647 20.5 0.3148995 -7.39312 20.5 0.3148995 -11.70477 20.5 2.175568 -11.50096 20.5 2.414211 -11.26231 20.5 2.618034 -10.99472 20.5 2.782013 -10.70477 20.5 2.902111 5.90728 20.5 1.698872 5.051838 20.5 1.047592 3.668499 20.5 1.047592 5.298611 20.5 1.698872 3.421722 20.5 1.698872 2.6814 20.5 2.349434 2.81369 20.5 1.698872 2.6814 20.5 -3 4.096539 20.5 -1.476128 4.625069 20.5 -1.476128 1.469185 20.5 -1.409924 1.680176 20.5 -1.346264 2.12978 20.5 1.30069 1.968822 20.5 1.442196 1.814125 20.5 1.541687 1.658813 20.5 1.6096 0.7542648 20.5 1.698872 -0.3409577 20.5 2.349434 0.9878464 20.5 1.695522 1.485126 20.5 1.653267 0.02539062 20.5 1.698872 0.02539062 20.5 -1.476128 -0.3409577 20.5 -3 0.743454 20.5 -1.476128 1.064251 20.5 -1.465572 1.839424 20.5 -1.268665 1.985794 20.5 -1.166595 2.115959 20.5 -1.044048 2.469032 20.5 0.7106476 2.374512 20.5 0.949234 2.261684 20.5 1.140625 2.247116 20.5 -0.879406 2.391331 20.5 -0.6278076 2.478195 20.5 -0.3903275 2.530998 20.5 -0.1325531 2.549107 20.5 0.1558952 2.529205 20.5 0.4430809 -1.480701 20.5 2.349434 -1.277176 20.5 1.698872 -1.277176 20.5 -1.476128 -3.434547 20.5 2.349434 -1.684227 20.5 1.698872 -3.149609 20.5 1.698872 -3.149609 20.5 -1.476128 -3.434547 20.5 -3 -1.480701 20.5 -3 -2.579739 20.5 -1.476128 -2.579739 20.5 1.129002 -1.684227 20.5 1.129002 -0.7073021 20.5 1.698872 -0.7073021 20.5 -1.476128 -3.917126 20.5 -1.169079 -3.843899 20.5 -1.066193 -3.785603 20.5 -0.9491806 -3.741276 20.5 -0.7996597 -4.330193 20.5 -1.420185 -4.208607 20.5 -1.380947 -4.487595 20.5 -1.449429 -4.098717 20.5 -1.325321 -4.006023 20.5 -1.258453 -3.938309 20.5 0.01454544 -4.042793 20.5 0.1067924 -4.155487 20.5 0.1788711 -3.756432 20.5 -0.2989922 -3.800415 20.5 -0.1845626 -3.854401 20.5 -0.08978271 -4.298851 20.5 0.2427711 -4.375217 20.5 0.2665596 -4.637203 20.5 0.3036423 -5.591919 20.5 1.698872 -5.591919 20.5 -1.476128 -4.955902 20.5 -1.476128 -4.691761 20.5 -1.468983 -3.721367 20.5 -0.6457367 -3.719482 20.5 -0.5742531 -3.728935 20.5 -0.4276505 -5.825973 20.5 3 -3.434547 20.5 3 -1.480701 20.5 3 -0.3409577 20.5 3 2.6814 20.5 3 6.945263 20.5 0.3148995 7.138611 20.5 0.3148995 -7.58647 19.5 1.698872 -8.156342 19.5 1.698872 -8.156342 19.5 -1.476128 -7.492338 19.5 -1.476128 -6.202494 19.5 -0.5742531 -6.20455 19.5 -0.6484604 -6.226309 19.5 -0.8013725 -6.265146 19.5 -0.9269486 -6.323103 19.5 -1.045601 -6.398216 19.5 -1.153213 -6.485538 19.5 -1.243351 -6.590992 19.5 -1.321651 -6.707117 19.5 -1.380447 -6.82992 19.5 -1.419277 -6.994678 19.5 -1.449234 -7.208218 19.5 -1.468788 -6.792719 19.5 0.2500229 -6.691996 19.5 0.2092857 -6.545217 19.5 0.1267929 -6.450411 19.5 0.05253982 -6.371853 19.5 -0.03138732 -6.345423 19.5 -0.06731033 -6.281845 19.5 -0.1780509 -6.238949 19.5 -0.2946625 -6.211985 19.5 -0.4227524 -6.060026 19.5 1.698872 -6.6935 19.5 1.698872 -7.39312 19.5 0.3148995 -7.58647 19.5 0.3148995 -1.684227 19.5 1.698872 -3.149609 19.5 1.698872 -3.149609 19.5 -1.476128 -2.579739 19.5 -1.476128 -2.579739 19.5 1.129002 -1.684227 19.5 1.129002 -0.7073021 19.5 1.698872 -1.277176 19.5 1.698872 -1.277176 19.5 -1.476128 -0.7073021 19.5 -1.476128 0.7542648 19.5 1.698872 0.02539062 19.5 1.698872 0.02539062 19.5 -1.476128 0.743454 19.5 -1.476128 2.549107 19.5 0.1558952 2.530998 19.5 -0.1325531 2.478195 19.5 -0.3903275 2.391331 19.5 -0.6278076 2.247116 19.5 -0.879406 2.115959 19.5 -1.044048 1.985794 19.5 -1.166595 1.839424 19.5 -1.268665 1.680176 19.5 -1.346264 1.469185 19.5 -1.409924 1.064251 19.5 -1.465572 0.9878464 19.5 1.695522 1.485126 19.5 1.653267 1.658813 19.5 1.6096 1.814125 19.5 1.541687 1.968822 19.5 1.442196 2.12978 19.5 1.30069 2.261684 19.5 1.140625 2.374512 19.5 0.949234 2.469032 19.5 0.7106476 2.529205 19.5 0.4430809 6.945263 19.5 1.698872 6.375389 19.5 1.698872 6.375389 19.5 -1.476128 7.039391 19.5 -1.476128 8.329236 19.5 -0.5742531 8.327183 19.5 -0.6484604 8.305424 19.5 -0.8013725 8.266587 19.5 -0.9269486 8.20863 19.5 -1.045601 8.133515 19.5 -1.153213 8.046193 19.5 -1.243351 7.940739 19.5 -1.321651 7.824615 19.5 -1.380447 7.701809 19.5 -1.419277 7.537052 19.5 -1.449234 7.323513 19.5 -1.468788 7.739014 19.5 0.2500229 7.839733 19.5 0.2092857 7.986511 19.5 0.1267929 8.081318 19.5 0.05253982 8.159878 19.5 -0.03138732 8.186306 19.5 -0.06731033 8.249886 19.5 -0.1780509 8.292782 19.5 -0.2946625 8.319748 19.5 -0.4227524 8.471703 19.5 1.698872 7.83823 19.5 1.698872 7.138611 19.5 0.3148995 6.945263 19.5 0.3148995 3.421722 19.5 1.698872 2.81369 19.5 1.698872 4.096539 19.5 -1.476128 4.625069 19.5 -1.476128 5.90728 19.5 1.698872 5.298611 19.5 1.698872 5.051838 19.5 1.047592 3.668499 19.5 1.047592 -5.022045 19.5 1.698872 -5.591919 19.5 1.698872 -5.591919 19.5 -1.476128 -4.955902 19.5 -1.476128 -3.719482 19.5 -0.5742531 -3.721367 19.5 -0.6457367 -3.741276 19.5 -0.7996597 -3.785603 19.5 -0.9491806 -3.843899 19.5 -1.066193 -3.917126 19.5 -1.169079 -4.006023 19.5 -1.258453 -4.098717 19.5 -1.325321 -4.208607 19.5 -1.380947 -4.330193 19.5 -1.420185 -4.487595 19.5 -1.449429 -4.691761 19.5 -1.468983 -4.375217 19.5 0.2665596 -4.298851 19.5 0.2427711 -4.155487 19.5 0.1788711 -4.042793 19.5 0.1067924 -3.938309 19.5 0.01454544 -3.854401 19.5 -0.08978271 -3.800415 19.5 -0.1845626 -3.756432 19.5 -0.2989922 -3.728935 19.5 -0.4276505 -5.022045 19.5 0.3148995 -4.961979 19.5 0.3147431 -4.637203 19.5 0.3036423 -6.772367 19.5 -0.5818863 -6.775148 19.5 -0.5305023 -6.784227 19.5 -0.4832115 -6.798265 19.5 -0.4436569 -6.816599 19.5 -0.4093323 -6.83939 19.5 -0.3791199 -6.86503 19.5 -0.3547249 -6.900717 19.5 -0.3299828 -6.942995 19.5 -0.3093567 -7.010946 19.5 -0.2876396 -6.826084 19.5 -0.7505684 -6.857115 19.5 -0.7863312 -6.901808 19.5 -0.8237114 -6.951502 19.5 -0.8521805 -7.010965 19.5 -0.8744087 -7.102407 19.5 -0.8921013 -7.152307 19.5 -0.2644653 -7.364498 19.5 -0.2549744 -7.58647 19.5 -0.2549744 -7.58647 19.5 -0.9062538 -7.392483 19.5 -0.9062538 -6.776211 19.5 -0.6323128 -6.786011 19.5 -0.6726456 -6.801712 19.5 -0.71064 1.0868 19.5 1.123287 0.8929176 19.5 1.129002 1.679672 19.5 -0.6518478 1.576218 19.5 -0.7326927 1.449608 19.5 -0.799202 1.307442 19.5 -0.8484802 1.072174 19.5 -0.8925781 0.8127785 19.5 -0.9062538 0.5952606 19.5 -0.9062538 0.5952606 19.5 1.129002 1.349796 19.5 1.090881 1.489292 19.5 1.050175 1.576057 19.5 1.007362 1.658611 19.5 0.9488602 1.742462 19.5 0.8674927 1.814278 19.5 0.7728539 1.881824 19.5 0.6504059 1.935543 19.5 0.5031929 1.971542 19.5 0.3065758 1.979237 19.5 0.1457176 1.964329 19.5 -0.07405471 1.925312 19.5 -0.2490386 1.869804 19.5 -0.3916435 1.7976 19.5 -0.5147858 7.759365 19.5 -0.5818863 7.756584 19.5 -0.5305023 7.747501 19.5 -0.4832115 7.733463 19.5 -0.4436569 7.715134 19.5 -0.4093323 7.692341 19.5 -0.3791199 7.666702 19.5 -0.3547249 7.631012 19.5 -0.3299828 7.588737 19.5 -0.3093567 7.520786 19.5 -0.2876396 7.705646 19.5 -0.7505684 7.674618 19.5 -0.7863312 7.629921 19.5 -0.8237114 7.580231 19.5 -0.8521805 7.520763 19.5 -0.8744087 7.429321 19.5 -0.8921013 7.379425 19.5 -0.2644653 7.167232 19.5 -0.2549744 6.945263 19.5 -0.2549744 6.945263 19.5 -0.9062538 7.139248 19.5 -0.9062538 7.75552 19.5 -0.6323128 7.74572 19.5 -0.6726456 7.730019 19.5 -0.71064 3.884747 19.5 0.4777184 4.836227 19.5 0.4777184 4.360485 19.5 -0.6245003 -4.399204 19.5 -0.8175812 -4.438816 19.5 -0.8432884 -4.502922 19.5 -0.870018 -4.601345 19.5 -0.8913841 -4.806858 19.5 -0.9056892 -4.842689 19.5 -0.9062538 -5.022045 19.5 -0.9062538 -5.022045 19.5 -0.2549744 -4.820427 19.5 -0.2549744 -4.676643 19.5 -0.2585602 -4.578747 19.5 -0.2678871 -4.512672 19.5 -0.2803536 -4.469856 19.5 -0.2948074 -4.425068 19.5 -0.3177872 -4.390293 19.5 -0.342907 -4.358829 19.5 -0.3741112 -4.33485 19.5 -0.4058724 -4.315567 19.5 -0.4416885 -4.301262 19.5 -0.4819336 -4.291679 19.5 -0.5314598 -4.289352 19.5 -0.5748901 -4.293396 19.5 -0.631527 -4.303665 19.5 -0.6789131 -4.318745 19.5 -0.7187424 -4.339012 19.5 -0.7541313 -4.366055 19.5 -0.7875481 -7.392483 20.5 -0.9062538 -7.58647 20.5 -0.9062538 -7.102407 20.5 -0.8921013 -7.010965 20.5 -0.8744087 -6.951502 20.5 -0.8521805 -6.901808 20.5 -0.8237114 -6.857115 20.5 -0.7863312 -6.826084 20.5 -0.7505684 -6.801712 20.5 -0.71064 -6.786011 20.5 -0.6726456 -6.776211 20.5 -0.6323128 -6.772367 20.5 -0.5818863 -6.775148 20.5 -0.5305023 -6.784227 20.5 -0.4832115 -6.798265 20.5 -0.4436569 -6.816599 20.5 -0.4093323 -6.83939 20.5 -0.3791199 -6.86503 20.5 -0.3547249 -6.900717 20.5 -0.3299828 -6.942995 20.5 -0.3093567 -7.010946 20.5 -0.2876396 -7.152307 20.5 -0.2644653 -7.364498 20.5 -0.2549744 -7.58647 20.5 -0.2549744 0.8127785 20.5 -0.9062538 1.072174 20.5 -0.8925781 1.307442 20.5 -0.8484802 1.449608 20.5 -0.799202 1.576218 20.5 -0.7326927 1.679672 20.5 -0.6518478 1.7976 20.5 -0.5147858 1.869804 20.5 -0.3916435 1.925312 20.5 -0.2490386 1.964329 20.5 -0.07405471 1.979237 20.5 0.1457176 1.971542 20.5 0.3065758 1.935543 20.5 0.5031929 1.881824 20.5 0.6504059 1.814278 20.5 0.7728539 1.742462 20.5 0.8674927 1.658611 20.5 0.9488602 1.576057 20.5 1.007362 1.489292 20.5 1.050175 1.349796 20.5 1.090881 1.0868 20.5 1.123287 0.8929176 20.5 1.129002 0.5952606 20.5 1.129002 0.5952606 20.5 -0.9062538 7.139248 20.5 -0.9062538 6.945263 20.5 -0.9062538 7.429321 20.5 -0.8921013 7.520763 20.5 -0.8744087 7.580231 20.5 -0.8521805 7.629921 20.5 -0.8237114 7.674618 20.5 -0.7863312 7.705646 20.5 -0.7505684 7.730019 20.5 -0.71064 7.74572 20.5 -0.6726456 7.75552 20.5 -0.6323128 7.759365 20.5 -0.5818863 7.756584 20.5 -0.5305023 7.747501 20.5 -0.4832115 7.733463 20.5 -0.4436569 7.715134 20.5 -0.4093323 7.692341 20.5 -0.3791199 7.666702 20.5 -0.3547249 7.631012 20.5 -0.3299828 7.588737 20.5 -0.3093567 7.520786 20.5 -0.2876396 7.379425 20.5 -0.2644653 7.167232 20.5 -0.2549744 6.945263 20.5 -0.2549744 4.836227 20.5 0.4777184 4.360485 20.5 -0.6245003 3.884747 20.5 0.4777184 -4.842689 20.5 -0.9062538 -5.022045 20.5 -0.9062538 -4.806858 20.5 -0.9056892 -4.601345 20.5 -0.8913841 -4.502922 20.5 -0.870018 -4.438816 20.5 -0.8432884 -4.399204 20.5 -0.8175812 -4.366055 20.5 -0.7875481 -4.339012 20.5 -0.7541313 -4.318745 20.5 -0.7187424 -4.303665 20.5 -0.6789131 -4.293396 20.5 -0.631527 -4.289352 20.5 -0.5748901 -4.291679 20.5 -0.5314598 -4.301262 20.5 -0.4819336 -4.315567 20.5 -0.4416885 -4.33485 20.5 -0.4058724 -4.358829 20.5 -0.3741112 -4.390293 20.5 -0.342907 -4.425068 20.5 -0.3177872 -4.469856 20.5 -0.2948074 -4.512672 20.5 -0.2803536 -4.578747 20.5 -0.2678871 -4.676643 20.5 -0.2585602 -4.820427 20.5 -0.2549744 -5.022045 20.5 -0.2549744 10.08674 19.5 3 -10.08674 19.5 3 12.08674 19.5 1 12.06211 19.5 1.312866 11.98885 19.5 1.618034 11.86875 19.5 1.907978 11.70477 19.5 2.175568 11.50095 19.5 2.414211 11.26231 19.5 2.618034 10.99472 19.5 2.782013 10.70477 19.5 2.902111 10.39961 19.5 2.975376 12.08674 19.5 -1 10.08674 19.5 -3 10.39961 19.5 -2.975376 10.70477 19.5 -2.902115 10.99472 19.5 -2.782013 11.26231 19.5 -2.618034 11.50095 19.5 -2.414215 11.70477 19.5 -2.175571 11.86875 19.5 -1.907982 11.98885 19.5 -1.618034 12.06211 19.5 -1.31287 -10.08674 19.5 -3 -12.08674 19.5 -1 -12.06212 19.5 -1.31287 -11.98885 19.5 -1.618034 -11.86875 19.5 -1.907982 -11.70477 19.5 -2.175571 -11.50096 19.5 -2.414215 -11.26231 19.5 -2.618034 -10.99472 19.5 -2.782013 -10.70477 19.5 -2.902115 -10.39961 19.5 -2.975376 -12.08674 19.5 1 -10.39961 19.5 2.975376 -10.70477 19.5 2.902111 -10.99472 19.5 2.782013 -11.26231 19.5 2.618034 -11.50096 19.5 2.414211 -11.70477 19.5 2.175568 -11.86875 19.5 1.907978 -11.98885 19.5 1.618034 -12.06212 19.5 1.312866 -10.08674 19.5 -3.200001 -10.4309 19.5 -3.172916 -10.76658 19.5 -3.092327 -11.08552 19.5 -2.960216 -11.37987 19.5 -2.779839 -11.64238 19.5 -2.555637 -11.86658 19.5 -2.293129 -12.04695 19.5 -1.998779 -12.17907 19.5 -1.67984 -12.25965 19.5 -1.344158 -12.28674 19.5 -1 -12.28674 19.5 1 -12.25965 19.5 1.344154 -12.17907 19.5 1.679836 -12.04695 19.5 1.998779 -11.86658 19.5 2.293125 -11.64238 19.5 2.555634 -11.37987 19.5 2.779835 -11.08552 19.5 2.960213 -10.76658 19.5 3.092323 -10.4309 19.5 3.172913 -10.08674 19.5 3.199997 10.08674 19.5 3.199997 10.43089 19.5 3.172913 10.76657 19.5 3.092323 11.08552 19.5 2.960213 11.37987 19.5 2.779835 11.64237 19.5 2.555634 11.86658 19.5 2.293125 12.04695 19.5 1.998779 12.17906 19.5 1.679836 12.25965 19.5 1.344154 12.28674 19.5 1 12.28674 19.5 -1 12.25965 19.5 -1.344158 12.17906 19.5 -1.67984 12.04695 19.5 -1.998779 11.86658 19.5 -2.293129 11.64237 19.5 -2.555637 11.37987 19.5 -2.779839 11.08552 19.5 -2.960216 10.76657 19.5 -3.092327 10.43089 19.5 -3.172916 10.08674 19.5 -3.200001 10.08674 20.5 3.199997 -10.08674 20.5 3.199997 10.43089 20.5 3.172913 10.76657 20.5 3.092323 11.08552 20.5 2.960213 11.37987 20.5 2.779835 11.64237 20.5 2.555634 11.86658 20.5 2.293125 12.04695 20.5 1.998779 12.17906 20.5 1.679836 12.25965 20.5 1.344154 12.28674 20.5 1 12.28674 20.5 -1 12.25965 20.5 -1.344158 12.17906 20.5 -1.67984 12.04695 20.5 -1.998779 11.86658 20.5 -2.293129 11.64237 20.5 -2.555637 11.37987 20.5 -2.779839 11.08552 20.5 -2.960216 10.76657 20.5 -3.092327 10.43089 20.5 -3.172916 10.08674 20.5 -3.200001 -10.08674 20.5 -3.200001 -10.4309 20.5 -3.172916 -10.76658 20.5 -3.092327 -11.08552 20.5 -2.960216 -11.37987 20.5 -2.779839 -11.64238 20.5 -2.555637 -11.86658 20.5 -2.293129 -12.04695 20.5 -1.998779 -12.17907 20.5 -1.67984 -12.25965 20.5 -1.344158 -12.28674 20.5 -1 -12.28674 20.5 1 -12.25965 20.5 1.344154 -12.17907 20.5 1.679836 -12.04695 20.5 1.998779 -11.86658 20.5 2.293125 -11.64238 20.5 2.555634 -11.37987 20.5 2.779835 -11.08552 20.5 2.960213 -10.76658 20.5 3.092323 -10.4309 20.5 3.172913 -15.0968 11.25593 22.25 -15.17137 11.49942 22.25 -15.18298 11.49532 22.40643 -15.51447 12.17992 22.25 -15.66589 12.38466 22.25 -15.67547 12.37693 22.40643 -16.2161 12.91199 22.25 -16.42708 13.05459 22.25 -16.43354 13.0441 22.40643 -18.12733 13.4973 22.25 -18.38105 13.4757 22.25 -18.37949 13.46349 22.40643 -19.11857 13.28367 22.25 -19.35061 13.17878 22.25 -19.34507 13.16779 22.40643 -19.57292 13.05459 22.25 -19.7839 12.91199 22.25 -19.77658 12.90209 22.40643 -20.82863 11.49942 22.25 -20.9032 11.25593 22.25 -20.89129 11.25283 22.40643 -20.95685 11.007 22.25 -20.98919 10.75442 22.25 -20.97693 10.75337 22.40643 -20.95685 9.992999 22.25 -20.9032 9.744067 22.25 -20.89129 9.747168 22.40643 -20.82863 9.500582 22.25 -20.73369 9.264296 22.25 -20.72247 9.269368 22.40643 -20.61904 9.036915 22.25 -20.48553 8.820076 22.25 -20.47533 8.826972 22.40643 -20.33411 8.615342 22.25 -20.16587 8.424183 22.25 -20.15698 8.432703 22.40643 -19.98203 8.247982 22.25 -19.7839 8.088009 22.25 -19.77658 8.097908 22.40643 -19.57292 7.945412 22.25 -19.35061 7.821222 22.25 -19.34507 7.832216 22.40643 -18.63204 7.567335 22.25 -18.38105 7.524298 22.25 -18.37949 7.536512 22.40643 -17.61895 7.524298 22.25 -17.36796 7.567335 22.25 -17.37056 7.579369 22.40643 -17.12153 7.631498 22.25 -16.88143 7.716333 22.25 -16.88602 7.727756 22.40643 -16.64939 7.821222 22.25 -16.42708 7.945412 22.25 -16.43354 7.955896 22.40643 -15.26632 9.264296 22.25 -15.17137 9.500582 22.25 -15.18298 9.504683 22.40643 -15.0968 9.744067 22.25 -15.04315 9.992999 22.25 -15.05529 9.995079 22.40643 -19.9928 10.33039 23.25 -20 10.5 23.25 -20.14867 10.31712 23.23769 -20.15644 10.5 23.23769 -20.3007 10.30418 23.20105 -20.30902 10.5 23.20105 -20.44515 10.29189 23.14101 -20.45399 10.5 23.14101 -20.57847 10.28054 23.05901 -20.58779 10.5 23.05901 -20.69736 10.27042 22.95711 -20.70711 10.5 22.95711 -20.7989 10.26178 22.83778 -20.80902 10.5 22.83778 -20.88059 10.25483 22.70399 -20.89101 10.5 22.70399 -20.94043 10.24973 22.55902 -20.95106 10.5 22.55902 -20.97693 10.24663 22.40643 -20.98769 10.5 22.40643 -20.98919 10.24558 22.25 -21 10.5 22.25 -19.82246 11.3238 23.25 -19.65702 11.61995 23.25 -19.96501 11.38824 23.23769 -19.78663 11.70755 23.23769 -20.10404 11.45109 23.20105 -19.91304 11.79299 23.20105 -20.23615 11.5108 23.14101 -20.03316 11.87417 23.14101 -20.35807 11.56591 23.05901 -20.14401 11.94909 23.05901 -20.4668 11.61506 22.95711 -20.24287 12.01591 22.95711 -20.55966 11.65704 22.83778 -20.3273 12.07298 22.83778 -20.63437 11.69081 22.70399 -19.93547 11.00396 23.25 -20.08686 11.04337 23.23769 -20.23451 11.08182 23.20105 -20.37481 11.11835 23.14101 -20.50429 11.15207 23.05901 -20.61976 11.18213 22.95711 -20.71838 11.20781 22.83778 -20.79772 11.22847 22.70399 -20.85584 11.2436 22.55902 -19.9928 10.66961 23.25 -20.14867 10.68288 23.23769 -20.3007 10.69582 23.20105 -20.44515 10.70811 23.14101 -20.57847 10.71946 23.05901 -20.69736 10.72958 22.95711 -20.7989 10.73822 22.83778 -20.88059 10.74517 22.70399 -20.94043 10.75027 22.55902 -16.25397 9.524609 23.25 -16.44393 9.243561 23.25 -16.1174 9.448317 23.23769 -16.32222 9.145285 23.23769 -15.9842 9.373906 23.20105 -16.2035 9.049431 23.20105 -15.85763 9.3032 23.14101 -16.09071 8.958355 23.14101 -15.74083 9.23795 23.05901 -15.98661 8.874302 23.05901 -15.63666 9.179759 22.95711 -15.89378 8.799342 22.95711 -15.54769 9.130057 22.83778 -15.81449 8.73532 22.83778 -15.47611 9.090071 22.70399 -15.75069 8.683812 22.70399 -15.42369 9.060786 22.55902 -15.70397 8.646088 22.55902 -15.39171 9.042922 22.40643 -15.67547 8.623074 22.40643 -17.91512 8.501801 23.25 -18.25404 8.5162 23.25 -17.90848 8.345509 23.23769 -18.27391 8.361033 23.23769 -17.902 8.193064 23.20105 -18.29329 8.209685 23.20105 -17.89585 8.048222 23.14101 -18.3117 8.065886 23.14101 -17.89017 7.914547 23.05901 -18.3287 7.933174 23.05901 -17.88511 7.795332 22.95711 -18.34385 7.814821 22.95711 -17.88078 7.693514 22.83778 -18.3568 7.713736 22.83778 -17.8773 7.611599 22.70399 -18.36721 7.63241 22.70399 -17.87475 7.551603 22.55902 -18.37484 7.572845 22.55902 -17.8732 7.515003 22.40643 -18.58565 8.587668 23.25 -18.90041 8.714148 23.25 -18.63146 8.43809 23.23769 -18.97084 8.574463 23.23769 -18.67613 8.292195 23.20105 -19.03953 8.43822 23.20105 -18.71858 8.153576 23.14101 -19.1048 8.308768 23.14101 -18.75776 8.025647 23.05901 -19.16503 8.189301 23.05901 -18.7927 7.911554 22.95711 -19.21875 8.082755 22.95711 -18.82254 7.814112 22.83778 -19.26463 7.991756 22.83778 -18.84655 7.735716 22.70399 -19.30154 7.918545 22.70399 -18.86414 7.678297 22.55902 -19.32858 7.864925 22.55902 -18.87487 7.643272 22.40643 -20.44498 12.15252 22.55902 -20.47533 12.17303 22.40643 -20.72247 11.73063 22.40643 -18.58565 12.41233 23.25 -18.25404 12.4838 23.25 -18.63146 12.56191 23.23769 -18.27391 12.63897 23.23769 -18.67613 12.70781 23.20105 -18.29329 12.79031 23.20105 -18.71858 12.84642 23.14101 -18.3117 12.93411 23.14101 -18.75776 12.97435 23.05901 -18.3287 13.06683 23.05901 -18.7927 13.08845 22.95711 -18.34385 13.18518 22.95711 -18.82254 13.18589 22.83778 -18.3568 13.28627 22.83778 -18.84655 13.26429 22.70399 -18.36721 13.36759 22.70399 -18.86414 13.3217 22.55902 -18.37484 13.42715 22.55902 -18.87487 13.35673 22.40643 -17.91512 12.4982 23.25 -17.57864 12.45511 23.25 -17.90848 12.65449 23.23769 -17.54569 12.60804 23.23769 -17.902 12.80694 23.20105 -17.51354 12.75719 23.20105 -17.89585 12.95178 23.14101 -17.483 12.89891 23.14101 -17.89017 13.08545 23.05901 -17.45481 13.0297 23.05901 -17.88511 13.20467 22.95711 -17.42967 13.14635 22.95711 -17.88078 13.30648 22.83778 -17.4082 13.24597 22.83778 -17.8773 13.3884 22.70399 -17.39093 13.32612 22.70399 -17.87475 13.4484 22.55902 -17.37828 13.38482 22.55902 -17.8732 13.485 22.40643 -17.37056 13.42063 22.40643 -16.67865 12.00134 23.25 -16.44393 11.75644 23.25 -16.5753 12.11877 23.23769 -16.32222 11.85471 23.23769 -16.47449 12.23331 23.20105 -16.2035 11.95057 23.20105 -16.37871 12.34214 23.14101 -16.09071 12.04164 23.14101 -16.29032 12.44258 23.05901 -15.98661 12.1257 23.05901 -16.21149 12.53215 22.95711 -15.89378 12.20066 22.95711 -16.14415 12.60865 22.83778 -15.81449 12.26468 22.83778 -16.08999 12.6702 22.70399 -15.75069 12.31619 22.70399 -16.05031 12.71527 22.55902 -15.70397 12.35391 22.55902 -16.02611 12.74277 22.40643 -16.25397 11.47539 23.25 -16.11425 11.16628 23.25 -16.1174 11.55168 23.23769 -15.96675 11.2184 23.23769 -15.9842 11.62609 23.20105 -15.82288 11.26923 23.20105 -15.85763 11.6968 23.14101 -15.68619 11.31752 23.14101 -15.74083 11.76205 23.05901 -15.56004 11.36209 23.05901 -15.63666 11.82024 22.95711 -15.44753 11.40184 22.95711 -15.54769 11.86995 22.83778 -15.35144 11.43579 22.83778 -15.47611 11.90993 22.70399 -15.27414 11.46311 22.70399 -15.42369 11.93922 22.55902 -15.21752 11.48311 22.55902 -15.39171 11.95708 22.40643 -16 10.5 23.25 -16.02877 10.162 23.25 -15.84356 10.5 23.23769 -15.87458 10.13556 23.23769 -15.69098 10.5 23.20105 -15.7242 10.10977 23.20105 -15.54601 10.5 23.14101 -15.58131 10.08527 23.14101 -15.41222 10.5 23.05901 -15.44944 10.06266 23.05901 -15.29289 10.5 22.95711 -15.33183 10.0425 22.95711 -15.19098 10.5 22.83778 -15.23139 10.02527 22.83778 -15.109 10.5 22.70399 -15.15058 10.01142 22.70399 -15.04894 10.5 22.55902 -15.09139 10.00127 22.55902 -15.01231 10.5 22.40643 -15 10.5 22.25 -15.21752 9.516886 22.55902 -15.27414 9.53689 22.70399 -15.35144 9.564204 22.83778 -15.44753 9.598155 22.95711 -15.56004 9.637906 23.05901 -15.68619 9.682478 23.14101 -15.82288 9.730774 23.20105 -15.96675 9.781607 23.23769 -16.11425 9.833722 23.25 -15.38096 9.036915 22.25 -16.2161 8.088009 22.25 -16.01798 8.247982 22.25 -16.02611 8.257225 22.40643 -16.05031 8.284724 22.55902 -16.08999 8.329802 22.70399 -16.14415 8.391348 22.83778 -16.21149 8.467852 22.95711 -16.29032 8.557423 23.05901 -16.37871 8.657858 23.14101 -16.47449 8.766684 23.20105 -16.5753 8.881224 23.23769 -16.67865 8.998658 23.25 -15.83413 8.424183 22.25 -15.66589 8.615342 22.25 -15.51447 8.820076 22.25 -16.45274 7.987089 22.55902 -16.48423 8.038226 22.70399 -16.52721 8.10804 22.83778 -16.58065 8.194821 22.95711 -16.64321 8.296427 23.05901 -16.71336 8.410355 23.14101 -16.78937 8.533806 23.20105 -16.86937 8.663735 23.23769 -16.95139 8.796942 23.25 -16.89968 7.761745 22.55902 -16.92207 7.817467 22.70399 -16.95264 7.893543 22.83778 -16.99064 7.988106 22.95711 -17.03513 8.098822 23.05901 -17.08502 8.22297 23.14101 -17.13907 8.357489 23.20105 -17.19596 8.49907 23.23769 -17.25429 8.644223 23.25 -17.37828 7.615179 22.55902 -17.39093 7.673882 22.70399 -17.4082 7.754032 22.83778 -17.42967 7.853653 22.95711 -17.45481 7.970297 23.05901 -17.483 8.10109 23.14101 -17.51354 8.242808 23.20105 -17.54569 8.391966 23.23769 -17.57864 8.54489 23.25 -17.87268 7.502703 22.25 -18.12733 7.502703 22.25 -18.87847 7.631498 22.25 -19.11857 7.716333 22.25 -19.7548 8.12736 22.55902 -19.71909 8.175639 22.70399 -19.67034 8.241559 22.83778 -19.60974 8.323494 22.95711 -19.53878 8.419428 23.05901 -19.45923 8.526999 23.14101 -19.37302 8.643559 23.20105 -19.28229 8.766234 23.23769 -19.18927 8.892004 23.25 -20.13054 8.45805 22.55902 -20.08718 8.4996 22.70399 -20.02799 8.556332 22.83778 -19.95441 8.626849 22.95711 -19.86827 8.709412 23.05901 -19.77167 8.801989 23.14101 -19.66701 8.902302 23.20105 -19.55685 9.00788 23.23769 -19.44392 9.116122 23.25 -20.44498 8.847483 22.55902 -20.39523 8.88111 22.70399 -20.3273 8.927021 22.83778 -20.24287 8.984089 22.95711 -20.14401 9.050906 23.05901 -20.03316 9.125826 23.14101 -19.91304 9.207009 23.20105 -19.78663 9.292452 23.23769 -19.65702 9.380049 23.25 -20.68909 9.284457 22.55902 -20.63437 9.309191 22.70399 -20.55966 9.342963 22.83778 -20.4668 9.38494 22.95711 -20.35807 9.434088 23.05901 -20.23615 9.489199 23.14101 -20.10404 9.548914 23.20105 -19.96501 9.611763 23.23769 -19.82246 9.676198 23.25 -20.85584 9.7564 22.55902 -20.79772 9.771531 22.70399 -20.71838 9.792191 22.83778 -20.61976 9.817868 22.95711 -20.50429 9.847935 23.05901 -20.37481 9.881649 23.14101 -20.23451 9.918179 23.20105 -20.08686 9.956625 23.23769 -19.93547 9.996043 23.25 -20.39523 12.11889 22.70399 -20.68909 11.71555 22.55902 -20.73369 11.7357 22.25 -19.98203 12.75202 22.25 -20.16587 12.57582 22.25 -20.15698 12.5673 22.40643 -20.13054 12.54195 22.55902 -20.08718 12.5004 22.70399 -20.02799 12.44367 22.83778 -19.95441 12.37315 22.95711 -19.86827 12.29059 23.05901 -19.77167 12.19801 23.14101 -19.66701 12.0977 23.20105 -19.55685 11.99212 23.23769 -19.44392 11.88388 23.25 -20.33411 12.38466 22.25 -20.48553 12.17992 22.25 -20.61904 11.96308 22.25 -19.7548 12.87264 22.55902 -19.71909 12.82436 22.70399 -19.67034 12.75844 22.83778 -19.60974 12.67651 22.95711 -19.53878 12.58057 23.05901 -19.45923 12.473 23.14101 -19.37302 12.35644 23.20105 -19.28229 12.23377 23.23769 -19.18927 12.10799 23.25 -19.32858 13.13507 22.55902 -19.30154 13.08145 22.70399 -19.26463 13.00824 22.83778 -19.21875 12.91725 22.95711 -19.16503 12.8107 23.05901 -19.1048 12.69123 23.14101 -19.03953 12.56178 23.20105 -18.97084 12.42554 23.23769 -18.90041 12.28585 23.25 -18.87847 13.3685 22.25 -18.63204 13.43267 22.25 -17.87268 13.4973 22.25 -16.64939 13.17878 22.25 -16.88143 13.28367 22.25 -16.88602 13.27224 22.40643 -16.89968 13.23825 22.55902 -16.92207 13.18253 22.70399 -16.95264 13.10646 22.83778 -16.99064 13.01189 22.95711 -17.03513 12.90118 23.05901 -17.08502 12.77703 23.14101 -17.13907 12.64251 23.20105 -17.19596 12.50093 23.23769 -17.25429 12.35578 23.25 -17.12153 13.3685 22.25 -17.36796 13.43267 22.25 -17.61895 13.4757 22.25 -16.45274 13.01291 22.55902 -16.48423 12.96178 22.70399 -16.52721 12.89196 22.83778 -16.58065 12.80518 22.95711 -16.64321 12.70357 23.05901 -16.71336 12.58965 23.14101 -16.78937 12.46619 23.20105 -16.86937 12.33627 23.23769 -16.95139 12.20306 23.25 -16.01798 12.75202 22.25 -15.83413 12.57582 22.25 -15.38096 11.96308 22.25 -15.26632 11.7357 22.25 -15.04315 11.007 22.25 -15.05529 11.00492 22.40643 -15.09139 10.99873 22.55902 -15.15058 10.98858 22.70399 -15.23139 10.97473 22.83778 -15.33183 10.9575 22.95711 -15.44944 10.93734 23.05901 -15.58131 10.91473 23.14101 -15.7242 10.89023 23.20105 -15.87458 10.86444 23.23769 -16.02877 10.838 23.25 14.9032 11.25593 25.75 14.82863 11.49942 25.75 14.82283 11.49737 25.82822 14.73368 11.7357 25.75 14.61904 11.96308 25.75 14.61367 11.96008 25.82822 14.48553 12.17992 25.75 14.33411 12.38466 25.75 14.32931 12.38079 25.82822 14.16587 12.57582 25.75 13.98202 12.75202 25.75 13.97795 12.74739 25.82822 13.7839 12.91199 25.75 13.57292 13.05459 25.75 13.56969 13.04935 25.82822 13.35061 13.17878 25.75 13.11857 13.28367 25.75 13.11627 13.27795 25.82822 12.87847 13.3685 25.75 12.63204 13.43267 25.75 12.63074 13.42665 25.82822 12.38105 13.4757 25.75 12.12732 13.4973 25.75 12.12706 13.49115 25.82822 11.87268 13.4973 25.75 11.61895 13.4757 25.75 11.61973 13.4696 25.82822 11.36796 13.43267 25.75 11.12153 13.3685 25.75 11.12333 13.36261 25.82822 10.88143 13.28367 25.75 10.64939 13.17878 25.75 10.65216 13.17328 25.82822 10.42708 13.05459 25.75 10.2161 12.91199 25.75 10.21976 12.90704 25.82822 10.01797 12.75202 25.75 9.83413 12.57582 25.75 9.838574 12.57156 25.82822 9.66589 12.38466 25.75 9.51447 12.17992 25.75 9.51957 12.17648 25.82822 9.380959 11.96308 25.75 9.266312 11.7357 25.75 9.271924 11.73317 25.82822 9.171368 11.49942 25.75 9.096802 11.25593 25.75 9.102757 11.25438 25.82822 9.043152 11.007 25.75 9.010807 10.75442 25.75 9.016942 10.75389 25.82822 9.043152 9.992999 25.75 9.096802 9.744067 25.75 9.102757 9.745617 25.82822 9.171368 9.500582 25.75 9.266312 9.264296 25.75 9.271924 9.266833 25.82822 9.380959 9.036915 25.75 9.51447 8.820076 25.75 9.51957 8.823523 25.82822 9.66589 8.615342 25.75 9.83413 8.424183 25.75 9.838574 8.428442 25.82822 10.01797 8.247982 25.75 10.2161 8.088009 25.75 10.21976 8.092959 25.82822 10.42708 7.945412 25.75 10.64939 7.821222 25.75 10.65216 7.826719 25.82822 10.88143 7.716333 25.75 11.12153 7.631498 25.75 11.12333 7.637384 25.82822 11.36796 7.567335 25.75 11.61895 7.524298 25.75 11.61973 7.530403 25.82822 11.87268 7.502703 25.75 12.12732 7.502703 25.75 12.12706 7.508854 25.82822 12.38105 7.524298 25.75 12.63204 7.567335 25.75 12.63074 7.573353 25.82822 12.87847 7.631498 25.75 13.11857 7.716333 25.75 13.11627 7.722044 25.82822 13.35061 7.821222 25.75 13.57292 7.945412 25.75 13.56969 7.950653 25.82822 13.7839 8.088009 25.75 13.98202 8.247982 25.75 13.97795 8.252604 25.82822 14.16587 8.424183 25.75 14.33411 8.615342 25.75 14.32931 8.619208 25.82822 14.48553 8.820076 25.75 14.61904 9.036915 25.75 14.61367 9.039917 25.82822 14.73368 9.264296 25.75 14.82863 9.500582 25.75 14.82283 9.502633 25.82822 14.9032 9.744067 25.75 14.95685 9.992999 25.75 14.95078 9.994038 25.82822 9.509007 10.28798 26.25 9.5 10.5 26.25 9.431069 10.28135 26.24384 9.42178 10.5 26.24384 9.355053 10.27488 26.22553 9.34549 10.5 26.22553 9.28283 10.26873 26.1955 9.273003 10.5 26.1955 9.216172 10.26306 26.15451 9.206109 10.5 26.15451 9.156727 10.258 26.10355 9.146447 10.5 26.10355 9.105954 10.25368 26.04389 9.09549 10.5 26.04389 9.065106 10.2502 25.97699 9.054497 10.5 25.97699 9.035191 10.24766 25.90451 9.024472 10.5 25.90451 9.016942 10.2461 25.82822 9.006154 10.5 25.82822 9.010807 10.24558 25.75 9 10.5 25.75 14.5 10.5 26.25 14.46404 10.0775 26.25 14.57822 10.5 26.24384 14.54113 10.06428 26.24384 14.65451 10.5 26.22553 14.61633 10.05139 26.22553 14.72699 10.5 26.1955 14.68777 10.03913 26.1955 14.79389 10.5 26.15451 14.7537 10.02783 26.15451 14.85355 10.5 26.10355 14.81251 10.01775 26.10355 14.90451 10.5 26.04389 14.86273 10.00914 26.04389 14.9455 10.5 25.97699 14.90313 10.00221 25.97699 14.97553 10.5 25.90451 14.93273 9.997134 25.90451 14.99384 10.5 25.82822 15 10.5 25.75 14.35719 9.667151 26.25 14.43094 9.641095 26.24384 14.50288 9.615679 26.22553 14.57122 9.591528 26.1955 14.6343 9.569245 26.15451 14.69055 9.549368 26.10355 14.73859 9.532395 26.04389 14.77725 9.518736 25.97699 14.80556 9.508732 25.90451 14.59768 9.048851 25.90451 14.57146 9.063494 25.97699 14.53567 9.083487 26.04389 14.49119 9.108336 26.10355 14.43911 9.137433 26.15451 14.3807 9.17006 26.1955 14.31742 9.20541 26.22553 14.25082 9.242617 26.24384 14.18253 9.280764 26.25 13.94509 8.92945 26.25 14.00594 8.880314 26.24384 14.0653 8.832386 26.22553 14.1217 8.786849 26.1955 14.17375 8.74482 26.15451 14.22017 8.707341 26.10355 14.25981 8.67533 26.04389 14.29171 8.649577 25.97699 14.31507 8.630713 25.90451 13.65168 8.623318 26.25 13.70336 8.564604 26.24384 13.75376 8.507334 26.22553 13.80165 8.452919 26.1955 13.84585 8.402703 26.15451 13.88527 8.357916 26.10355 13.91893 8.319666 26.04389 13.94602 8.288891 25.97699 13.96585 8.266354 25.90451 13.31077 8.371178 26.25 13.35178 8.304574 26.24384 13.39178 8.239609 26.22553 13.42978 8.177884 26.1955 13.46485 8.120919 26.15451 13.49614 8.070116 26.10355 13.52285 8.026726 26.04389 13.54435 7.991817 25.97699 13.56009 7.966251 25.90451 12.93214 8.180277 26.25 12.9613 8.107701 26.24384 12.98975 8.036911 26.22553 13.01678 7.96965 26.1955 13.04172 7.907577 26.15451 13.06396 7.852219 26.10355 13.08296 7.804939 26.04389 13.09825 7.766901 25.97699 13.10944 7.73904 25.90451 12.62688 7.591257 25.90451 12.62056 7.620607 25.97699 12.61192 7.660683 26.04389 12.60118 7.710493 26.10355 12.58862 7.768814 26.15451 12.57452 7.834211 26.1955 12.55925 7.905071 26.22553 12.54317 7.97965 26.24384 12.5267 8.056111 26.25 12.1061 8.002253 26.25 12.10942 7.924105 26.24384 12.11266 7.847883 26.22553 12.11574 7.775463 26.1955 12.11858 7.708626 26.15451 12.12111 7.649017 26.10355 12.12327 7.598108 26.04389 12.12501 7.557152 25.97699 12.12628 7.527153 25.90451 11.68245 8.020251 26.25 11.67252 7.942665 26.24384 11.66283 7.866991 26.22553 11.65362 7.795092 26.1955 11.64513 7.728737 26.15451 11.63755 7.669558 26.10355 11.63107 7.619017 26.04389 11.62587 7.578354 25.97699 11.62205 7.548573 25.90451 11.1287 7.6549 25.90451 11.13749 7.683609 25.97699 11.14949 7.722805 26.04389 11.16441 7.771526 26.10355 11.18188 7.828573 26.15451 11.20147 7.892538 26.1955 11.2227 7.961847 26.22553 11.24504 8.034796 26.24384 11.26794 8.109585 26.25 10.87449 8.267685 26.25 10.83928 8.197844 26.24384 10.80493 8.129721 26.22553 10.7723 8.064997 26.1955 10.74218 8.005261 26.15451 10.71532 7.951988 26.10355 10.69238 7.906488 26.04389 10.67392 7.869884 25.97699 10.6604 7.843073 25.90451 10.23065 8.107686 25.90451 10.2485 8.131825 25.97699 10.27288 8.164784 26.04389 10.30318 8.205752 26.10355 10.33866 8.25372 26.15451 10.37844 8.307503 26.1955 10.42154 8.365784 26.22553 10.4669 8.427121 26.24384 10.51342 8.490008 26.25 9.851799 8.441117 25.90451 9.873475 8.461894 25.97699 9.903073 8.49026 26.04389 9.939858 8.525515 26.10355 9.982933 8.566798 26.15451 10.03123 8.613087 26.1955 10.08356 8.663243 26.22553 10.13864 8.716032 26.24384 10.19511 8.770153 26.25 9.534745 8.833779 25.90451 9.55962 8.850594 25.97699 9.593586 8.873549 26.04389 9.635804 8.902083 26.10355 9.685231 8.93549 26.15451 9.740658 8.972952 26.1955 9.800713 9.013543 26.22553 9.863923 9.056265 26.24384 9.928727 9.100064 26.25 9.288613 9.274376 25.90451 9.315972 9.286746 25.97699 9.353329 9.303629 26.04389 9.399758 9.324618 26.10355 9.454125 9.349194 26.15451 9.515084 9.376748 26.1955 9.581135 9.406605 26.22553 9.650654 9.438031 26.24384 9.721928 9.470248 26.25 9.580666 9.870057 26.25 9.504975 9.850346 26.24384 9.431145 9.831124 26.22553 9.360997 9.812857 26.1955 9.296257 9.796002 26.15451 9.238522 9.780968 26.10355 9.189209 9.768128 26.04389 9.14954 9.757798 25.97699 9.120484 9.750231 25.90451 9.509007 10.71201 26.25 9.431069 10.71865 26.24384 9.355053 10.72512 26.22553 9.28283 10.73126 26.1955 9.216172 10.73694 26.15451 9.156727 10.742 26.10355 9.105954 10.74632 26.04389 9.065106 10.7498 25.97699 9.035191 10.75234 25.90451 9.120484 11.24977 25.90451 9.14954 11.2422 25.97699 9.189209 11.23187 26.04389 9.238522 11.21903 26.10355 9.296257 11.204 26.15451 9.360997 11.18714 26.1955 9.431145 11.16888 26.22553 9.504975 11.14965 26.24384 9.580666 11.12995 26.25 9.288613 11.72562 25.90451 9.315972 11.71326 25.97699 9.353329 11.69637 26.04389 9.399758 11.67538 26.10355 9.454125 11.65081 26.15451 9.515084 11.62325 26.1955 9.581135 11.5934 26.22553 9.650654 11.56197 26.24384 9.721928 11.52975 26.25 9.928727 11.89994 26.25 9.863923 11.94374 26.24384 9.800713 11.98646 26.22553 9.740658 12.02705 26.1955 9.685231 12.06451 26.15451 9.635804 12.09792 26.10355 9.593586 12.12645 26.04389 9.55962 12.14941 25.97699 9.534745 12.16622 25.90451 10.19511 12.22985 26.25 10.13864 12.28397 26.24384 10.08356 12.33676 26.22553 10.03123 12.38691 26.1955 9.982933 12.4332 26.15451 9.939858 12.47448 26.10355 9.903073 12.50974 26.04389 9.873475 12.53811 25.97699 9.851799 12.55888 25.90451 10.51342 12.50999 26.25 10.4669 12.57288 26.24384 10.42154 12.63422 26.22553 10.37844 12.6925 26.1955 10.33866 12.74628 26.15451 10.30318 12.79425 26.10355 10.27288 12.83522 26.04389 10.2485 12.86818 25.97699 10.23065 12.89231 25.90451 10.6604 13.15692 25.90451 10.67392 13.13012 25.97699 10.69238 13.09351 26.04389 10.71532 13.04801 26.10355 10.74218 12.99474 26.15451 10.7723 12.935 26.1955 10.80493 12.87028 26.22553 10.83928 12.80216 26.24384 10.87449 12.73231 26.25 11.1287 13.3451 25.90451 11.13749 13.31639 25.97699 11.14949 13.27719 26.04389 11.16441 13.22847 26.10355 11.18188 13.17142 26.15451 11.20147 13.10746 26.1955 11.2227 13.03815 26.22553 11.24504 12.96521 26.24384 11.26794 12.89041 26.25 11.68245 12.97975 26.25 11.67252 13.05733 26.24384 11.66283 13.13301 26.22553 11.65362 13.20491 26.1955 11.64513 13.27126 26.15451 11.63755 13.33044 26.10355 11.63107 13.38099 26.04389 11.62587 13.42165 25.97699 11.62205 13.45143 25.90451 12.12628 13.47285 25.90451 12.12501 13.44285 25.97699 12.12327 13.40189 26.04389 12.12111 13.35098 26.10355 12.11858 13.29137 26.15451 12.11574 13.22454 26.1955 12.11266 13.15211 26.22553 12.10942 13.07589 26.24384 12.1061 12.99775 26.25 12.5267 12.94389 26.25 12.54317 13.02035 26.24384 12.55925 13.09493 26.22553 12.57452 13.16579 26.1955 12.58862 13.23118 26.15451 12.60118 13.2895 26.10355 12.61192 13.33932 26.04389 12.62056 13.37939 25.97699 12.62688 13.40874 25.90451 12.93214 12.81972 26.25 12.9613 12.8923 26.24384 12.98975 12.96309 26.22553 13.01678 13.03035 26.1955 13.04172 13.09242 26.15451 13.06396 13.14778 26.10355 13.08296 13.19506 26.04389 13.09825 13.2331 25.97699 13.10944 13.26096 25.90451 13.56009 13.03375 25.90451 13.54435 13.00818 25.97699 13.52285 12.97327 26.04389 13.49614 12.92989 26.10355 13.46485 12.87908 26.15451 13.42978 12.82212 26.1955 13.39178 12.76039 26.22553 13.35178 12.69543 26.24384 13.31077 12.62882 26.25 13.65168 12.37668 26.25 13.70336 12.4354 26.24384 13.75376 12.49266 26.22553 13.80165 12.54708 26.1955 13.84585 12.5973 26.15451 13.88527 12.64208 26.10355 13.91893 12.68034 26.04389 13.94602 12.71111 25.97699 13.96585 12.73365 25.90451 14.31507 12.36929 25.90451 14.29171 12.35043 25.97699 14.25981 12.32467 26.04389 14.22017 12.29266 26.10355 14.17375 12.25518 26.15451 14.1217 12.21315 26.1955 14.0653 12.16761 26.22553 14.00594 12.11969 26.24384 13.94509 12.07055 26.25 14.59768 11.95115 25.90451 14.57146 11.93651 25.97699 14.53567 11.91652 26.04389 14.49119 11.89166 26.10355 14.43911 11.86257 26.15451 14.3807 11.82994 26.1955 14.31742 11.79459 26.22553 14.25082 11.75738 26.24384 14.18253 11.71924 26.25 14.80556 11.49127 25.90451 14.77725 11.48126 25.97699 14.73859 11.46761 26.04389 14.69055 11.45063 26.10355 14.6343 11.43076 26.15451 14.57122 11.40847 26.1955 14.50288 11.38432 26.22553 14.43094 11.35891 26.24384 14.35719 11.33285 26.25 14.95685 11.007 25.75 14.95078 11.00596 25.82822 14.93273 11.00287 25.90451 14.90313 10.99779 25.97699 14.86273 10.99087 26.04389 14.81251 10.98225 26.10355 14.7537 10.97217 26.15451 14.68777 10.96086 26.1955 14.61633 10.94861 26.22553 14.54113 10.93572 26.24384 14.46404 10.9225 26.25 9.5 10.5 16.25 9.509007 10.28798 16.25 12 10.5 16.25 9.509007 10.71201 16.25 9.928727 11.89994 16.25 9.721928 11.52975 16.25 9.580666 11.12995 16.25 10.87449 12.73231 16.25 10.51342 12.50999 16.25 10.19511 12.22985 16.25 12.1061 12.99775 16.25 11.68245 12.97975 16.25 11.26794 12.89041 16.25 13.31077 12.62882 16.25 12.93214 12.81972 16.25 12.5267 12.94389 16.25 14.18253 11.71924 16.25 13.94509 12.07055 16.25 13.65168 12.37668 16.25 14.5 10.5 16.25 14.46404 10.9225 16.25 14.35719 11.33285 16.25 14.18253 9.280764 16.25 14.35719 9.667151 16.25 14.46404 10.0775 16.25 13.31077 8.371178 16.25 13.65168 8.623318 16.25 13.94509 8.92945 16.25 12.1061 8.002253 16.25 12.5267 8.056111 16.25 12.93214 8.180277 16.25 10.87449 8.267685 16.25 11.26794 8.109585 16.25 11.68245 8.020251 16.25 9.928727 9.100064 16.25 10.19511 8.770153 16.25 10.51342 8.490008 16.25 9.580666 9.870057 16.25 9.721928 9.470248 16.25 9.043152 9.992999 16.25 9 10.5 16.25 9.171368 9.500582 16.25 9.380959 9.036915 16.25 9.66589 8.615342 16.25 10.01797 8.247982 16.25 10.42708 7.945412 16.25 10.88143 7.716333 16.25 11.36796 7.567335 16.25 11.87268 7.502703 16.25 12.38105 7.524298 16.25 12.87847 7.631498 16.25 13.35061 7.821222 16.25 13.7839 8.088009 16.25 14.16587 8.424183 16.25 14.48553 8.820076 16.25 14.73368 9.264296 16.25 14.9032 9.744067 16.25 14.98919 10.24558 16.25 15 10.5 16.25 14.98919 10.75442 16.25 14.9032 11.25593 16.25 14.73368 11.7357 16.25 14.48553 12.17992 16.25 14.16587 12.57582 16.25 13.7839 12.91199 16.25 13.35061 13.17878 16.25 12.87847 13.3685 16.25 12.38105 13.4757 16.25 11.87268 13.4973 16.25 11.36796 13.43267 16.25 10.88143 13.28367 16.25 10.42708 13.05459 16.25 10.01797 12.75202 16.25 9.66589 12.38466 16.25 9.380959 11.96308 16.25 9.171368 11.49942 16.25 9.043152 11.007 16.25 -18 10.5 23.25 -20.95685 9.992999 16.25 -21 10.5 16.25 -20.82863 9.500582 16.25 -20.61904 9.036915 16.25 -20.33411 8.615342 16.25 -19.98203 8.247982 16.25 -19.57292 7.945412 16.25 -19.11857 7.716333 16.25 -18.63204 7.567335 16.25 -18.12733 7.502703 16.25 -17.61895 7.524298 16.25 -17.12153 7.631498 16.25 -16.64939 7.821222 16.25 -16.2161 8.088009 16.25 -15.83413 8.424183 16.25 -15.51447 8.820076 16.25 -15.26632 9.264296 16.25 -15.0968 9.744067 16.25 -15.01081 10.24558 16.25 -15 10.5 16.25 -15.01081 10.75442 16.25 -15.0968 11.25593 16.25 -15.26632 11.7357 16.25 -15.51447 12.17992 16.25 -15.83413 12.57582 16.25 -16.2161 12.91199 16.25 -16.64939 13.17878 16.25 -17.12153 13.3685 16.25 -17.61895 13.4757 16.25 -18.12733 13.4973 16.25 -18.63204 13.43267 16.25 -19.11857 13.28367 16.25 -19.57292 13.05459 16.25 -19.98203 12.75202 16.25 -20.33411 12.38466 16.25 -20.61904 11.96308 16.25 -20.82863 11.49942 16.25 -20.95685 11.007 16.25 -7.000002 6.5 16.25 -7.000002 14.5 16.25 -4.013313 9.217677 16.25 -4 9.5 16.25 -21 6.5 16.25 -21 14.5 16.25 -6.717676 14.48669 16.25 -6.208382 14.39367 16.25 -5.722664 14.21448 16.25 -4.106331 12.29162 16.25 -4.285519 12.77734 16.25 -6.717676 6.513313 16.25 -6.208382 6.606327 16.25 -21.28233 6.513313 16.25 -21.79162 6.606327 16.25 -23.71448 12.77734 16.25 -23.45445 13.22501 16.25 -23.12132 13.62132 16.25 -22.72502 13.95445 16.25 -22.27734 14.21448 16.25 -21.79162 14.39367 16.25 -21.28233 14.48669 16.25 -4 11.5 16.25 -4.013313 11.78233 16.25 -4.545551 7.774984 16.25 -4.285519 8.222662 16.25 -4.106331 8.708382 16.25 -22.72502 7.045551 16.25 -22.27734 6.785519 16.25 -23.45445 7.774984 16.25 -23.12132 7.378681 16.25 -24 9.5 16.25 -23.98669 9.217677 16.25 -23.89367 8.708382 16.25 -23.71448 8.222662 16.25 -24 11.5 16.25 -23.98669 11.78233 16.25 -23.89367 12.29162 16.25 -5.722664 6.785519 16.25 -5.274986 7.045551 16.25 -4.878681 7.378681 16.25 -4.545551 13.22501 16.25 -4.878681 13.62132 16.25 -5.274986 13.95445 16.25 23.71448 8.222662 16.25 23.89367 8.708382 16.25 7 6.5 16.25 7 14.5 16.25 21 14.5 16.25 22.72501 13.95445 16.25 22.27734 14.21448 16.25 23.98669 9.217677 16.25 24 9.5 16.25 24 11.5 16.25 23.98669 11.78233 16.25 23.89367 12.29162 16.25 21 6.5 16.25 21.28232 14.48669 16.25 21.79162 14.39367 16.25 23.71448 12.77734 16.25 23.45445 13.22501 16.25 23.12132 13.62132 16.25 4.545551 7.774984 16.25 4.285519 8.222662 16.25 4.106327 8.708382 16.25 21.28232 6.513313 16.25 21.79162 6.606327 16.25 22.27734 6.785519 16.25 6.717674 6.513313 16.25 6.208378 6.606327 16.25 4.878677 7.378681 16.25 5.274982 7.045551 16.25 5.72266 6.785519 16.25 4.106327 12.29162 16.25 4.013313 11.78233 16.25 4 11.5 16.25 4 9.5 16.25 4.013313 9.217677 16.25 4.285519 12.77734 16.25 4.545551 13.22501 16.25 22.72501 7.045551 16.25 23.12132 7.378681 16.25 23.45445 7.774984 16.25 6.208378 14.39367 16.25 5.72266 14.21448 16.25 5.274982 13.95445 16.25 4.878677 13.62132 16.25 6.717674 14.48669 16.25 7 6.5 33.52704 7.53825 6.5 33.41013 11.19136 6.5 32.36999 21 6.5 27.05665 18.04142 6.5 29.11305 14.70683 6.5 30.93173 24 9.5 24.43486 23.97945 9.15359 24.45502 23.91722 8.803406 24.51589 23.89284 8.707585 24.53966 23.80963 8.448708 24.6204 23.71368 8.22136 24.71283 23.65699 8.10752 24.7671 23.454 7.773855 24.95942 22.7695 7.077419 25.58539 23.12093 7.378324 25.26826 23.13828 7.395756 25.25237 22.32861 6.809896 25.97105 22.72425 7.044889 25.62559 21.79156 6.606369 26.42329 21.83302 6.618074 26.38905 22.2769 6.785044 26.01543 21.30948 6.515841 26.81359 21.15426 6.503902 26.93622 24 11.5 24.43486 21.79139 14.39367 26.42343 21.54262 14.45068 26.62664 21.28301 14.48677 26.8346 21.15469 14.49607 26.93588 21 14.5 27.05665 22.72321 13.95584 25.62652 22.57745 14.05219 25.75502 22.27606 14.21535 26.01614 22.07017 14.30252 26.19103 23.45303 13.22751 24.96032 23.34623 13.37013 25.06025 23.11971 13.6229 25.26938 23.01052 13.72628 25.36885 23.89303 12.29169 24.53947 23.78319 12.61955 24.64594 23.7135 12.77901 24.71299 23.61048 12.97801 24.81144 23.99961 11.54767 24.43525 23.9753 11.87994 24.4591 23.89892 12.2697 24.53374 7.53825 14.5 33.41013 7 14.5 33.52704 18.04142 14.5 29.11305 14.70683 14.5 30.93173 11.19136 14.5 32.36999 4 11.5 34.01562 4.040707 11.99601 34.01081 4.105877 12.29177 34.003 4.162003 12.4731 33.99618 4.285469 12.77742 33.98083 4.358719 12.92321 33.97152 4.545101 13.22541 33.94708 4.629055 13.3389 33.93574 4.87875 13.62139 33.90074 4.95993 13.6996 33.88895 5.274826 13.95493 33.84138 5.349331 14.00568 33.82967 5.722824 14.21469 33.7685 5.781345 14.24138 33.75853 6.208466 14.39408 33.6826 6.246742 14.40432 33.67552 6.717705 14.48696 33.58474 6.738995 14.48887 33.58047 4 9.5 34.01562 6.494137 6.542465 33.62868 6.208664 6.605885 33.68256 6.007332 6.668901 33.71905 5.722946 6.785244 33.76848 5.548511 6.874071 33.79758 5.274921 7.045002 33.84136 5.131897 7.152248 33.86334 4.87878 7.378576 33.90073 4.771732 7.491047 33.91597 4.545132 7.774544 33.94708 4.469265 7.887926 33.95715 4.285477 8.222586 33.98083 4.240986 8.321934 33.98641 4.105869 8.708201 34.003 4.083939 8.792862 34.00564 4.013 9.217616 34.01409 4.00787 9.279795 34.01469 -4 9.5 34.01562 -4 11.5 34.01562 -7.000002 14.5 33.52704 -6.494141 14.45753 33.62868 -6.208666 14.39412 33.68256 -6.007336 14.3311 33.71905 -5.72295 14.21476 33.76848 -5.548515 14.12593 33.79758 -5.274925 13.955 33.84136 -5.131897 13.84775 33.86334 -4.87878 13.62143 33.90073 -4.771736 13.50895 33.91597 -4.545135 13.22546 33.94708 -4.469265 13.11207 33.95715 -4.285477 12.77742 33.98083 -4.24099 12.67807 33.98641 -4.105873 12.2918 34.003 -4.083939 12.20714 34.00564 -4.013 11.78238 34.01409 -4.007874 11.7202 34.01469 -7.538305 14.5 33.41012 -11.19141 14.5 32.36996 -21 14.5 27.05665 -18.04147 14.5 29.11301 -14.70688 14.5 30.9317 -24 11.5 24.43486 -23.97946 11.84641 24.45502 -23.91723 12.19659 24.51589 -23.89284 12.29242 24.53966 -23.80963 12.55129 24.6204 -23.71368 12.77864 24.71283 -23.657 12.89248 24.7671 -23.454 13.22615 24.95942 -22.7695 13.92258 25.58539 -23.12093 13.62168 25.26826 -23.13829 13.60424 25.25237 -22.32862 14.1901 25.97105 -22.72425 13.95511 25.62559 -21.79156 14.39363 26.42329 -21.83302 14.38193 26.38905 -22.2769 14.21495 26.01543 -21.30948 14.48416 26.81359 -21.1543 14.49609 26.93618 -24 9.5 24.43486 -21.79139 6.606333 26.42343 -21.54263 6.549316 26.62664 -21.28302 6.513229 26.8346 -21.15474 6.503927 26.93585 -21 6.5 27.05665 -22.72321 7.044163 25.62652 -22.57745 6.947809 25.75502 -22.27607 6.784647 26.01614 -22.07017 6.697475 26.19103 -23.45304 7.772493 24.96032 -23.34623 7.629868 25.06025 -23.11972 7.377104 25.26938 -23.01053 7.273722 25.36885 -23.89303 8.70831 24.53947 -23.7832 8.380448 24.64594 -23.71351 8.220992 24.71299 -23.61048 8.021994 24.81144 -23.99961 9.452332 24.43525 -23.9753 9.120064 24.4591 -23.89892 8.730307 24.53374 -7.538305 6.5 33.41012 -7.000002 6.5 33.52704 -18.04147 6.5 29.11301 -14.70688 6.5 30.9317 -11.19141 6.5 32.36996 -4.04071 9.003991 34.01081 -4.105881 8.708233 34.003 -4.162003 8.5269 33.99618 -4.285469 8.222582 33.98083 -4.358723 8.076788 33.97152 -4.545101 7.774591 33.94708 -4.629055 7.6611 33.93574 -4.87875 7.378607 33.90074 -4.959934 7.300398 33.88895 -5.274826 7.045067 33.84138 -5.349335 6.994326 33.82967 -5.722828 6.785311 33.7685 -5.781349 6.758619 33.75853 -6.208467 6.605923 33.6826 -6.246742 6.59568 33.67552 -6.717707 6.513033 33.58474 -6.738998 6.511126 33.58047 -28.14369 12.32445 22.57981 -28.05833 12.60963 22.5951 -28.90168 12.57912 21.51651 25.47028 15.36319 23.98792 25.68266 15.28208 23.82642 26.39902 15.27159 23.03835 27.15881 14.16051 22.94834 27.35991 13.9145 22.85355 28.58119 13.96117 21.2779 28.10777 12.37058 22.6108 28.29012 11.49881 22.58558 29.05979 11.15403 21.63421 7.927189 10.5 -35.37262 6.985817 10.5 -35.57051 6.981693 11.15403 -35.54949 4.208366 10.5 -36.00489 4.205883 11.15403 -35.98363 3.987797 10.5 -36.02999 1.404778 11.15403 -36.20134 9.721257 10.5 -34.92219 9.715516 11.15403 -34.90157 11.77035 10.5 -34.28587 12.39091 11.15403 -34.04374 12.39823 10.5 -34.06386 14.99178 11.15403 -32.98117 15.00064 10.5 -33.00065 22.19365 11.15403 -28.63481 19.9197 10.5 -30.28643 19.90793 11.15403 -30.26855 18.98314 10.5 -30.88208 17.50249 11.15403 -31.72024 17.51283 10.5 -31.73899 15.47065 10.5 -32.78295 25.27701 10.5 -25.98337 24.36028 10.5 -26.84472 24.3459 11.15403 -26.82887 22.26521 10.5 -28.60635 22.20677 10.5 -28.65174 26.3673 10.5 -24.87626 26.35172 11.15403 -24.86157 27.98198 10.5 -23.04499 28.19906 11.15403 -22.74475 28.21573 10.5 -22.75819 29.87681 11.15403 -20.49114 29.89447 10.5 -20.50325 33.79706 11.15403 -13.04873 32.70357 10.5 -15.63774 32.68425 11.15403 -15.62851 32.34421 10.5 -16.36808 31.37488 11.15403 -18.1143 31.39342 10.5 -18.125 30.34728 10.5 -19.82687 34.7066 11.15403 -10.39048 33.94853 10.5 -12.71061 33.81703 10.5 -13.05644 35.40742 11.15403 -7.669733 35.14076 10.5 -8.89885 34.72712 10.5 -10.39662 36.23624 10.5 -0.998848 36.18867 10.5 -2.10775 36.1673 11.15403 -2.106506 35.91651 10.5 -4.905762 35.89529 11.15403 -4.902863 35.90642 10.5 -4.979069 35.42835 10.5 -7.674267 36.24319 10.5 0.7029343 36.22177 11.15403 0.7025185 36.12619 10.5 2.9935 36.05841 11.15403 3.50732 36.07973 10.5 3.509392 35.67819 11.15403 6.291027 35.69928 10.5 6.294746 33.26567 11.15403 14.34941 34.29787 10.5 11.73536 34.27761 11.15403 11.72842 34.59718 10.5 10.82116 35.0834 11.15403 9.0369 35.10413 10.5 9.042241 35.57761 10.5 6.949509 31.39342 10.5 18.125 32.07262 10.5 16.89408 32.05367 11.15403 16.8841 33.19678 10.5 14.56146 33.28533 10.5 14.35789 30.66701 10.5 19.32866 30.6489 11.15403 19.31725 29.20899 10.5 21.46853 29.07697 10.5 21.647 28.329 10.5 22.61705 27.89031 13.00518 22.65273 28.01151 12.68592 22.62605 28.90168 12.57912 21.51651 27.4339 13.81454 22.82055 27.67724 13.43653 22.72151 26.97318 14.36074 23.04115 28.10493 15.27159 20.92334 26.07333 15.07967 23.55751 26.53018 14.76053 23.2805 26.79916 14.52964 23.13201 22.33118 15.49841 26.83484 23.65011 15.49835 25.68004 23.99122 16.48325 24.46105 24.71682 15.4983 24.65509 25.81463 16.48325 22.52835 25.28191 15.41694 24.14295 22.02353 16.48325 26.24663 19.92339 16.48325 27.87436 20.3822 15.49849 28.34347 19.75334 15.49852 28.78526 17.70343 16.48325 29.33445 18.03397 15.49859 29.89245 15.377 16.48325 30.61812 16.8146 15.49864 30.59493 17.00633 15.49863 30.48878 13.20332 15.49878 32.31791 14.11238 15.49874 31.93144 12.95808 16.48325 31.71765 14.29889 15.49873 31.84837 15.56936 15.49869 31.24698 11.68649 15.49883 32.89679 10.46124 16.48325 32.62643 11.09767 15.49885 33.10006 9.002243 15.49893 33.73023 7.901485 16.48325 33.33898 7.989582 15.49896 33.98432 5.294205 16.48325 33.85103 6.257278 15.49902 34.34547 7.63596 15.49898 34.06551 1.591839 15.49918 34.87441 2.070347 15.49917 34.84929 2.655086 16.48325 34.15951 4.811241 15.49908 34.57767 4.86834 15.49907 34.56968 -0.7398796 15.49926 34.90284 0 16.48325 34.26253 -1.591084 15.49929 34.87438 -2.655086 16.48325 34.15951 -3.545303 15.49936 34.73013 -4.810451 15.49941 34.57758 -5.294209 16.48325 33.85103 -4.940456 15.49941 34.55924 -7.901485 16.48325 33.33898 -7.707537 15.49951 34.04907 -6.329138 15.49946 34.33205 -12.95809 16.48325 31.71765 -11.0966 15.49963 33.09994 -10.46124 16.48325 32.62643 -10.42336 15.4996 33.31809 -7.988211 15.49952 33.98431 -14.36438 15.49975 31.81824 -14.11176 15.49974 31.93109 -13.07004 15.4997 32.37147 -15.63537 15.4998 31.21328 -15.377 16.48325 30.61812 -16.87927 15.49985 30.5585 -17.70343 16.48325 29.33445 -17.00476 15.49985 30.48885 -19.9234 16.48325 27.87436 -19.28441 15.49994 29.10052 -18.03814 15.49989 29.88905 -22.02354 16.48325 26.24663 -21.56464 15.50004 27.45343 -19.75119 15.49996 28.78572 -23.99123 16.48325 24.46105 -23.70343 15.50014 25.62943 -22.32952 15.50007 26.83497 -25.81463 16.48325 22.52835 -25.38425 15.35843 24.0819 -24.71582 15.50018 24.65455 -25.65106 15.27342 23.86664 -26.39902 15.27159 23.03835 -25.87564 15.18141 23.69811 -26.20317 15.00206 23.47313 -27.06271 14.26657 22.99584 -26.96446 14.37154 23.04409 -28.10493 15.27159 20.92334 -26.81019 14.52489 23.12285 -26.56684 14.73942 23.25465 -27.96345 12.86132 22.62048 -27.88387 13.0429 22.64641 -28.58119 13.96117 21.2779 -27.69994 13.39487 22.71346 -27.34113 13.9324 22.86535 -29.05979 11.15403 21.63421 -28.29 11.50088 22.58541 -28.27717 11.60358 22.58421 -28.32894 10.5 22.61711 -29.07697 10.5 21.647 -29.20899 10.5 21.46853 -30.6489 11.15403 19.31725 -30.66701 10.5 19.32866 -34.59718 10.5 10.82116 -34.29787 10.5 11.73536 -34.27761 11.15403 11.72842 -33.28533 10.5 14.35789 -33.26567 11.15403 14.34941 -33.19678 10.5 14.56146 -32.05367 11.15403 16.8841 -32.07262 10.5 16.89408 -31.39342 10.5 18.125 -35.10414 10.5 9.042241 -35.0834 11.15403 9.0369 -35.57762 10.5 6.949509 -35.6782 11.15403 6.291027 -35.69928 10.5 6.294746 -36.05841 11.15403 3.50732 -36.07973 10.5 3.509392 -35.8953 11.15403 -4.902863 -36.18867 10.5 -2.10775 -36.1673 11.15403 -2.106506 -36.23624 10.5 -0.998848 -36.22178 11.15403 0.7025185 -36.24319 10.5 0.7029343 -36.12619 10.5 2.9935 -35.14076 10.5 -8.89885 -35.42835 10.5 -7.674267 -35.40743 11.15403 -7.669733 -35.90643 10.5 -4.979069 -35.91651 10.5 -4.905762 -34.72712 10.5 -10.39662 -34.70661 11.15403 -10.39048 -33.94853 10.5 -12.71061 -33.79706 11.15403 -13.04873 -33.81703 10.5 -13.05644 -32.68425 11.15403 -15.62851 -32.70357 10.5 -15.63774 -28.19906 11.15403 -22.74475 -29.89447 10.5 -20.50325 -29.87681 11.15403 -20.49114 -30.34729 10.5 -19.82687 -31.37488 11.15403 -18.1143 -31.39342 10.5 -18.125 -32.34421 10.5 -16.36808 -26.35172 11.15403 -24.86157 -27.98198 10.5 -23.04499 -28.21573 10.5 -22.75819 -24.3459 11.15403 -26.82887 -25.27701 10.5 -25.98337 -26.3673 10.5 -24.87626 -18.98314 10.5 -30.88208 -19.9197 10.5 -30.28643 -19.90794 11.15403 -30.26855 -22.20677 10.5 -28.65174 -22.19366 11.15403 -28.63481 -22.26521 10.5 -28.60635 -24.36029 10.5 -26.84472 -17.51283 10.5 -31.73899 -17.50249 11.15403 -31.72024 -15.47065 10.5 -32.78295 -14.99178 11.15403 -32.98117 -15.00064 10.5 -33.00065 -12.39091 11.15403 -34.04374 -12.39823 10.5 -34.06386 -4.205883 11.15403 -35.98363 -6.985821 10.5 -35.57051 -6.981695 11.15403 -35.54949 -7.927191 10.5 -35.37262 -9.715517 11.15403 -34.90157 -9.721259 10.5 -34.92219 -11.77036 10.5 -34.28587 1.405605 10.5 -36.22274 0 10.5 -36.25 0 11.15403 -36.22859 -1.405609 10.5 -36.22274 -1.404778 11.15403 -36.20134 -3.987801 10.5 -36.02999 -4.20837 10.5 -36.00489 3.04744 20.5 -26.07251 1.043213 20.47859 -26.8838 1.017853 20.5 -26.23026 0 20.47859 -26.90403 0 20.5 -26.25 -1.043217 20.47859 -26.8838 -1.017857 20.5 -26.23026 -3.123367 20.47859 -26.72212 -3.04744 20.5 -26.07251 -5.184738 20.47859 -26.39973 -5.058697 20.5 -25.75795 -7.214926 20.47859 -25.91856 -7.039532 20.5 -25.28849 -9.201722 20.47859 -25.28152 -8.97803 20.5 -24.66693 -11.13318 20.47859 -24.49244 -10.86253 20.5 -23.89703 -12.99768 20.47859 -23.55605 -12.68171 20.5 -22.98341 -14.78401 20.47859 -22.47799 -14.42461 20.5 -21.93156 -16.48143 20.47859 -21.26475 -16.08077 20.5 -20.74781 -18.07972 20.47859 -19.92362 -17.64021 20.5 -19.43928 -19.56929 20.47859 -18.46267 -19.09356 20.5 -18.01384 -20.94116 20.47859 -16.89068 -20.43208 20.5 -16.48007 -22.18708 20.47859 -15.21711 -21.64772 20.5 -14.84718 -23.29958 20.47859 -13.45202 -22.73317 20.5 -13.125 -24.27194 20.47859 -11.60603 -23.6819 20.5 -11.32388 -25.09834 20.47859 -9.690234 -24.4882 20.5 -9.454667 -25.77378 20.47859 -7.716164 -25.14723 20.5 -7.528585 -26.29422 20.47859 -5.69569 -25.65502 20.5 -5.557228 -26.65653 20.47859 -3.640957 -26.00851 20.5 -3.552448 -26.85852 20.47859 -1.564331 -26.20559 20.5 -1.526302 -26.89897 20.47859 0.5217056 -26.24507 20.5 0.5090218 -26.77766 20.47859 2.604603 -26.1267 20.5 2.541283 -26.4953 20.47859 4.671833 -25.8512 20.5 4.558262 -26.0536 20.47859 6.710972 -25.42024 20.5 6.547829 -25.4552 20.47859 8.709748 -24.83639 20.5 8.498017 -24.70372 20.47859 10.65614 -24.10317 20.5 10.39709 -23.80366 20.47859 12.53845 -23.225 20.5 12.23364 -22.76045 20.47859 14.34535 -22.20714 20.5 13.99662 -21.58035 20.47859 16.06597 -21.05574 20.5 15.67541 -20.27046 20.47859 17.68997 -19.7777 20.5 17.25994 -18.83867 20.47859 19.20759 -18.38071 20.5 18.74065 -17.29358 20.47859 20.60968 -16.87318 20.5 20.10867 -15.64448 20.47859 21.88783 -15.26417 20.5 21.35574 -13.9013 20.47859 23.03434 -13.56336 20.5 22.47438 -12.07451 20.47859 24.04232 -11.78098 20.5 23.45786 -10.1751 20.47859 24.90571 -9.927748 20.5 24.30026 -8.214501 20.47859 25.61931 -8.014809 20.5 24.99651 -6.204498 20.47859 26.17883 -6.053667 20.5 25.54243 -4.157181 20.47859 26.58091 -4.056118 20.5 25.93473 -2.084858 20.47859 26.82313 -2.034176 20.5 26.17107 0 20.47859 26.90403 0 20.5 26.25 2.084858 20.47859 26.82313 2.034176 20.5 26.17107 4.157177 20.47859 26.58091 4.056118 20.5 25.93473 6.204494 20.47859 26.17883 6.053665 20.5 25.54243 8.214501 20.47859 25.61931 8.014805 20.5 24.99651 10.1751 20.47859 24.90571 9.927746 20.5 24.30026 12.0745 20.47859 24.04232 11.78098 20.5 23.45786 13.90129 20.47859 23.03434 13.56336 20.5 22.47438 15.64448 20.47859 21.88783 15.26416 20.5 21.35574 17.29358 20.47859 20.60968 16.87317 20.5 20.10867 18.83867 20.47859 19.20759 18.3807 20.5 18.74065 20.27046 20.47859 17.68997 19.77769 20.5 17.25994 21.58035 20.47859 16.06597 21.05573 20.5 15.67541 22.76045 20.47859 14.34535 22.20714 20.5 13.99662 23.80366 20.47859 12.53845 23.225 20.5 12.23364 24.70371 20.47859 10.65614 24.10317 20.5 10.39709 25.4552 20.47859 8.709748 24.83639 20.5 8.498017 26.0536 20.47859 6.710972 25.42024 20.5 6.547829 26.4953 20.47859 4.671833 25.8512 20.5 4.558262 26.77766 20.47859 2.604603 26.12669 20.5 2.541283 26.89897 20.47859 0.5217056 26.24506 20.5 0.5090218 26.85851 20.47859 -1.564331 26.20559 20.5 -1.526302 26.65653 20.47859 -3.640957 26.00851 20.5 -3.552448 26.29422 20.47859 -5.69569 25.65501 20.5 -5.557228 25.77378 20.47859 -7.716164 25.14723 20.5 -7.528585 25.09833 20.47859 -9.690234 24.4882 20.5 -9.454667 24.27194 20.47859 -11.60603 23.6819 20.5 -11.32388 23.29957 20.47859 -13.45202 22.73317 20.5 -13.125 22.18708 20.47859 -15.21711 21.64772 20.5 -14.84718 20.94115 20.47859 -16.89068 20.43208 20.5 -16.48007 19.56928 20.47859 -18.46267 19.09356 20.5 -18.01384 18.07972 20.47859 -19.92362 17.64021 20.5 -19.43928 16.48142 20.47859 -21.26475 16.08077 20.5 -20.74781 14.784 20.47859 -22.47799 14.42461 20.5 -21.93156 12.99768 20.47859 -23.55605 12.68171 20.5 -22.98341 11.13317 20.47859 -24.49244 10.86253 20.5 -23.89703 9.201718 20.47859 -25.28152 8.978028 20.5 -24.66693 7.214924 20.47859 -25.91856 7.039532 20.5 -25.28849 5.184734 20.47859 -26.39973 5.058697 20.5 -25.75795 3.123367 20.47859 -26.72212 2.19529 20.28148 28.24393 4.37738 20.28148 27.98888 6.533142 20.28148 27.5655 8.649617 20.28148 26.97634 10.71407 20.28148 26.22495 12.71408 20.28148 25.31582 14.63763 20.28148 24.25445 16.47316 20.28148 23.04721 18.2096 20.28148 21.70136 19.83654 20.28148 20.225 21.34417 20.28148 18.627 22.72344 20.28148 16.91697 23.96605 20.28148 15.10521 25.06452 20.28148 13.2026 26.01225 20.28148 11.22059 26.80354 20.28148 9.171097 27.43363 20.28148 7.066444 27.89874 20.28148 4.919296 28.19605 20.28148 2.742565 28.32379 20.28148 0.5493393 28.28119 20.28148 -1.647194 28.0685 20.28148 -3.833817 27.687 20.28148 -5.997387 27.13899 20.28148 -8.124884 26.42777 20.28148 -10.20352 25.55761 20.28148 -12.22079 24.53373 20.28148 -14.16456 23.36231 20.28148 -16.02315 22.05039 20.28148 -17.78536 20.60585 20.28148 -19.44062 19.03739 20.28148 -20.97896 17.35443 20.28148 -22.39113 15.5671 20.28148 -23.66863 13.68615 20.28148 -24.80379 11.72289 20.28148 -25.78978 9.689129 20.28148 -26.62066 7.597092 20.28148 -27.29145 5.459366 20.28148 -27.7981 3.288807 20.28148 -28.13757 1.098473 20.28148 -28.30781 0 20.28148 -28.32912 -1.098473 20.28148 -28.30781 -3.288811 20.28148 -28.13757 -5.45937 20.28148 -27.7981 -7.597095 20.28148 -27.29145 -9.689131 20.28148 -26.62066 -11.72289 20.28148 -25.78978 -13.68615 20.28148 -24.80379 -15.56711 20.28148 -23.66863 -17.35443 20.28148 -22.39113 -19.03739 20.28148 -20.97896 -20.60585 20.28148 -19.44062 -22.05039 20.28148 -17.78536 -23.36232 20.28148 -16.02315 -24.53374 20.28148 -14.16456 -25.55761 20.28148 -12.22079 -26.42777 20.28148 -10.20352 -27.139 20.28148 -8.124884 -27.68701 20.28148 -5.997387 -28.0685 20.28148 -3.833817 -28.28119 20.28148 -1.647194 -28.32379 20.28148 0.5493393 -28.19605 20.28148 2.742565 -27.89874 20.28148 4.919296 -27.43363 20.28148 7.066444 -26.80354 20.28148 9.171097 -26.01225 20.28148 11.22059 -25.06452 20.28148 13.2026 -23.96605 20.28148 15.10521 -22.72344 20.28148 16.91697 -21.34418 20.28148 18.627 -19.83654 20.28148 20.225 -18.20961 20.28148 21.70136 -16.47316 20.28148 23.04721 -14.63764 20.28148 24.25445 -12.71408 20.28148 25.31582 -10.71407 20.28148 26.22495 -8.649617 20.28148 26.97634 -6.533146 20.28148 27.5655 -4.37738 20.28148 27.98888 -2.195293 20.28148 28.24393 0 20.28148 28.32912 2.302391 19.88191 29.62183 4.590935 19.88191 29.35433 6.851868 19.88191 28.9103 9.071591 19.88191 28.2924 11.23676 19.88191 27.50434 13.33435 19.88191 26.55087 15.35174 19.88191 25.43772 17.27681 19.88191 24.17159 19.09797 19.88191 22.76008 20.80428 19.88191 21.21169 22.38546 19.88191 19.53573 23.83202 19.88191 17.74228 25.13525 19.88191 15.84213 26.28731 19.88191 13.8467 27.28127 19.88191 11.76799 28.11117 19.88191 9.618512 28.772 19.88191 7.411186 29.25979 19.88191 5.15929 29.57161 19.88191 2.876362 29.70558 19.88191 0.5761376 29.6609 19.88191 -1.72755 29.43784 19.88191 -4.020851 29.03774 19.88191 -6.28997 28.46299 19.88191 -8.521262 27.71706 19.88191 -10.7013 26.80445 19.88191 -12.81699 25.73063 19.88191 -14.85559 24.50206 19.88191 -16.80484 23.12613 19.88191 -18.65303 21.61112 19.88191 -20.38904 19.96614 19.88191 -22.00243 18.20108 19.88191 -23.48349 16.32655 19.88191 -24.82332 14.35384 19.88191 -26.01386 12.2948 19.88191 -27.04795 10.16182 19.88191 -27.91937 7.96772 19.88191 -28.62288 5.725704 19.88191 -29.15425 3.449257 19.88191 -29.51028 1.152061 19.88191 -29.68883 0 19.88191 -29.71117 -1.152061 19.88191 -29.68883 -3.449257 19.88191 -29.51028 -5.725708 19.88191 -29.15425 -7.967724 19.88191 -28.62288 -10.16182 19.88191 -27.91937 -12.2948 19.88191 -27.04795 -14.35384 19.88191 -26.01386 -16.32656 19.88191 -24.82332 -18.20108 19.88191 -23.48349 -19.96614 19.88191 -22.00243 -21.61112 19.88191 -20.38904 -23.12613 19.88191 -18.65303 -24.50206 19.88191 -16.80484 -25.73063 19.88191 -14.85559 -26.80445 19.88191 -12.81699 -27.71707 19.88191 -10.7013 -28.46299 19.88191 -8.521262 -29.03774 19.88191 -6.28997 -29.43784 19.88191 -4.020851 -29.66091 19.88191 -1.72755 -29.70559 19.88191 0.5761376 -29.57161 19.88191 2.876362 -29.25979 19.88191 5.15929 -28.772 19.88191 7.411186 -28.11117 19.88191 9.618512 -27.28128 19.88191 11.76799 -26.28731 19.88191 13.8467 -25.13525 19.88191 15.84213 -23.83202 19.88191 17.74228 -22.38546 19.88191 19.53573 -20.80428 19.88191 21.21169 -19.09798 19.88191 22.76008 -17.27681 19.88191 24.17159 -15.35175 19.88191 25.43772 -13.33435 19.88191 26.55087 -11.23676 19.88191 27.50434 -9.071595 19.88191 28.2924 -6.851868 19.88191 28.9103 -4.590935 19.88191 29.35433 -2.302391 19.88191 29.62183 0 19.88191 29.71117 2.403938 19.28817 30.92831 4.793415 19.28817 30.64901 7.154068 19.28817 30.1854 9.471695 19.28817 29.54024 11.73236 19.28817 28.71742 13.92246 19.28817 27.7219 16.02883 19.28817 26.55965 18.03881 19.28817 25.23768 19.94029 19.28817 23.76392 21.72185 19.28817 22.14723 23.37278 19.28817 20.39736 24.88313 19.28817 18.52481 26.24384 19.28817 16.54085 27.44672 19.28817 14.45741 28.48452 19.28817 12.28702 29.35102 19.28817 10.04274 30.04099 19.28817 7.73806 30.5503 19.28817 5.386841 30.87587 19.28817 3.003227 31.01576 19.28817 0.6015473 30.9691 19.28817 -1.803745 30.7362 19.28817 -4.198193 30.31844 19.28817 -6.56739 29.71835 19.28817 -8.897093 28.93953 19.28817 -11.17329 27.98666 19.28817 -13.38228 26.86548 19.28817 -15.5108 25.58273 19.28817 -17.54603 24.14612 19.28817 -19.47573 22.56428 19.28817 -21.28831 20.84675 19.28817 -22.97285 19.00384 19.28817 -24.51924 17.04664 19.28817 -25.91816 14.98692 19.28817 -27.16121 12.83706 19.28817 -28.24091 10.61001 19.28817 -29.15076 8.319138 19.28817 -29.8853 5.978237 19.28817 -30.4401 3.601387 19.28817 -30.81183 1.202873 19.28817 -30.99826 0 19.28817 -31.02159 -1.202873 19.28817 -30.99826 -3.601387 19.28817 -30.81183 -5.978241 19.28817 -30.4401 -8.319142 19.28817 -29.8853 -10.61001 19.28817 -29.15076 -12.83707 19.28817 -28.24091 -14.98692 19.28817 -27.16121 -17.04664 19.28817 -25.91816 -19.00384 19.28817 -24.51924 -20.84675 19.28817 -22.97285 -22.56429 19.28817 -21.28831 -24.14612 19.28817 -19.47573 -25.58273 19.28817 -17.54603 -26.86548 19.28817 -15.5108 -27.98667 19.28817 -13.38228 -28.93954 19.28817 -11.17329 -29.71836 19.28817 -8.897093 -30.31845 19.28817 -6.56739 -30.7362 19.28817 -4.198193 -30.96911 19.28817 -1.803745 -31.01576 19.28817 0.6015473 -30.87587 19.28817 3.003227 -30.5503 19.28817 5.386841 -30.041 19.28817 7.73806 -29.35102 19.28817 10.04274 -28.48452 19.28817 12.28702 -27.44672 19.28817 14.45741 -26.24384 19.28817 16.54085 -24.88314 19.28817 18.52481 -23.37278 19.28817 20.39736 -21.72185 19.28817 22.14723 -19.94029 19.28817 23.76392 -18.03881 19.28817 25.23768 -16.02884 19.28817 26.55965 -13.92246 19.28817 27.7219 -11.73236 19.28817 28.71742 -9.471699 19.28817 29.54024 -7.154072 19.28817 30.1854 -4.793419 19.28817 30.64901 -2.403938 19.28817 30.92831 0 19.28817 31.02158 2.497829 18.51254 32.13631 4.98064 18.51254 31.84612 7.433498 18.51254 31.3644 9.841649 18.51254 30.69404 12.19061 18.51254 29.83909 14.46625 18.51254 28.80468 16.6549 18.51254 27.59704 18.74338 18.51254 26.22343 20.71913 18.51254 24.6921 22.57028 18.51254 23.01227 24.28568 18.51254 21.19405 25.85503 18.51254 19.24836 27.26889 18.51254 17.18691 28.51875 18.51254 15.02209 29.59708 18.51254 12.76694 30.49742 18.51254 10.43499 31.21435 18.51254 8.040299 31.74355 18.51254 5.597244 32.08184 18.51254 3.120529 32.22718 18.51254 0.6250458 32.17871 18.51254 -1.874199 31.93671 18.51254 -4.362167 31.50264 18.51254 -6.823904 30.87911 18.51254 -9.244601 30.06987 18.51254 -11.6097 29.07978 18.51254 -13.90497 27.91481 18.51254 -16.11663 26.58195 18.51254 -18.23135 25.08923 18.51254 -20.23643 23.44561 18.51254 -22.1198 21.66099 18.51254 -23.87014 19.7461 18.51254 -25.47692 17.71246 18.51254 -26.93049 15.57228 18.51254 -28.22208 13.33846 18.51254 -29.34396 11.02442 18.51254 -30.28935 8.644074 18.51254 -31.05257 6.211742 18.51254 -31.62905 3.74205 18.51254 -32.0153 1.249855 18.51254 -32.20901 0 18.51254 -32.23324 -1.249859 18.51254 -32.20901 -3.742054 18.51254 -32.0153 -6.211742 18.51254 -31.62905 -8.644076 18.51254 -31.05257 -11.02442 18.51254 -30.28935 -13.33846 18.51254 -29.34396 -15.57229 18.51254 -28.22208 -17.71246 18.51254 -26.93049 -19.74611 18.51254 -25.47692 -21.661 18.51254 -23.87014 -23.44561 18.51254 -22.1198 -25.08923 18.51254 -20.23643 -26.58196 18.51254 -18.23135 -27.91481 18.51254 -16.11663 -29.07979 18.51254 -13.90497 -30.06987 18.51254 -11.6097 -30.87911 18.51254 -9.244601 -31.50264 18.51254 -6.823904 -31.93671 18.51254 -4.362167 -32.17871 18.51254 -1.874199 -32.22718 18.51254 0.6250458 -32.08184 18.51254 3.120529 -31.74355 18.51254 5.597244 -31.21435 18.51254 8.040299 -30.49743 18.51254 10.43499 -29.59709 18.51254 12.76694 -28.51875 18.51254 15.02209 -27.26889 18.51254 17.18691 -25.85504 18.51254 19.24836 -24.28569 18.51254 21.19405 -22.57028 18.51254 23.01227 -20.71913 18.51254 24.6921 -18.74338 18.51254 26.22343 -16.6549 18.51254 27.59704 -14.46625 18.51254 28.80468 -12.19061 18.51254 29.83909 -9.84165 18.51254 30.69404 -7.4335 18.51254 31.3644 -4.980644 18.51254 31.84612 -2.497833 18.51254 32.13631 0 18.51254 32.23324 2.58213 17.57107 33.22087 5.148731 17.57107 32.92087 7.684364 17.57107 32.42289 10.17379 17.57107 31.72992 12.60202 17.57107 30.84611 14.95447 17.57107 29.7768 17.21697 17.57107 28.5284 19.37594 17.57107 27.10842 21.41837 17.57107 25.52542 23.33199 17.57107 23.7889 25.10529 17.57107 21.90931 26.7276 17.57107 19.89796 28.18917 17.57107 17.76694 29.48121 17.57107 15.52907 30.59594 17.57107 13.1978 31.52667 17.57107 10.78716 32.26778 17.57107 8.311646 32.81484 17.57107 5.78614 33.16455 17.57107 3.225841 33.3148 17.57107 0.6461372 33.26469 17.57107 -1.93745 33.01453 17.57107 -4.509384 32.5658 17.57107 -7.054201 31.92123 17.57107 -9.556591 31.08468 17.57107 -12.00151 30.06118 17.57107 -14.37424 28.85689 17.57107 -16.66054 27.47905 17.57107 -18.84663 25.93595 17.57107 -20.91937 24.23687 17.57107 -22.86631 22.39202 17.57107 -24.67572 20.4125 17.57107 -26.33673 18.31023 17.57107 -27.83935 16.09782 17.57107 -29.17454 13.78861 17.57107 -30.33427 11.39648 17.57107 -31.31156 8.935799 17.57107 -32.10055 6.421375 17.57107 -32.69647 3.86834 17.57107 -33.09576 1.292034 17.57107 -33.29601 0 17.57107 -33.32107 -1.292038 17.57107 -33.29601 -3.86834 17.57107 -33.09576 -6.421379 17.57107 -32.69647 -8.935799 17.57107 -32.10055 -11.39648 17.57107 -31.31156 -13.78862 17.57107 -30.33427 -16.09783 17.57107 -29.17454 -18.31023 17.57107 -27.83935 -20.41251 17.57107 -26.33673 -22.39202 17.57107 -24.67572 -24.23687 17.57107 -22.86631 -25.93595 17.57107 -20.91937 -27.47905 17.57107 -18.84663 -28.85689 17.57107 -16.66054 -30.06118 17.57107 -14.37424 -31.08468 17.57107 -12.00151 -31.92123 17.57107 -9.556591 -32.56581 17.57107 -7.054201 -33.01453 17.57107 -4.509384 -33.26469 17.57107 -1.93745 -33.3148 17.57107 0.6461372 -33.16455 17.57107 3.225841 -32.81484 17.57107 5.78614 -32.26779 17.57107 8.311646 -31.52667 17.57107 10.78716 -30.59594 17.57107 13.1978 -29.48121 17.57107 15.52907 -28.18917 17.57107 17.76694 -26.7276 17.57107 19.89796 -25.10529 17.57107 21.90931 -23.33199 17.57107 23.7889 -21.41837 17.57107 25.52542 -19.37594 17.57107 27.10842 -17.21698 17.57107 28.5284 -14.95447 17.57107 29.7768 -12.60202 17.57107 30.84611 -10.17379 17.57107 31.72992 -7.684368 17.57107 32.42289 -5.148731 17.57107 32.92087 -2.58213 17.57107 33.22087 0 17.57107 33.32107 27.48277 16.48325 20.46017 28.98564 16.48325 18.26894 30.31419 16.48325 15.96783 31.46041 16.48325 13.5707 32.41743 16.48325 11.09195 33.1795 16.48325 8.546486 33.74201 16.48325 5.949627 34.1016 16.48325 3.316986 34.25609 16.48325 0.6643944 34.20457 16.48325 -1.992191 33.94733 16.48325 -4.636795 33.48594 16.48325 -7.253513 32.82315 16.48325 -9.826609 31.96297 16.48325 -12.3406 30.91055 16.48325 -14.78038 29.67223 16.48325 -17.13127 28.25546 16.48325 -19.37913 26.66876 16.48325 -21.51044 24.92167 16.48325 -23.51238 23.02469 16.48325 -25.37292 20.98925 16.48325 -27.08086 18.82757 16.48325 -28.62594 16.55266 16.48325 -29.99885 14.1782 16.48325 -31.19135 11.71848 16.48325 -32.19625 9.188275 16.48325 -33.00753 6.60281 16.48325 -33.6203 3.977638 16.48325 -34.03087 1.328541 16.48325 -34.23677 0 16.48325 -34.26254 -1.328545 16.48325 -34.23677 -3.977638 16.48325 -34.03087 -6.602812 16.48325 -33.6203 -9.188275 16.48325 -33.00753 -11.71848 16.48325 -32.19625 -14.17821 16.48325 -31.19135 -16.55267 16.48325 -29.99885 -18.82757 16.48325 -28.62594 -20.98925 16.48325 -27.08086 -23.0247 16.48325 -25.37292 -24.92167 16.48325 -23.51238 -26.66876 16.48325 -21.51044 -28.25546 16.48325 -19.37913 -29.67223 16.48325 -17.13127 -30.91055 16.48325 -14.78038 -31.96297 16.48325 -12.3406 -32.82315 16.48325 -9.826609 -33.48594 16.48325 -7.253513 -33.94734 16.48325 -4.636795 -34.20457 16.48325 -1.992191 -34.2561 16.48325 0.6643944 -34.1016 16.48325 3.316986 -33.74201 16.48325 5.949627 -33.1795 16.48325 8.546486 -32.41744 16.48325 11.09195 -31.46042 16.48325 13.5707 -30.31419 16.48325 15.96783 -28.98564 16.48325 18.26894 -27.48278 16.48325 20.46017 29.64182 15.27159 18.68251 31.00044 15.27159 16.32931 32.17261 15.27159 13.87791 33.1513 15.27159 11.34304 33.93061 15.27159 8.73996 34.50586 15.27159 6.084312 34.87359 15.27159 3.392075 35.03158 15.27159 0.6794357 34.97889 15.27159 -2.037289 34.71583 15.27159 -4.741764 34.24399 15.27159 -7.417717 33.5662 15.27159 -10.04906 32.68654 15.27159 -12.61997 31.61029 15.27159 -15.11498 30.34395 15.27159 -17.51909 28.8951 15.27159 -19.81783 27.27248 15.27159 -21.99739 25.48584 15.27159 -24.04465 23.54593 15.27159 -25.94731 21.4644 15.27159 -27.69392 19.25379 15.27159 -29.27397 16.92738 15.27159 -30.67796 14.49917 15.27159 -31.89745 11.98376 15.27159 -32.92511 9.396279 15.27159 -33.75476 6.752285 15.27159 -34.38139 4.067684 15.27159 -34.80126 1.358616 15.27159 -35.01182 0 15.27159 -35.03817 -1.35862 15.27159 -35.01182 -4.067684 15.27159 -34.80126 -6.752287 15.27159 -34.38139 -9.396281 15.27159 -33.75476 -11.98376 15.27159 -32.92511 -14.49917 15.27159 -31.89745 -16.92738 15.27159 -30.67796 -19.25379 15.27159 -29.27397 -21.4644 15.27159 -27.69392 -23.54593 15.27159 -25.94731 -25.48584 15.27159 -24.04465 -27.27248 15.27159 -21.99739 -28.89511 15.27159 -19.81783 -30.34395 15.27159 -17.51909 -31.6103 15.27159 -15.11498 -32.68654 15.27159 -12.61997 -33.5662 15.27159 -10.04906 -34.24399 15.27159 -7.417717 -34.71583 15.27159 -4.741764 -34.97889 15.27159 -2.037289 -35.03158 15.27159 0.6794357 -34.87359 15.27159 3.392075 -34.50586 15.27159 6.084312 -33.93061 15.27159 8.73996 -33.1513 15.27159 11.34304 -32.17261 15.27159 13.87791 -31.00044 15.27159 16.32931 -29.64182 15.27159 18.68251 30.14411 13.96117 18.99909 31.52576 13.96117 16.60602 32.7178 13.96117 14.11308 33.71306 13.96117 11.53526 34.50558 13.96117 8.888066 35.09058 13.96117 6.187416 35.46455 13.96117 3.449554 35.62521 13.96117 0.6909485 35.57163 13.96117 -2.071812 35.30411 13.96117 -4.822113 34.82427 13.96117 -7.543415 34.13499 13.96117 -10.21935 33.24042 13.96117 -12.83382 32.14595 13.96117 -15.37111 30.85814 13.96117 -17.81596 29.38475 13.96117 -20.15366 27.73463 13.96117 -22.37015 25.91771 13.96117 -24.45211 23.94492 13.96117 -26.387 21.82813 13.96117 -28.1632 19.58006 13.96117 -29.77003 17.21423 13.96117 -31.19782 14.74487 13.96117 -32.43797 12.18683 13.96117 -33.48305 9.555504 13.96117 -34.32675 6.866707 13.96117 -34.964 4.136612 13.96117 -35.39098 1.381638 13.96117 -35.60512 0 13.96117 -35.63191 -1.381641 13.96117 -35.60512 -4.136616 13.96117 -35.39098 -6.866707 13.96117 -34.964 -9.555506 13.96117 -34.32675 -12.18683 13.96117 -33.48305 -14.74487 13.96117 -32.43797 -17.21423 13.96117 -31.19782 -19.58006 13.96117 -29.77003 -21.82813 13.96117 -28.1632 -23.94493 13.96117 -26.387 -25.91772 13.96117 -24.45211 -27.73463 13.96117 -22.37015 -29.38475 13.96117 -20.15366 -30.85814 13.96117 -17.81596 -32.14595 13.96117 -15.37111 -33.24043 13.96117 -12.83382 -34.135 13.96117 -10.21935 -34.82427 13.96117 -7.543415 -35.30411 13.96117 -4.822113 -35.57163 13.96117 -2.071812 -35.62521 13.96117 0.6909485 -35.46455 13.96117 3.449554 -35.09058 13.96117 6.187416 -34.50559 13.96117 8.888066 -33.71307 13.96117 11.53526 -32.7178 13.96117 14.11308 -31.52576 13.96117 16.60602 -30.14412 13.96117 18.99909 30.48214 12.57912 19.21214 31.87927 12.57912 16.79224 33.08468 12.57912 14.27134 34.09111 12.57912 11.66461 34.89252 12.57912 8.987732 35.48408 12.57912 6.256798 35.86223 12.57912 3.488239 36.0247 12.57912 0.6986961 35.97051 12.57912 -2.095047 35.7 12.57912 -4.876186 35.21478 12.57912 -7.628004 34.51778 12.57912 -10.33395 33.61317 12.57912 -12.97774 32.50642 12.57912 -15.54348 31.20417 12.57912 -18.01574 29.71426 12.57912 -20.37965 28.04564 12.57912 -22.621 26.20834 12.57912 -24.7263 24.21343 12.57912 -26.6829 22.0729 12.57912 -28.47902 19.79962 12.57912 -30.10386 17.40726 12.57912 -31.54766 14.91021 12.57912 -32.80172 12.32349 12.57912 -33.85851 9.662655 12.57912 -34.71167 6.943706 12.57912 -35.35608 4.182999 12.57912 -35.78784 1.397133 12.57912 -36.00438 0 12.57912 -36.03148 -1.397137 12.57912 -36.00438 -4.182999 12.57912 -35.78784 -6.943708 12.57912 -35.35608 -9.662657 12.57912 -34.71167 -12.32349 12.57912 -33.85851 -14.91021 12.57912 -32.80172 -17.40726 12.57912 -31.54766 -19.79962 12.57912 -30.10386 -22.0729 12.57912 -28.47902 -24.21344 12.57912 -26.6829 -26.20835 12.57912 -24.7263 -28.04564 12.57912 -22.621 -29.71426 12.57912 -20.37965 -31.20417 12.57912 -18.01574 -32.50643 12.57912 -15.54348 -33.61317 12.57912 -12.97774 -34.51778 12.57912 -10.33395 -35.21478 12.57912 -7.628004 -35.7 12.57912 -4.876186 -35.97052 12.57912 -2.095047 -36.0247 12.57912 0.6986961 -35.86223 12.57912 3.488239 -35.48408 12.57912 6.256798 -34.89252 12.57912 8.987732 -34.09112 12.57912 11.66461 -33.08469 12.57912 14.27134 -31.87927 12.57912 16.79224 -30.48214 12.57912 19.21214 -16.60408 15.49985 29.95609 -18.04147 15.4999 29.11301 -24.24914 5.501739 24.18764 -24.00671 5.501726 24.42827 -24.67017 15.40883 23.75806 26.72658 8.799021 21.41851 26.76582 9.499161 21.36945 26.61734 8.525553 21.5541 26.46699 7.552458 21.73847 26.58581 7.9562 21.59299 26.67526 8.388798 21.4824 26.76621 11.49881 21.36896 26.73031 11.9428 21.41385 24.00667 5.499866 24.42831 24.24891 5.499857 24.18787 24.00667 15.49831 24.42831 24.66996 5.591267 23.75828 24.24867 15.4983 24.1881 25.0747 5.726801 23.3307 25.30148 5.845121 23.08458 25.51566 6.002344 22.84761 26.64389 12.68567 21.52128 26.55874 13.12492 21.62628 26.30351 7.13426 21.93599 26.46088 13.47131 21.7459 26.09983 6.733257 22.17794 26.33102 13.81435 21.90297 26.1614 14.16027 22.10529 25.92713 14.52983 22.3796 25.68048 14.83053 22.66221 25.42709 15.06864 22.94615 25.18071 15.24154 23.21625 25.72506 6.207453 22.61158 25.93713 6.476603 22.368 24.67124 15.4403 23.75694 24.93257 15.36339 23.48253 21.15413 15.49844 26.93632 22.16906 15.49839 26.10738 22.31665 15.49839 25.98133 23.26524 5.499903 25.13546 21.88508 5.499968 26.34589 21.15413 5.500002 26.93632 18.04142 5.500133 29.11305 18.97456 5.500095 28.51366 19.32926 5.50008 28.27441 20.09788 5.500046 27.73333 16.60465 5.500191 29.95577 16.64041 5.500189 29.93591 17.82097 5.500143 29.24851 15.43338 5.500238 30.5757 14.70683 5.500265 30.93173 10.74334 5.500416 32.52142 11.19136 5.500399 32.36999 11.66942 5.500381 32.20073 13.73391 5.500303 31.37582 7.740581 5.500524 33.36384 9.06548 5.500477 33.02846 10.37595 5.500429 32.64049 4.508995 5.500639 33.9519 7.53825 5.500532 33.41013 7.660633 5.500526 33.38228 3.792431 5.500664 34.03939 3.792431 15.49911 34.03939 4.776192 15.49907 33.91534 5.069866 15.49906 33.87269 7.53825 15.49897 33.41013 8.210724 15.49895 33.25126 3.405788 15.49912 34.08024 1.318397 5.500751 34.22462 2.031162 15.49917 34.18972 1.884151 15.49918 34.19813 -3.05176e-5 5.500797 34.25 -3.792488 5.500931 34.03938 -4.84697 15.49941 33.9053 -6.209381 15.49946 33.68243 -4.50835 15.4994 33.95199 -3.792488 15.49937 34.03938 -1.317745 15.49929 34.22464 -1.883503 5.500864 34.19817 -0.7258759 15.49926 34.2423 -3.05176e-5 15.49924 34.25 -4.0895 5.50094 34.00497 -5.442619 5.500988 33.8148 -5.069221 5.500977 33.87278 -6.788393 5.501036 33.57052 -7.538305 5.501062 33.41012 -8.123339 5.501083 33.27272 -10.74909 5.501179 32.51952 -8.210091 5.501087 33.25142 -14.70688 5.501327 30.9317 -14.55774 5.501322 31.00217 -14.25012 5.50131 31.14477 -13.30978 5.501276 31.55808 -11.27881 5.5012 32.33962 -18.04147 5.501461 29.11301 -17.09595 5.501423 29.67812 -16.98268 5.501419 29.74308 -15.78255 5.501371 30.39694 -19.79199 5.501533 27.95245 -21.15418 5.501595 26.93628 -21.49525 5.50161 26.6649 -22.31616 5.501646 25.98175 -24.00671 15.50017 24.42827 -23.25518 15.50014 25.14476 -21.88458 15.50007 26.34631 -21.1568 15.50004 26.93422 -21.15418 15.50004 26.93628 -24.24844 15.50018 24.18833 -25.07449 15.27359 23.33094 -25.30092 15.15557 23.08519 -25.5148 14.99872 22.84856 -26.30397 13.86477 21.93544 -26.32988 7.183504 21.90434 -26.10004 14.26647 22.17771 -26.16006 6.837734 22.10687 -25.92547 6.468241 22.38153 -25.6786 6.167742 22.66434 -25.4257 5.930407 22.94769 -25.1786 5.757282 23.21854 -25.72393 14.79409 22.61287 -25.93594 14.52527 22.36939 -24.66908 5.559261 23.75919 -24.93088 5.635979 23.48433 -26.72715 12.19831 21.41779 -26.76625 11.50088 21.36892 -26.61762 12.47354 21.55377 -26.46758 13.44608 21.73776 -26.58635 13.04234 21.59232 -26.67589 12.60893 21.48161 -26.76569 9.501166 21.36962 -26.75081 9.31069 21.38823 -26.65222 8.370858 21.51096 -26.56766 7.914135 21.61532 -26.45944 7.525406 21.74766 -19.32872 15.49996 28.27478 -18.91966 15.49994 28.55011 -14.09265 15.49975 31.21633 -14.70688 15.49977 30.9317 -15.33961 15.4998 30.62285 -16.55999 15.49985 29.98048 -10.74273 15.49962 32.52163 -11.19141 15.49964 32.36996 -12.82278 15.4997 31.75907 -13.73331 15.49974 31.37608 -7.561703 15.49951 33.40484 -7.538305 15.49951 33.41012 -7.659996 15.49951 33.38243 -8.901154 15.49956 33.07313 -10.22616 15.4996 32.68774 14.70683 15.49871 30.93173 14.25071 15.49873 31.14449 14.02817 15.49873 31.24537 12.75708 15.49878 31.78552 11.46524 15.49883 32.27399 11.27942 15.49884 32.3394 11.19136 15.49884 32.36999 8.83183 15.49893 33.0917 17.09651 15.49862 29.6778 18.04142 15.49857 29.11305 19.79252 15.4985 27.95207 19.99622 15.49849 27.80672 21.09998 15.49844 26.97875 28.32878 9.499161 22.61731 25.6649 5.499857 25.6003 26.11054 5.591267 25.14562 28.28726 8.799021 22.66922 28.23293 8.388798 22.73684 28.13827 7.9562 22.85389 28.01251 7.552458 23.00787 27.83949 7.13426 23.21692 27.62392 6.733257 23.473 27.45171 6.476603 23.67416 27.22726 6.207453 23.93196 27.00562 6.002344 24.18178 26.77893 5.845121 24.43258 26.67107 5.786737 24.55029 26.53892 5.726801 24.69308 -20.42777 5.501514 29.94609 -19.21595 5.501465 30.73772 -20.65554 5.501524 29.78944 -25.66515 5.501739 25.60005 -23.85763 5.501657 27.29227 -23.80719 5.501656 27.33627 -22.75036 5.50161 28.22187 -21.60695 5.501562 29.10664 -15.4078 5.501322 32.81245 -16.70409 5.501371 32.17182 -17.25302 5.50139 31.8808 -17.97431 5.501419 31.4798 -14.08699 5.501276 33.40089 -13.64121 5.501259 33.5854 -12.74203 5.501226 33.9367 -11.37674 5.501179 34.41836 -9.99515 5.501133 34.84465 -9.863717 5.501127 34.88209 -8.59768 5.501083 35.21559 -5.760426 5.500988 35.78933 -5.966549 5.500996 35.75555 -7.184795 5.501036 35.53084 -4.328289 5.50094 35.99054 -2.889267 5.500895 36.13454 -1.445873 5.500845 36.22109 0 5.500797 36.25 2.475197 5.500715 36.16527 3.915318 5.500668 36.03779 5.34922 5.50062 35.85306 5.966545 5.500599 35.75555 6.77631 5.500572 35.61101 8.192574 5.500524 35.31206 9.594819 5.500477 34.95701 9.863717 5.500467 34.88209 10.9818 5.500429 34.54638 12.35082 5.500381 34.081 13.64121 5.500336 33.5854 13.70019 5.500334 33.56139 15.02936 5.500286 32.98753 18.86157 5.500143 30.9564 17.61205 5.500189 31.68388 17.25303 5.500204 31.8808 16.33455 5.500238 32.36102 20.08256 5.500095 30.17869 20.65553 5.500072 29.78944 21.27145 5.500046 29.35275 22.42527 5.5 28.48087 23.54345 5.49995 27.56373 23.80718 5.499941 27.33627 24.62375 5.499903 26.60317 -28.32864 9.501166 22.61748 -28.31291 9.31069 22.63718 -28.20856 8.370858 22.76708 -28.11905 7.914135 22.87753 -28.00451 7.525406 23.0176 -27.86739 7.183504 23.18342 -27.68765 6.837734 23.39779 -27.43936 6.468241 23.68848 -27.17808 6.167742 23.9878 -26.10961 5.559261 25.14659 -26.38669 5.635979 24.85568 -26.64889 5.757282 24.57436 -26.67034 5.769466 24.55108 -26.91041 5.930407 24.2877 -20.85965 -16.5 19.60965 -20.85965 -20.5 19.60965 -20.6484 -16.5 19.62763 -20.6484 -20.5 19.62763 -20.44323 -16.5 19.68105 -20.44323 -20.5 19.68105 -20.25003 -16.5 19.76838 -20.25003 -20.5 19.76838 -20.07438 -16.5 19.8871 -20.07438 -20.5 19.8871 -19.92131 -16.5 20.03381 -19.92131 -20.5 20.03381 -19.79524 -16.5 20.20427 -19.79524 -20.5 20.20427 -19.69979 -16.5 20.39358 -19.69979 -20.5 20.39358 -19.63771 -16.5 20.5963 -19.63771 -20.5 20.5963 -19.61078 -16.5 20.8066 -19.61078 -20.5 20.8066 -19.61978 -16.5 21.01842 -19.61978 -20.5 21.01842 -19.66444 -16.5 21.22568 -19.66444 -20.5 21.22568 -19.74349 -16.5 21.42241 -19.74349 -20.5 21.42241 -19.85466 -16.5 21.60294 -19.85466 -20.5 21.60294 -19.99473 -16.5 21.76209 -19.99473 -20.5 21.76209 -20.15968 -16.5 21.89529 -20.15968 -20.5 21.89529 -20.34477 -16.5 21.99868 -20.34477 -20.5 21.99868 -20.54468 -16.5 22.06932 -20.54468 -20.5 22.06932 -20.75364 -16.5 22.10515 -20.75364 -20.5 22.10515 -20.85965 -16.5 22.10965 -20.85965 -20.5 22.10965 -20.96566 -16.5 22.10515 -20.96566 -20.5 22.10515 -21.17462 -16.5 22.06932 -21.17462 -20.5 22.06932 -21.37453 -16.5 21.99868 -21.37453 -20.5 21.99868 -21.55962 -16.5 21.89529 -21.55962 -20.5 21.89529 -21.72458 -16.5 21.76209 -21.72458 -20.5 21.76209 -21.86465 -16.5 21.60294 -21.86465 -20.5 21.60294 -21.97581 -16.5 21.42241 -21.97581 -20.5 21.42241 -22.05486 -16.5 21.22568 -22.05486 -20.5 21.22568 -22.09953 -16.5 21.01842 -22.09953 -20.5 21.01842 -22.10853 -16.5 20.8066 -22.10853 -20.5 20.8066 -22.0816 -16.5 20.5963 -22.0816 -20.5 20.5963 -22.01951 -16.5 20.39358 -22.01951 -20.5 20.39358 -21.92406 -16.5 20.20427 -21.92406 -20.5 20.20427 -21.79799 -16.5 20.03381 -21.79799 -20.5 20.03381 -21.64493 -16.5 19.8871 -21.64493 -20.5 19.8871 -21.46927 -16.5 19.76838 -21.46927 -20.5 19.76838 -21.27608 -16.5 19.68105 -21.27608 -20.5 19.68105 -21.0709 -16.5 19.62763 -21.0709 -20.5 19.62763 -20.85965 -15.74892 20.85965 -20.85965 -16.5 -22.10965 -20.85965 -20.5 -22.10965 -20.6484 -16.5 -22.09167 -20.6484 -20.5 -22.09167 -20.44323 -16.5 -22.03825 -20.44323 -20.5 -22.03825 -20.25003 -16.5 -21.95092 -20.25003 -20.5 -21.95092 -20.07438 -16.5 -21.8322 -20.07438 -20.5 -21.8322 -19.92131 -16.5 -21.6855 -19.92131 -20.5 -21.6855 -19.79524 -16.5 -21.51504 -19.79524 -20.5 -21.51504 -19.69979 -16.5 -21.32572 -19.69979 -20.5 -21.32572 -19.63771 -16.5 -21.123 -19.63771 -20.5 -21.123 -19.61078 -16.5 -20.9127 -19.61078 -20.5 -20.9127 -19.61978 -16.5 -20.70088 -19.61978 -20.5 -20.70088 -19.66444 -16.5 -20.49362 -19.66444 -20.5 -20.49362 -19.74349 -16.5 -20.2969 -19.74349 -20.5 -20.2969 -19.85466 -16.5 -20.11636 -19.85466 -20.5 -20.11636 -19.99473 -16.5 -19.95721 -19.99473 -20.5 -19.95721 -20.15968 -16.5 -19.82402 -20.15968 -20.5 -19.82402 -20.34477 -16.5 -19.72062 -20.34477 -20.5 -19.72062 -20.54468 -16.5 -19.64999 -20.54468 -20.5 -19.64999 -20.75364 -16.5 -19.61415 -20.75364 -20.5 -19.61415 -20.85965 -16.5 -19.60965 -20.85965 -20.5 -19.60965 -20.96566 -16.5 -19.61415 -20.96566 -20.5 -19.61415 -21.17462 -16.5 -19.64999 -21.17462 -20.5 -19.64999 -21.37453 -16.5 -19.72062 -21.37453 -20.5 -19.72062 -21.55962 -16.5 -19.82402 -21.55962 -20.5 -19.82402 -21.72458 -16.5 -19.95721 -21.72458 -20.5 -19.95721 -21.86465 -16.5 -20.11636 -21.86465 -20.5 -20.11636 -21.97581 -16.5 -20.2969 -21.97581 -20.5 -20.2969 -22.05486 -16.5 -20.49362 -22.05486 -20.5 -20.49362 -22.09953 -16.5 -20.70088 -22.09953 -20.5 -20.70088 -22.10853 -16.5 -20.9127 -22.10853 -20.5 -20.9127 -22.0816 -16.5 -21.123 -22.0816 -20.5 -21.123 -22.01951 -16.5 -21.32572 -22.01951 -20.5 -21.32572 -21.92406 -16.5 -21.51504 -21.92406 -20.5 -21.51504 -21.79799 -16.5 -21.6855 -21.79799 -20.5 -21.6855 -21.64493 -16.5 -21.8322 -21.64493 -20.5 -21.8322 -21.46927 -16.5 -21.95092 -21.46927 -20.5 -21.95092 -21.27608 -16.5 -22.03825 -21.27608 -20.5 -22.03825 -21.0709 -16.5 -22.09167 -21.0709 -20.5 -22.09167 -20.85965 -15.74892 -20.85965 20.85965 -16.5 -22.10965 20.85965 -20.5 -22.10965 21.0709 -16.5 -22.09167 21.0709 -20.5 -22.09167 21.27607 -16.5 -22.03825 21.27607 -20.5 -22.03825 21.46927 -16.5 -21.95092 21.46927 -20.5 -21.95092 21.64492 -16.5 -21.8322 21.64492 -20.5 -21.8322 21.79799 -16.5 -21.6855 21.79799 -20.5 -21.6855 21.92406 -16.5 -21.51504 21.92406 -20.5 -21.51504 22.01951 -16.5 -21.32572 22.01951 -20.5 -21.32572 22.08159 -16.5 -21.123 22.08159 -20.5 -21.123 22.10852 -16.5 -20.9127 22.10852 -20.5 -20.9127 22.09952 -16.5 -20.70088 22.09952 -20.5 -20.70088 22.05486 -16.5 -20.49362 22.05486 -20.5 -20.49362 21.97581 -16.5 -20.2969 21.97581 -20.5 -20.2969 21.86465 -16.5 -20.11636 21.86465 -20.5 -20.11636 21.72457 -16.5 -19.95721 21.72457 -20.5 -19.95721 21.55962 -16.5 -19.82402 21.55962 -20.5 -19.82402 21.37453 -16.5 -19.72062 21.37453 -20.5 -19.72062 21.17462 -16.5 -19.64999 21.17462 -20.5 -19.64999 20.96566 -16.5 -19.61415 20.96566 -20.5 -19.61415 20.85965 -16.5 -19.60965 20.85965 -20.5 -19.60965 20.75364 -16.5 -19.61415 20.75364 -20.5 -19.61415 20.54468 -16.5 -19.64999 20.54468 -20.5 -19.64999 20.34477 -16.5 -19.72062 20.34477 -20.5 -19.72062 20.15968 -16.5 -19.82402 20.15968 -20.5 -19.82402 19.99472 -16.5 -19.95721 19.99472 -20.5 -19.95721 19.85465 -16.5 -20.11636 19.85465 -20.5 -20.11636 19.74349 -16.5 -20.2969 19.74349 -20.5 -20.2969 19.66444 -16.5 -20.49362 19.66444 -20.5 -20.49362 19.61977 -16.5 -20.70088 19.61977 -20.5 -20.70088 19.61078 -16.5 -20.9127 19.61078 -20.5 -20.9127 19.6377 -16.5 -21.123 19.6377 -20.5 -21.123 19.69979 -16.5 -21.32572 19.69979 -20.5 -21.32572 19.79524 -16.5 -21.51504 19.79524 -20.5 -21.51504 19.92131 -16.5 -21.6855 19.92131 -20.5 -21.6855 20.07438 -16.5 -21.8322 20.07438 -20.5 -21.8322 20.25003 -16.5 -21.95092 20.25003 -20.5 -21.95092 20.44323 -16.5 -22.03825 20.44323 -20.5 -22.03825 20.6484 -16.5 -22.09167 20.6484 -20.5 -22.09167 20.85965 -15.74892 -20.85965 -10 -15.5 -25 10 -15.5 -25 -10 -20.5 -25 10 -20.5 -25 -10 -20.5 -36.66061 -10 -15.5 -36.66061 10 -15.5 -36.66061 10 -20.5 -36.66061 8.03254 -15.5 -37.14133 -8.032542 -15.5 -37.14133 -4.039154 -15.5 -37.78472 0 -15.5 -38 4.03915 -15.5 -37.78472 20.85965 -16.5 19.60965 20.85965 -20.5 19.60965 21.0709 -16.5 19.62763 21.0709 -20.5 19.62763 21.27607 -16.5 19.68105 21.27607 -20.5 19.68105 21.46927 -16.5 19.76838 21.46927 -20.5 19.76838 21.64492 -16.5 19.8871 21.64492 -20.5 19.8871 21.79799 -16.5 20.03381 21.79799 -20.5 20.03381 21.92406 -16.5 20.20427 21.92406 -20.5 20.20427 22.01951 -16.5 20.39358 22.01951 -20.5 20.39358 22.08159 -16.5 20.5963 22.08159 -20.5 20.5963 22.10852 -16.5 20.8066 22.10852 -20.5 20.8066 22.09952 -16.5 21.01842 22.09952 -20.5 21.01842 22.05486 -16.5 21.22568 22.05486 -20.5 21.22568 21.97581 -16.5 21.42241 21.97581 -20.5 21.42241 21.86465 -16.5 21.60294 21.86465 -20.5 21.60294 21.72457 -16.5 21.76209 21.72457 -20.5 21.76209 21.55962 -16.5 21.89529 21.55962 -20.5 21.89529 21.37453 -16.5 21.99868 21.37453 -20.5 21.99868 21.17462 -16.5 22.06932 21.17462 -20.5 22.06932 20.96566 -16.5 22.10515 20.96566 -20.5 22.10515 20.85965 -16.5 22.10965 20.85965 -20.5 22.10965 20.75364 -16.5 22.10515 20.75364 -20.5 22.10515 20.54468 -16.5 22.06932 20.54468 -20.5 22.06932 20.34477 -16.5 21.99868 20.34477 -20.5 21.99868 20.15968 -16.5 21.89529 20.15968 -20.5 21.89529 19.99472 -16.5 21.76209 19.99472 -20.5 21.76209 19.85465 -16.5 21.60294 19.85465 -20.5 21.60294 19.74349 -16.5 21.42241 19.74349 -20.5 21.42241 19.66444 -16.5 21.22568 19.66444 -20.5 21.22568 19.61977 -16.5 21.01842 19.61977 -20.5 21.01842 19.61078 -16.5 20.8066 19.61078 -20.5 20.8066 19.6377 -16.5 20.5963 19.6377 -20.5 20.5963 19.69979 -16.5 20.39358 19.69979 -20.5 20.39358 19.79524 -16.5 20.20427 19.79524 -20.5 20.20427 19.92131 -16.5 20.03381 19.92131 -20.5 20.03381 20.07438 -16.5 19.8871 20.07438 -20.5 19.8871 20.25003 -16.5 19.76838 20.25003 -20.5 19.76838 20.44323 -16.5 19.68105 20.44323 -20.5 19.68105 20.6484 -16.5 19.62763 20.6484 -20.5 19.62763 20.85965 -15.74892 20.85965 0 -18.5 31 -0.1272087 -18.5 30.9946 0 -18.5 29.5 0.1272087 -18.5 30.9946 0.839962 -18.5 30.74276 0.6178513 -18.5 30.86684 0.377964 -18.5 30.9516 1.339386 -18.5 30.17531 1.205994 -18.5 30.39195 1.037907 -18.5 30.58293 1.498646 -18.5 29.43634 1.48785 -18.5 29.69053 1.43425 -18.5 29.93923 1.277294 -18.5 28.71354 1.39183 -18.5 28.94071 1.466331 -18.5 29.18398 0.7315407 -18.5 28.19048 0.9423294 -18.5 28.33295 1.126007 -18.5 28.50899 0 -18.5 28 0.2535019 -18.5 28.02158 0.4997101 -18.5 28.08569 -0.7315445 -18.5 28.19048 -0.4997101 -18.5 28.08569 -0.2535019 -18.5 28.02158 -1.277294 -18.5 28.71354 -1.126011 -18.5 28.50899 -0.9423294 -18.5 28.33295 -1.49865 -18.5 29.43634 -1.466335 -18.5 29.18398 -1.391834 -18.5 28.94071 -1.33939 -18.5 30.17531 -1.43425 -18.5 29.93923 -1.48785 -18.5 29.69053 -0.839962 -18.5 30.74276 -1.03791 -18.5 30.58293 -1.205997 -18.5 30.39195 -0.3779678 -18.5 30.9516 -0.6178513 -18.5 30.86684 0 -20.5 28 0.2535019 -20.5 28.02158 0.4997101 -20.5 28.08569 0.7315407 -20.5 28.19048 0.9423294 -20.5 28.33295 1.126007 -20.5 28.50899 1.277294 -20.5 28.71354 1.39183 -20.5 28.94071 1.466331 -20.5 29.18398 1.498646 -20.5 29.43634 1.48785 -20.5 29.69053 1.43425 -20.5 29.93923 1.339386 -20.5 30.17531 1.205994 -20.5 30.39195 1.037907 -20.5 30.58293 0.839962 -20.5 30.74276 0.6178513 -20.5 30.86684 0.377964 -20.5 30.9516 0.1272087 -20.5 30.9946 0 -20.5 31 -0.1272087 -20.5 30.9946 -0.3779678 -20.5 30.9516 -0.6178513 -20.5 30.86684 -0.839962 -20.5 30.74276 -1.03791 -20.5 30.58293 -1.205997 -20.5 30.39195 -1.33939 -20.5 30.17531 -1.43425 -20.5 29.93923 -1.48785 -20.5 29.69053 -1.49865 -20.5 29.43634 -1.466335 -20.5 29.18398 -1.391834 -20.5 28.94071 -1.277294 -20.5 28.71354 -1.126011 -20.5 28.50899 -0.9423294 -20.5 28.33295 -0.7315445 -20.5 28.19048 -0.4997101 -20.5 28.08569 -0.2535019 -20.5 28.02158 1.996929 -0.8999996 36.19495 0 -0.8999996 36.25 0 -0.8999996 35 -1.996933 -0.8999996 36.19495 -3.918758 -0.8999996 34.77993 -5.966557 -0.8999996 35.75559 -7.788233 -0.8999996 34.12247 -9.863753 -0.8999996 34.88221 -11.55977 -0.8999996 33.03591 -13.64122 -0.8999996 33.58541 -15.18593 -0.8999996 31.53391 -17.25309 -0.8999996 31.88092 -18.62112 -0.8999996 29.63535 -20.65555 -0.8999996 29.78944 -21.82215 -0.8999996 27.3641 -23.80726 -0.8999996 27.33637 -24.74874 -0.8999996 24.74874 -26.67 -0.8999996 24.55146 -27.3641 -0.8999996 21.82214 -29.20899 -0.8999996 21.46853 -29.63535 -0.8999996 18.62112 -31.39342 -0.8999996 18.125 -31.53391 -0.8999996 15.18593 -33.19678 -0.8999996 14.56146 -33.03591 -0.8999996 11.55976 -34.59718 -0.8999996 10.82116 -34.12248 -0.8999996 7.788231 -35.57762 -0.8999996 6.949509 -34.77993 -0.8999996 3.918755 -36.12619 -0.8999996 2.9935 -35 -0.8999996 0 -36.23624 -0.8999996 -0.998848 -34.77993 -0.8999996 -3.918758 -35.90643 -0.8999996 -4.979069 -34.12248 -0.8999996 -7.788233 -35.14076 -0.8999996 -8.89885 -33.03591 -0.8999996 -11.55977 -33.94853 -0.8999996 -12.71061 -31.53391 -0.8999996 -15.18593 -32.34421 -0.8999996 -16.36808 -29.63535 -0.8999996 -18.62112 -30.34729 -0.8999996 -19.82687 -27.3641 -0.8999996 -21.82215 -27.98198 -0.8999996 -23.04499 -24.74874 -0.8999996 -24.74874 -25.27701 -0.8999996 -25.98337 -21.82215 -0.8999996 -27.3641 -22.26521 -0.8999996 -28.60635 -18.62112 -0.8999996 -29.63535 -18.98314 -0.8999996 -30.88208 -15.18593 -0.8999996 -31.53391 -15.47065 -0.8999996 -32.78295 -11.55977 -0.8999996 -33.03591 -11.77036 -0.8999996 -34.28587 -7.788233 -0.8999996 -34.12248 -7.927191 -0.8999996 -35.37262 -3.918758 -0.8999996 -34.77993 -3.987801 -0.8999996 -36.02999 0 -0.8999996 -35 0 -0.8999996 -36.25 3.918755 -0.8999996 -34.77993 3.987797 -0.8999996 -36.02999 7.788231 -0.8999996 -34.12248 7.927189 -0.8999996 -35.37262 11.55976 -0.8999996 -33.03591 11.77035 -0.8999996 -34.28587 15.18593 -0.8999996 -31.53391 15.47065 -0.8999996 -32.78295 18.62112 -0.8999996 -29.63535 18.98314 -0.8999996 -30.88208 21.82214 -0.8999996 -27.3641 22.26521 -0.8999996 -28.60635 24.74874 -0.8999996 -24.74874 25.27701 -0.8999996 -25.98337 27.3641 -0.8999996 -21.82215 27.98198 -0.8999996 -23.04499 29.63535 -0.8999996 -18.62112 30.34728 -0.8999996 -19.82687 31.53391 -0.8999996 -15.18593 32.34421 -0.8999996 -16.36808 33.03591 -0.8999996 -11.55977 33.94853 -0.8999996 -12.71061 34.12247 -0.8999996 -7.788233 35.14076 -0.8999996 -8.89885 34.77993 -0.8999996 -3.918758 35.90642 -0.8999996 -4.979069 35 -0.8999996 0 36.23624 -0.8999996 -0.998848 34.77993 -0.8999996 3.918755 36.12619 -0.8999996 2.9935 34.12247 -0.8999996 7.788231 35.57761 -0.8999996 6.949509 33.03591 -0.8999996 11.55976 34.59718 -0.8999996 10.82116 31.53391 -0.8999996 15.18593 33.19678 -0.8999996 14.56146 29.63535 -0.8999996 18.62112 31.39342 -0.8999996 18.125 27.3641 -0.8999996 21.82214 29.20899 -0.8999996 21.46853 24.74874 -0.8999996 24.74874 26.66999 -0.8999996 24.55146 21.82214 -0.8999996 27.3641 23.80726 -0.8999996 27.33637 18.62112 -0.8999996 29.63535 20.65554 -0.8999996 29.78944 15.18593 -0.8999996 31.53391 17.25309 -0.8999996 31.88092 11.55976 -0.8999996 33.03591 13.64121 -0.8999996 33.58541 7.788231 -0.8999996 34.12247 9.863751 -0.8999996 34.88221 3.918755 -0.8999996 34.77993 5.966553 -0.8999996 35.75559 0 -1.9 -35 3.918755 -1.9 -34.77993 7.788231 -1.9 -34.12248 11.55976 -1.9 -33.03591 15.18593 -1.9 -31.53391 18.62112 -1.9 -29.63535 21.82214 -1.9 -27.3641 24.74874 -1.9 -24.74874 27.3641 -1.9 -21.82215 29.63535 -1.9 -18.62112 31.53391 -1.9 -15.18593 33.03591 -1.9 -11.55977 34.12247 -1.9 -7.788233 34.77993 -1.9 -3.918758 35 -1.9 0 34.77993 -1.9 3.918755 34.12247 -1.9 7.788231 33.03591 -1.9 11.55976 31.53391 -1.9 15.18593 29.63535 -1.9 18.62112 27.3641 -1.9 21.82214 24.74874 -1.9 24.74874 21.82214 -1.9 27.3641 18.62112 -1.9 29.63535 15.18593 -1.9 31.53391 11.55976 -1.9 33.03591 7.788231 -1.9 34.12247 3.918755 -1.9 34.77993 0 -1.9 35 -3.918758 -1.9 34.77993 -7.788233 -1.9 34.12247 -11.55977 -1.9 33.03591 -15.18593 -1.9 31.53391 -18.62112 -1.9 29.63535 -21.82215 -1.9 27.3641 -24.74874 -1.9 24.74874 -27.3641 -1.9 21.82214 -29.63535 -1.9 18.62112 -31.53391 -1.9 15.18593 -33.03591 -1.9 11.55976 -34.12248 -1.9 7.788231 -34.77993 -1.9 3.918755 -35 -1.9 0 -34.77993 -1.9 -3.918758 -34.12248 -1.9 -7.788233 -33.03591 -1.9 -11.55977 -31.53391 -1.9 -15.18593 -29.63535 -1.9 -18.62112 -27.3641 -1.9 -21.82215 -24.74874 -1.9 -24.74874 -21.82215 -1.9 -27.3641 -18.62112 -1.9 -29.63535 -15.18593 -1.9 -31.53391 -11.55977 -1.9 -33.03591 -7.788233 -1.9 -34.12248 -3.918758 -1.9 -34.77993 -10.558 -20.5 -36.50382 38 -20.5 -0.001075744 35.00985 -20.5 -14.77532 33.241 -20.5 -18.41293 -10.55483 -20.5 0 31.09551 -20.5 -21.84192 19.2913 -20.5 -32.73905 15.70206 -20.5 -34.60412 11.93491 -20.5 -36.07711 36.38203 -20.5 -10.97029 37.34199 -20.5 -7.040972 37.87885 -20.5 -3.031872 28.59769 -20.5 -25.02343 25.77585 -20.5 -27.92142 22.66196 -20.5 -30.50304 -11.93492 -20.5 -36.07711 -15.70206 -20.5 -34.60412 -19.2913 -20.5 -32.73905 -33.241 -20.5 -18.41293 -35.00985 -20.5 -14.77532 -36.38204 -20.5 -10.97029 -22.66196 -20.5 -30.50304 -25.77585 -20.5 -27.92142 -28.59769 -20.5 -25.02343 -31.09551 -20.5 -21.84192 -38 -20.5 -0.001075744 -37.87886 -20.5 -3.031872 -37.342 -20.5 -7.040972 -29.88896 -20.5 23.46594 -27.22536 -20.5 26.51 -10.56322 -20.5 36.5023 -37.66381 -20.5 5.043568 -32.21391 -20.5 20.156 -34.17386 -20.5 16.61768 -24.25328 -20.5 29.25369 -21.0064 -20.5 31.66592 -37.98653 -20.5 1.011578 -35.74661 -20.5 12.89107 -36.91434 -20.5 9.018414 -17.52152 -20.5 33.71937 -13.8381 -20.5 35.39078 37.98653 -20.5 1.011578 27.22536 -20.5 26.51 29.88896 -20.5 23.46594 32.2139 -20.5 20.156 34.17386 -20.5 16.61768 -2.022446 -20.5 37.94614 -6.044414 -20.5 37.5162 37.6638 -20.5 5.043568 36.91434 -20.5 9.018414 35.74661 -20.5 12.89107 24.25328 -20.5 29.25369 21.0064 -20.5 31.66592 17.52152 -20.5 33.71937 13.8381 -20.5 35.39078 9.997899 -20.5 36.66118 6.044411 -20.5 37.5162 2.022442 -20.5 37.94614 0 -20.5 38 -9.997899 -20.5 36.66118 -33.241 -1.9 -18.41293 -35.00985 -1.9 -14.77532 -36.38204 -1.9 -10.97029 -37.342 -1.9 -7.040972 -37.87886 -1.9 -3.031872 -37.98653 -1.9 1.011578 -37.66381 -1.9 5.043568 -36.91434 -1.9 9.018414 -35.74661 -1.9 12.89107 -34.17386 -1.9 16.61768 -32.21391 -1.9 20.156 -29.88896 -1.9 23.46594 -27.22536 -1.9 26.51 -24.25328 -1.9 29.25369 -21.0064 -1.9 31.66592 -17.52152 -1.9 33.71937 -13.8381 -1.9 35.39078 -9.997899 -1.9 36.66118 -6.044414 -1.9 37.5162 -2.022446 -1.9 37.94614 0 -1.9 38 2.022442 -1.9 37.94614 6.044411 -1.9 37.5162 9.997899 -1.9 36.66118 13.8381 -1.9 35.39078 17.52152 -1.9 33.71937 21.0064 -1.9 31.66592 24.25328 -1.9 29.25369 27.22536 -1.9 26.51 29.88896 -1.9 23.46594 32.2139 -1.9 20.156 34.17386 -1.9 16.61768 35.74661 -1.9 12.89107 36.91434 -1.9 9.018414 37.6638 -1.9 5.043568 37.98653 -1.9 1.011578 37.87885 -1.9 -3.031872 37.34199 -1.9 -7.040972 36.38203 -1.9 -10.97029 35.00985 -1.9 -14.77532 33.241 -1.9 -18.41293 31.09551 -1.9 -21.84192 28.59769 -1.9 -25.02343 25.77585 -1.9 -27.92142 22.66196 -1.9 -30.50304 19.2913 -1.9 -32.73905 15.70206 -1.9 -34.60412 11.93491 -1.9 -36.07711 8.03254 -1.9 -37.14133 4.03915 -1.9 -37.78472 0 -1.9 -38 -4.039154 -1.9 -37.78472 -8.032542 -1.9 -37.14133 -11.93492 -1.9 -36.07711 -15.70206 -1.9 -34.60412 -19.2913 -1.9 -32.73905 -22.66196 -1.9 -30.50304 -25.77585 -1.9 -27.92142 -28.59769 -1.9 -25.02343 -31.09551 -1.9 -21.84192</float_array>
          <technique_common>
            <accessor source="#RP_LIDAR-mesh-positions-array" count="3935" stride="3">
              <param name="X" type="float"/>
              <param name="Y" type="float"/>
              <param name="Z" type="float"/>
            </accessor>
          </technique_common>
        </source>
        <source id="RP_LIDAR-mesh-normals">
          <float_array id="RP_LIDAR-mesh-normals-array" count="23598">0 1 0 0 1 0 0 1 0 0 1 0 0 1 0 0 1 0 0 1 0 0 1 0 0 1 0 0 1 0 0 1 0 0 1 0 0 1 0 0 1 0 0 1 0 0 1 0 0 1 0 0 1 0 0 1 0 0 1 0 0 1 0 0 1 0 0 1 0 0 1 0 0 1 0 0 1 0 0 1 0 0 1 0 0 1 0 0 1 0 0 1 0 0 1 0 0 1 0 0 1 0 0 1 0 0 1 0 0 1 0 0 1 0 0 1 0 0 1 0 0 1 0 0 1 0 0 1 0 0 1 0 0 1 0 0 1 0 0 1 0 0 1 0 0 1 0 0 1 0 0 1 0 0 1 0 0 1 0 0 1 0 0 1 0 0 1 0 0 1 0 0 1 0 0 1 0 0 1 0 0 1 0 0 1 0 0 1 0 0 1 0 0 1 0 0 1 0 0 1 0 0 1 0 0 1 0 0 1 0 0 1 0 0 1 0 0 1 0 0 1 0 0 1 0 0 1 0 0 1 0 0 1 0 0 1 0 0 1 0 0 1 0 0 1 0 0 1 0 0 1 0 0 1 0 0 1 0 0 1 0 0 1 0 0 1 0 0 1 0 0 1 0 0 1 0 0 1 0 0 1 0 0 1 0 0 1 0 0 1 0 0 1 0 0 1 0 0 1 0 0 1 0 0 1 0 0 1 0 0 1 0 0 1 0 0 1 0 0 1 0 0 1 0 0 1 0 0 1 0 0 1 0 0 1 0 0 1 0 0 1 0 0 1 0 0 1 0 0 1 0 0 1 0 0 1 0 0 1 0 0 1 0 0 1 0 0 1 0 0 1 0 0 1 0 0 1 0 0 1 0 0 1 0 0 1 0 0 1 0 0 1 0 0 1 0 0 1 0 0 1 0 0 1 0 0 1 0 0 1 0 0 1 0 0 1 0 0 1 0 0 1 0 0 1 0 0 1 0 0 1 0 0 1 0 0 1 0 0 1 0 0 1 0 0 1 0 0 1 0 0 1 0 0 1 0 0 1 0 0 1 0 0 1 0 0 1 0 0 1 0 0 1 0 0 1 0 0 1 0 0 1 0 0 1 0 0 1 0 0 1 0 0 1 0 0 1 0 0 1 0 0 1 0 0 1 0 0 1 0 0 1 0 0 1 0 0 1 0 0 1 0 0 1 0 0 1 0 0 1 0 0 1 0 0 1 0 0 1 0 0 1 0 0 1 0 0 1 0 0 1 0 0 1 0 0 1 0 0 1 0 0 1 0 0 1 0 0 1 0 0 1 0 0 1 0 0 1 0 0 1 0 0 1 0 0 1 0 0 1 0 0 1 0 0 1 0 0 1 0 0 1 0 0 1 0 0 1 0 0 1 0 0 1 0 0 1 0 0 1 0 0 1 0 0 1 0 0 1 0 0 1 0 0 0 -1 0 0 -1 1 0 0 1 0 0 0 0 1 0 0 1 -0.9996164 0 0.02769714 -0.9996164 0 0.02769714 -0.9900268 0 0.1408784 -0.9900268 0 0.1408784 -0.9553532 0 0.2954661 -0.9553532 0 0.2954661 -0.898537 0 0.4388977 -0.898537 0 0.4388977 -0.8200027 0 0.5723596 -0.8200027 0 0.5723596 -0.7182341 0 0.6958016 -0.7182341 0 0.6958016 -0.5961455 0 0.8028766 -0.5961455 0 0.8028766 -0.4517154 0 0.8921621 -0.4517154 0 0.8921621 -0.3014843 0 0.9534711 -0.3014843 0 0.9534711 -0.1788894 0 0.9838692 -0.1788894 0 0.9838692 -0.09119015 0 0.9958335 -0.09119015 0 0.9958335 -0.02582365 0 0.9996666 -0.02582365 0 0.9996666 -0.3749414 0 -0.9270486 -0.3749414 0 -0.9270486 -0.4899461 0 -0.8717528 -0.4899461 0 -0.8717528 -0.6165995 0 -0.787277 -0.6165995 0 -0.787277 -0.7300741 0 -0.683368 -0.7300741 0 -0.683368 -0.8054781 0 -0.5926256 -0.8054781 0 -0.5926256 -0.8672385 0 -0.4978929 -0.8672385 0 -0.4978929 -0.938515 0 -0.3452386 -0.938515 0 -0.3452386 -0.9785531 0 -0.205995 -0.9785531 0 -0.205995 -0.9980435 0 -0.06252378 -0.9980435 0 -0.06252378 -0.8923808 0 0.4512831 -0.8923808 0 0.4512831 0 0 -1 0 0 -1 0.8924496 0 -0.451147 0.8924496 0 -0.451147 0 0 -1 0 0 -1 -1 0 0 -1 0 0 0 0 -1 0 0 -1 1 0 0 1 0 0 0 0 1 0 0 1 -1 0 0 -1 0 0 0 0 1 0 0 1 -1 0 0 -1 0 0 0 0 -1 0 0 -1 1 0 0 1 0 0 0 0 1 0 0 1 -1 0 0 -1 0 0 0 0 -1 0 0 -1 1 0 0 1 0 0 0 0 1 0 0 1 -0.9980352 0 0.06265521 -0.9980352 0 0.06265521 -0.9796578 0 0.2006751 -0.9796578 0 0.2006751 -0.9391466 0 0.343517 -0.9391466 0 0.343517 -0.8675826 0 0.497293 -0.8675826 0 0.497293 -0.7821578 0 0.6230804 -0.7821578 0 0.6230804 -0.6854799 0 0.7280917 -0.6854799 0 0.7280917 -0.5719981 0 0.8202551 -0.5719981 0 0.8202551 -0.4380426 0 0.8989542 -0.4380426 0 0.8989542 -0.2888561 0 0.9573725 -0.2888561 0 0.9573725 -0.1361472 0 0.9906886 -0.1361472 0 0.9906886 -0.03288543 0 0.999459 -0.03288543 0 0.999459 -0.01433742 0 -0.9998973 -0.01433742 0 -0.9998973 -0.08466792 0 -0.9964092 -0.08466792 0 -0.9964092 -0.2438234 0 -0.9698196 -0.2438234 0 -0.9698196 -0.4006417 0 -0.9162348 -0.4006417 0 -0.9162348 -0.5409221 0 -0.8410726 -0.5409221 0 -0.8410726 -0.6602695 0 -0.7510287 -0.6602695 0 -0.7510287 -0.7717252 0 -0.6359561 -0.7717252 0 -0.6359561 -0.8614531 0 -0.5078371 -0.8614531 0 -0.5078371 -0.9296998 0 -0.3683183 -0.9296998 0 -0.3683183 -0.9756328 0 -0.2194099 -0.9756328 0 -0.2194099 -0.9976075 0 -0.06913179 -0.9976075 0 -0.06913179 0 0 -1 0 0 -1 1 0 0 1 0 0 0 0 1 0 0 1 -0.9996178 0 0.02764582 -0.9996178 0 0.02764582 -0.9900268 0 0.1408784 -0.9900268 0 0.1408784 -0.9553532 0 0.2954661 -0.9553532 0 0.2954661 -0.898537 0 0.4388977 -0.898537 0 0.4388977 -0.8199959 0 0.5723694 -0.8199959 0 0.5723694 -0.7182341 0 0.6958016 -0.7182341 0 0.6958016 -0.5961455 0 0.8028766 -0.5961455 0 0.8028766 -0.4517213 0 0.8921592 -0.4517213 0 0.8921592 -0.3014758 0 0.9534738 -0.3014758 0 0.9534738 -0.1788914 0 0.9838688 -0.1788914 0 0.9838688 -0.09119015 0 0.9958335 -0.09119015 0 0.9958335 -0.02582347 0 0.9996666 -0.02582347 0 0.9996666 -0.3749535 0 -0.9270436 -0.3749535 0 -0.9270436 -0.4899461 0 -0.8717528 -0.4899461 0 -0.8717528 -0.6165995 0 -0.787277 -0.6165995 0 -0.787277 -0.7300658 0 -0.6833769 -0.7300658 0 -0.6833769 -0.8054986 0 -0.5925979 -0.8054986 0 -0.5925979 -0.867232 0 -0.4979041 -0.867232 0 -0.4979041 -0.938515 0 -0.3452386 -0.938515 0 -0.3452386 -0.97855 0 -0.206009 -0.97855 0 -0.206009 -0.998045 0 -0.06249874 -0.998045 0 -0.06249874 -0.8923818 0 0.4512812 -0.8923818 0 0.4512812 0 0 -1 0 0 -1 0.8924496 0 -0.451147 0.8924496 0 -0.451147 0 0 -1 0 0 -1 -1 0 0 -1 0 0 0 0 -1 0 0 -1 0.9271773 0 0.374623 0.9271773 0 0.374623 0 0 1 0 0 1 -0.9272419 0 0.3744631 -0.9272419 0 0.3744631 0 0 -1 0 0 -1 0.9351233 0 -0.3543225 0.9351233 0 -0.3543225 0 0 -1 0 0 -1 -0.9351215 0 -0.3543273 -0.9351215 0 -0.3543273 0 0 -1 0 0 -1 1 0 0 1 0 0 0 0 1 0 0 1 -0.9996528 0 0.02635294 -0.9996528 0 0.02635294 -0.9917387 0 0.1282747 -0.9917387 0 0.1282747 -0.9587557 0 0.2842316 -0.9587557 0 0.2842316 -0.8950683 0 0.4459292 -0.8950683 0 0.4459292 -0.8147182 0 0.5798572 -0.8147182 0 0.5798572 -0.7089956 0 0.7052129 -0.7089956 0 0.7052129 -0.5850457 0 0.8110004 -0.5850457 0 0.8110004 -0.4516309 0 0.8922049 -0.4516309 0 0.8922049 -0.3071215 0 0.9516704 -0.3071215 0 0.9516704 -0.1826626 0 0.9831756 -0.1826626 0 0.9831756 -0.09533917 0 0.9954449 -0.09533917 0 0.9954449 -0.02703976 0 0.9996343 -0.02703976 0 0.9996343 -0.2974086 0 -0.9547502 -0.2974086 0 -0.9547502 -0.4071102 0 -0.9133791 -0.4071102 0 -0.9133791 -0.5388134 0 -0.8424252 -0.5388134 0 -0.8424252 -0.6618425 0 -0.749643 -0.6618425 0 -0.749643 -0.7792428 0 -0.6267221 -0.7792428 0 -0.6267221 -0.8689311 0 -0.4949333 -0.8689311 0 -0.4949333 -0.9334218 0 -0.358781 -0.9334218 0 -0.358781 -0.9779164 0 -0.2089964 -0.9779164 0 -0.2089964 -0.9979276 0 -0.06434553 -0.9979276 0 -0.06434553 -0.002603769 0 -0.9999967 -0.002603769 0 -0.9999967 -0.03415983 0 -0.9994164 -0.03415983 0 -0.9994164 -0.1401476 0 -0.9901306 -0.1401476 0 -0.9901306 -1 0 0 -1 0 0 0 1 0 0 1 0 0 1 0 0 1 0 0 1 0 0 1 0 0 1 0 0 1 0 0 1 0 0 1 0 0 1 0 0 1 0 0 1 0 0 1 0 0 1 0 0 1 0 0 1 0 0 1 0 0 1 0 0 1 0 0 1 0 0 1 0 0 1 0 0 1 0 0 1 0 0 1 0 0 1 0 0 1 0 0 1 0 0 1 0 0 1 0 0 1 0 0 1 0 0 1 0 0 1 0 0 1 0 0 1 0 0 1 0 0 1 0 0 1 0 0 1 0 0 1 0 0 1 0 0 1 0 0 1 0 0 1 0 0 1 0 0 1 0 0 1 0 0 1 0 0 1 0 0 1 0 0 1 0 0 1 0 0 1 0 0 1 0 0 1 0 0 1 0 0 1 0 0 1 0 0 1 0 0 1 0 0 1 0 0 1 0 0 1 0 0 1 0 0 1 0 0 1 0 0 1 0 0 1 0 0 1 0 0 1 0 0 1 0 0 1 0 0 1 0 0 1 0 0 1 0 0 1 0 0 1 0 0 1 0 0 1 0 0 1 0 0 1 0 0 1 0 0 1 0 0 1 0 0 1 0 0 1 0 0 1 0 0 1 0 0 1 0 0 1 0 0 1 0 0 1 0 0 1 0 0 1 0 0 1 0 0 1 0 0 1 0 0 1 0 0 1 0 0 1 0 0 1 0 0 1 0 0 1 0 0 1 0 0 1 0 0 1 0 0 1 0 0 1 0 0 1 0 0 1 0 0 1 0 0 1 0 0 1 0 0 1 0 0 1 0 0 1 0 0 1 0 0 1 0 0 1 0 0 1 0 0 1 0 0 1 0 0 1 0 0 1 0 0 1 0 0 1 0 0 1 0 0 1 0 0 1 0 0 1 0 0 1 0 0 1 0 0 1 0 0 1 0 0 1 0 0 1 0 0 1 0 0 1 0 0 1 0 0 1 0 0 1 0 0 1 0 0 1 0 0 1 0 0 1 0 0 1 0 0 1 0 0 1 0 0 1 0 0 1 0 0 1 0 0 1 0 0 1 0 0 1 0 0 1 0 0 1 0 0 1 0 0 1 0 0 1 0 0 1 0 0 1 0 0 1 0 0 1 0 0 1 0 0 1 0 0 1 0 0 1 0 0 1 0 0 1 0 0 1 0 0 1 0 0 1 0 0 1 0 0 1 0 0 1 0 0 1 0 0 1 0 0 1 0 0 1 0 0 1 0 0 1 0 0 1 0 0 1 0 0 1 0 0 1 0 0 1 0 0 1 0 0 1 0 0 1 0 0 1 0 0 1 0 0 1 0 0 1 0 0 1 0 0 1 0 0 1 0 0 1 0 0 1 0 0 1 0 0 1 0 0 1 0 0 1 0 0 1 0 0 1 0 0 1 0 0 1 0 0 1 0 0 1 0 0 1 0 0 1 0 0 1 0 0 1 0 0 1 0 0 1 0 0 1 0 0 1 0 0 1 0 0 1 0 0 1 0 0 1 0 0 1 0 0 1 0 0 1 0 0 1 0 0 0 -1 0 0 -1 0.04873114 0 -0.9988119 0.04873114 0 -0.9988119 0.1899607 0 -0.9817917 0.1899607 0 -0.9817917 0.3501486 0 -0.9366942 0.3501486 0 -0.9366942 0.4970926 0 -0.8676974 0.4970926 0 -0.8676974 0.6415615 0 -0.7670716 0.6415615 0 -0.7670716 0.7553101 0 -0.6553675 0.7553101 0 -0.6553675 0.8535538 0 -0.5210046 0.8535538 0 -0.5210046 0.9241931 0 -0.3819256 0.9241931 0 -0.3819256 0.9717269 0 -0.2361077 0.9717269 0 -0.2361077 0.9971081 0 -0.07599562 0.9971081 0 -0.07599562 0.9985387 0 0.05404114 0.9985387 0 0.05404114 0.9820657 0 0.1885389 0.9820657 0 0.1885389 0.9424084 0 0.3344646 0.9424084 0 0.3344646 0.8820652 0 0.4711275 0.8820652 0 0.4711275 0.7983277 0 0.6022233 0.7983277 0 0.6022233 0.6892917 0 0.7244839 0.6892917 0 0.7244839 0.5697717 0 0.821803 0.5697717 0 0.821803 0.4384667 0 0.8987474 0.4384667 0 0.8987474 0.3044284 0 0.9525352 0.3044284 0 0.9525352 0.1617771 0 0.9868273 0.1617771 0 0.9868273 0.04468381 0 0.9990012 0.04468381 0 0.9990012 0 0 1 0 0 1 -1 0 0 -1 0 0 0.05264824 0 -0.9986131 0.05264824 0 -0.9986131 0.1842288 0 -0.9828834 0.1842288 0 -0.9828834 0.3275076 0 -0.9448485 0.3275076 0 -0.9448485 0.4650482 0 -0.8852853 0.4650482 0 -0.8852853 0.6157433 0 -0.7879468 0.6157433 0 -0.7879468 0.7580371 0 -0.6522115 0.7580371 0 -0.6522115 0.8626437 0 -0.5058121 0.8626437 0 -0.5058121 0.9318938 0 -0.3627313 0.9318938 0 -0.3627313 0.9760316 0 -0.2176288 0.9760316 0 -0.2176288 0.9977073 0 -0.06767755 0.9977073 0 -0.06767755 0.998858 0 0.04777783 0.998858 0 0.04777783 0.9836484 0 0.1800995 0.9836484 0 0.1800995 0.9394105 0 0.3427944 0.9394105 0 0.3427944 0.8756099 0 0.4830189 0.8756099 0 0.4830189 0.7966081 0 0.6044961 0.7966081 0 0.6044961 0.6963998 0 0.7176541 0.6963998 0 0.7176541 0.578192 0 0.8159008 0.578192 0 0.8159008 0.4424918 0 0.8967725 0.4424918 0 0.8967725 0.280129 0 0.9599624 0.280129 0 0.9599624 0.1222928 0 0.9924941 0.1222928 0 0.9924941 0.02946084 0 0.999566 0.02946084 0 0.999566 0 0 1 0 0 1 -1 0 0 -1 0 0 0 0 -1 0 0 -1 0 0 -1 0 0 -1 0.0487315 0 -0.9988119 0.0487315 0 -0.9988119 0.1899607 0 -0.9817917 0.1899607 0 -0.9817917 0.3501289 0 -0.9367015 0.3501289 0 -0.9367015 0.4971214 0 -0.867681 0.4971214 0 -0.867681 0.6415293 0 -0.7670986 0.6415293 0 -0.7670986 0.7553301 0 -0.6553446 0.7553301 0 -0.6553446 0.8535538 0 -0.5210046 0.8535538 0 -0.5210046 0.9241931 0 -0.3819256 0.9241931 0 -0.3819256 0.9717269 0 -0.2361077 0.9717269 0 -0.2361077 0.9971053 0 -0.07603311 0.9971053 0 -0.07603311 0.9985387 0 0.05404114 0.9985387 0 0.05404114 0.982051 0 0.1886153 0.982051 0 0.1886153 0.9424084 0 0.3344646 0.9424084 0 0.3344646 0.8821058 0 0.4710512 0.8821058 0 0.4710512 0.7983035 0 0.6022555 0.7983035 0 0.6022555 0.6893187 0 0.7244583 0.6893187 0 0.7244583 0.5697306 0 0.8218315 0.5697306 0 0.8218315 0.4384987 0 0.8987318 0.4384987 0 0.8987318 0.3044284 0 0.9525352 0.3044284 0 0.9525352 0.1617771 0 0.9868273 0.1617771 0 0.9868273 0.04468339 0 0.9990012 0.04468339 0 0.9990012 0 0 1 0 0 1 -1 0 0 -1 0 0 0.9181278 0 -0.3962846 0.9181278 0 -0.3962846 0 0 1 0 0 1 -0.9181289 0 -0.3962818 -0.9181289 0 -0.3962818 0 0 -1 0 0 -1 0.01575446 0 -0.9998759 0.01575446 0 -0.9998759 0.06943881 0 -0.9975862 0.06943881 0 -0.9975862 0.2121434 0 -0.9772385 0.2121434 0 -0.9772385 0.3848454 0 -0.922981 0.3848454 0 -0.922981 0.5443863 0 -0.8388347 0.5443863 0 -0.8388347 0.6714112 0 -0.7410851 0.6714112 0 -0.7410851 0.7773503 0 -0.629068 0.7773503 0 -0.629068 0.867765 0 -0.4969748 0.867765 0 -0.4969748 0.9352165 0 -0.3540763 0.9352165 0 -0.3540763 0.9773139 0 -0.2117959 0.9773139 0 -0.2117959 0.9974611 0 -0.0712136 0.9974611 0 -0.0712136 0.9985677 0 0.0535025 0.9985677 0 0.0535025 0.9817917 0 0.1899607 0.9817917 0 0.1899607 0.942246 0 0.3349215 0.942246 0 0.3349215 0.8804953 0 0.4740551 0.8804953 0 0.4740551 0.7980866 0 0.6025429 0.7980866 0 0.6025429 0.7041738 0 0.7100276 0.7041738 0 0.7100276 0.585562 0 0.8106276 0.585562 0 0.8106276 0.4564951 0 0.8897259 0.4564951 0 0.8897259 0.3198468 0 0.9474692 0.3198468 0 0.9474692 0.1854016 0 0.9826628 0.1854016 0 0.9826628 0.09484386 0 0.9954922 0.09484386 0 0.9954922 0.02493119 0 0.9996892 0.02493119 0 0.9996892 0 0 1 0 0 1 -1 0 0 -1 0 0 0 1 0 0 1 0 0 1 0 0 1 0 0 1 0 0 1 0 0 1 0 0 1 0 0 1 0 0 1 0 0 1 0 0 1 0 0 1 0 0 1 0 0 1 0 0 1 0 0 1 0 0 1 0 0 1 0 0 1 0 0 1 0 0 1 0 0 1 0 0 1 0 0 1 0 0 1 0 0 1 0 0 1 0 0 1 0 0 1 0 0 1 0 0 1 0 0 1 0 0 1 0 0 1 0 0 1 0 0 1 0 0 1 0 0 1 0 0 1 0 0 1 0 0 1 0 0 1 0 0 1 0 0 1 0 0 1 0 0 1 0 0 1 0 0 1 0 0 1 0 0 1 0 0 1 0 0 1 0 0 1 0 0 1 0 0 1 0 0 1 0 0 1 0 0 1 0 0 1 0 0 1 0 0 1 0 0 1 0 0 1 0 0 1 0 0 1 0 0 1 0 0 1 0 0 1 0 0 1 0 0 1 0 0 1 0 0 1 0 0 1 0 0 1 0 0 1 0 0 1 0 0 1 0 0 1 0 0 1 0 0 1 0 0 1 0 0 1 0 0 1 0 0 1 0 0 1 0 0 1 0 0 1 0 0 1 0 0 1 0 0 1 0 0 0 1 0 0 1 0 0 1 0 0 1 0 0 1 0 0 1 0 0 1 0 0 1 0.9969171 0 0.07846152 0.9969171 0 0.07846152 0.9723722 0 0.2334359 0.9723722 0 0.2334359 0.9238758 0 0.3826925 0.9238758 0 0.3826925 0.8526409 0 0.5224974 0.8526409 0 0.5224974 0.7604086 0 0.6494451 0.7604086 0 0.6494451 0.649452 0 0.7604026 0.649452 0 0.7604026 0.5224974 0 0.8526409 0.5224974 0 0.8526409 0.3826778 0 0.9238819 0.3826778 0 0.9238819 0.2334502 0 0.9723688 0.2334502 0 0.9723688 0.07846057 0 0.9969172 0.07846057 0 0.9969172 1 0 0 1 0 0 0.07846057 0 -0.9969172 0.07846057 0 -0.9969172 0.2334387 0 -0.9723716 0.2334387 0 -0.9723716 0.3826882 0 -0.9238776 0.3826882 0 -0.9238776 0.5224974 0 -0.8526409 0.5224974 0 -0.8526409 0.6494451 0 -0.7604086 0.6494451 0 -0.7604086 0.7604086 0 -0.6494451 0.7604086 0 -0.6494451 0.8526409 0 -0.5224974 0.8526409 0 -0.5224974 0.9238776 0 -0.3826882 0.9238776 0 -0.3826882 0.9723716 0 -0.2334387 0.9723716 0 -0.2334387 0.9969172 0 -0.07846057 0.9969172 0 -0.07846057 0 0 -1 0 0 -1 0 0 -1 0 0 -1 0 0 -1 0 0 -1 0 0 -1 0 0 -1 -0.9969178 0 -0.07845449 -0.9969178 0 -0.07845449 -0.9723688 0 -0.2334502 -0.9723688 0 -0.2334502 -0.9238797 0 -0.3826829 -0.9238797 0 -0.3826829 -0.8526409 0 -0.5224974 -0.8526409 0 -0.5224974 -0.7604086 0 -0.6494451 -0.7604086 0 -0.6494451 -0.6494451 0 -0.7604086 -0.6494451 0 -0.7604086 -0.5224974 0 -0.8526409 -0.5224974 0 -0.8526409 -0.3826882 0 -0.9238776 -0.3826882 0 -0.9238776 -0.2334387 0 -0.9723716 -0.2334387 0 -0.9723716 -0.07846057 0 -0.9969172 -0.07846057 0 -0.9969172 -1 0 0 -1 0 0 -0.07846057 0 0.9969172 -0.07846057 0 0.9969172 -0.2334502 0 0.9723688 -0.2334502 0 0.9723688 -0.3826778 0 0.9238819 -0.3826778 0 0.9238819 -0.5224974 0 0.8526409 -0.5224974 0 0.8526409 -0.649452 0 0.7604026 -0.649452 0 0.7604026 -0.7604086 0 0.6494451 -0.7604086 0 0.6494451 -0.8526409 0 0.5224974 -0.8526409 0 0.5224974 -0.923878 0 0.3826873 -0.923878 0 0.3826873 -0.9723694 0 0.2334474 -0.9723694 0 0.2334474 -0.9969176 0 0.07845544 -0.9969176 0 0.07845544 0 1 0 0 1 0 0 1 0 0 1 0 0 1 0 0 1 0 0 1 0 0 1 0 0 1 0 0 1 0 0 1 0 0 1 0 0 1 0 0 1 0 0 1 0 0 1 0 0 1 0 0 1 0 0 1 0 0 1 0 0 1 0 0 1 0 0 1 0 0 1 0 0 1 0 0 1 0 0 1 0 0 1 0 0 1 0 0 1 0 0 1 0 0 1 0 0 1 0 0 1 0 0 1 0 0 1 0 0 1 0 0 1 0 0 1 0 0 1 0 0 1 0 0 1 0 0 1 0 0 1 0 0 1 0 0 1 0 0 1 0 0 1 0 0 1 0 0 1 0 0 1 0 0 1 0 0 1 0 0 1 0 0 1 0 0 1 0 0 1 0 0 1 0 0 1 0 0 1 0 0 1 0 0 1 0 0 1 0 0 1 0 0 1 0 0 1 0 0 1 0 0 1 0 0 1 0 0 1 0 0 1 0 0 1 0 0 1 0 0 1 0 0 1 0 0 1 0 0 1 0 0 1 0 0 1 0 0 1 0 0 1 0 0 1 0 0 1 0 0 1 0 0 1 0 0 1 0 0 1 0 0 1 0 0 0 -1 0 0 -1 -0.07845568 0 -0.9969176 -0.07845568 0 -0.9969176 -0.2334432 0 -0.9723704 -0.2334432 0 -0.9723704 -0.3826836 0 -0.9238795 -0.3826836 0 -0.9238795 -0.5224991 0 -0.8526399 -0.5224991 0 -0.8526399 -0.6494499 0 -0.7604044 -0.6494499 0 -0.7604044 -0.7604036 0 -0.6494508 -0.7604036 0 -0.6494508 -0.8526368 0 -0.522504 -0.8526368 0 -0.522504 -0.9238834 0 -0.3826742 -0.9238834 0 -0.3826742 -0.9723704 0 -0.2334432 -0.9723704 0 -0.2334432 -0.9969168 0 -0.07846665 -0.9969168 0 -0.07846665 -1 0 0 -1 0 0 -0.9969168 0 0.07846575 -0.9969168 0 0.07846575 -0.9723704 0 0.2334432 -0.9723704 0 0.2334432 -0.9238818 0 0.3826781 -0.9238818 0 0.3826781 -0.8526399 0 0.5224991 -0.8526399 0 0.5224991 -0.7604036 0 0.6494508 -0.7604036 0 0.6494508 -0.6494499 0 0.7604044 -0.6494499 0 0.7604044 -0.5224991 0 0.8526399 -0.5224991 0 0.8526399 -0.3826836 0 0.9238795 -0.3826836 0 0.9238795 -0.2334432 0 0.9723704 -0.2334432 0 0.9723704 -0.07845568 0 0.9969176 -0.07845568 0 0.9969176 0 0 1 0 0 1 0.0784552 0 0.9969177 0.0784552 0 0.9969177 0.2334432 0 0.9723704 0.2334432 0 0.9723704 0.3826856 0 0.9238787 0.3826856 0 0.9238787 0.5224991 0 0.8526399 0.5224991 0 0.8526399 0.6494472 0 0.7604067 0.6494472 0 0.7604067 0.7604063 0 0.6494476 0.7604063 0 0.6494476 0.8526422 0 0.522495 0.8526422 0 0.522495 0.9238778 0 0.3826875 0.9238778 0 0.3826875 0.9723704 0 0.2334432 0.9723704 0 0.2334432 0.9969173 0 0.07846027 0.9969173 0 0.07846027 1 0 0 1 0 0 0.9969172 0 -0.07846117 0.9969172 0 -0.07846117 0.9723704 0 -0.2334432 0.9723704 0 -0.2334432 0.9238795 0 -0.3826836 0.9238795 0 -0.3826836 0.8526393 0 -0.5225 0.8526393 0 -0.5225 0.7604063 0 -0.6494476 0.7604063 0 -0.6494476 0.6494472 0 -0.7604067 0.6494472 0 -0.7604067 0.5224991 0 -0.8526399 0.5224991 0 -0.8526399 0.3826856 0 -0.9238787 0.3826856 0 -0.9238787 0.2334432 0 -0.9723704 0.2334432 0 -0.9723704 0.0784552 0 -0.9969177 0.0784552 0 -0.9969177 0.9532234 0.291925 0.07839012 0.8015204 0.5928069 0.07839047 0.5582576 0.8259543 0.07840907 -0.08454298 0.9933321 0.07838273 -0.410631 0.9084255 0.07839268 -0.5582516 0.8259602 0.07839083 -0.953225 0.291918 0.07839626 -0.9888489 0.1266265 0.07838165 -0.9745476 -0.2100274 0.07839328 -0.9250341 -0.3717101 0.07838106 -0.8489087 -0.522692 0.07840353 -0.7483638 -0.6586396 0.07839345 -0.6262813 -0.7756459 0.07839041 -0.4861943 -0.8703274 0.07839256 -0.1684876 -0.9825804 0.07840669 0.168488 -0.9825828 0.07837605 0.3321218 -0.9399738 0.07838618 0.4861876 -0.8703305 0.07839876 0.9250363 -0.3717036 0.0783863 0.9745479 -0.2100275 0.0783897 -0.07847177 -0.003332972 0.9969108 -0.07847219 -0.003332614 0.9969107 -0.2334384 -0.009913921 0.972321 -0.2334387 -0.009913682 0.972321 -0.3826223 -0.01624923 0.9237619 -0.3826126 -0.01625674 0.9237659 -0.5223821 -0.02219539 0.8524225 -0.5223918 -0.02218776 0.8524168 -0.6491821 -0.02757298 0.7601331 -0.6491841 -0.02757138 0.7601315 -0.7600208 -0.03227865 0.6490966 -0.7600112 -0.03228777 0.6491074 -0.8520793 -0.03619915 0.5221594 -0.8520788 -0.03619986 0.5221604 -0.9231691 -0.03922003 0.3823878 -0.9231712 -0.03921705 0.3823834 -0.9715404 -0.04127186 0.2332508 -0.971544 -0.04126322 0.2332371 -0.9960255 -0.04230296 0.07838201 -0.9960245 -0.04230868 0.07839125 -0.06875365 0.03840792 0.9968941 -0.06875413 0.03840863 0.996894 -0.2045025 0.1142427 0.9721766 -0.2045009 0.1142405 0.9721772 -0.3351029 0.1871989 0.9233973 -0.3351058 0.1872026 0.9233955 -0.4573631 0.2555001 0.8517856 -0.4573627 0.2554996 0.851786 -0.5681425 0.3173853 0.7592633 -0.5681418 0.3173843 0.7592642 -0.6648594 0.3714142 0.6480845 -0.6648568 0.3714103 0.6480894 -0.7450932 0.4162329 0.5211396 -0.0742554 0.02623605 0.9968941 -0.0742557 0.02623641 0.9968941 -0.2208667 0.07803773 0.9721769 -0.2208679 0.07803881 0.9721766 -0.3619253 0.1278783 0.9233945 -0.3619198 0.1278734 0.9233973 -0.4939597 0.1745257 0.851789 -0.493963 0.1745287 0.8517866 -0.613614 0.2168042 0.7592588 -0.6136096 0.2167999 0.7592635 -0.7180605 0.2537044 0.6480919 -0.7180671 0.2537115 0.6480818 -0.8047232 0.2843292 0.5211309 -0.804719 0.2843241 0.5211401 -0.8715623 0.3079412 0.381512 -0.07762128 0.01330947 0.9968941 -0.07762128 0.01330947 0.9968941 -0.2308781 0.03958803 0.972177 -0.230878 0.03958797 0.972177 -0.3783303 0.06487119 0.9233947 -0.3783316 0.06487202 0.9233942 -0.5163477 0.08853745 0.85179 -0.5163486 0.08853799 0.8517893 -0.6414226 0.1099844 0.759263 -0.6414267 0.1099872 0.7592592 -0.7506168 0.1287103 0.6480803 -0.7506085 0.128704 0.6480912 -0.8412007 0.1442375 0.5211305 -0.8411999 0.1442369 0.5211318 -0.911071 0.1562173 0.3815045 -0.9110689 0.1562149 0.3815106 -0.9585707 0.1643598 0.2326546 0.0652489 -0.04410088 0.996894 0.06524878 -0.0441007 0.9968941 0.1940789 -0.1311751 0.9721761 0.1940771 -0.1311724 0.9721769 0.3180164 -0.2149403 0.9233993 0.3180218 -0.2149485 0.9233955 0.4340451 -0.2933678 0.8517865 0.4340426 -0.2933639 0.8517891 0.5391866 -0.3644294 0.7592557 0.5391826 -0.364423 0.7592615 0.6309635 -0.4264559 0.6480899 0.6309648 -0.4264582 0.6480872 0.7071143 -0.4779264 0.5211292 0.7071122 -0.4779216 0.5211365 0.7658475 -0.5176195 0.3815073 0.7658486 -0.5176235 0.3814995 0.8057764 -0.54461 0.2326467 0.8057764 -0.5446104 0.2326455 -0.003342807 -0.07868468 0.996894 -0.003342628 -0.07868432 0.996894 -0.009942233 -0.2340368 0.972177 -0.009941041 -0.2340344 0.9721775 -0.01629006 -0.3835036 0.9233958 -0.01628994 -0.3835033 0.9233958 -0.02223289 -0.5234132 0.8517889 -0.02223306 -0.5234136 0.8517886 -0.02761846 -0.6501969 0.7592635 -0.02762335 -0.6502065 0.7592552 -0.03232532 -0.7608827 0.6480839 -0.03232318 -0.7608789 0.6480883 -0.03622424 -0.8527082 0.52113 -0.03622269 -0.852706 0.5211338 -0.03923147 -0.9235345 0.3815035 -0.03922897 -0.9235317 0.3815105 -0.0412743 -0.9716829 0.2326561 -0.04128116 -0.9716876 0.2326353 -0.02936369 -0.07307541 0.9968941 -0.0293641 -0.07307577 0.996894 -0.08733993 -0.2173549 0.9721773 -0.08734101 -0.217356 0.9721769 -0.1431213 -0.3561702 0.9233954 -0.1431179 -0.3561668 0.9233972 -0.1953325 -0.4861095 0.8517881 -0.1953371 -0.486114 0.8517842 -0.2426495 -0.6038551 0.7592629 -0.2426475 -0.6038533 0.7592651 -0.2839559 -0.7066534 0.6480818 -0.2839558 -0.7066534 0.6480818 -0.3182223 -0.7919288 0.5211365 -0.3182224 -0.7919289 0.5211365 -0.3446545 -0.8577082 0.3815101 -0.3446569 -0.8577095 0.3815051 -0.3626272 -0.9024301 0.23264 -0.3626257 -0.9024297 0.2326437 -0.8490561 0.474316 0.2326548 -0.0165922 0.07698667 0.9968941 -0.01659196 0.07698774 0.996894 -0.04935109 0.2289916 0.9721766 -0.04935079 0.2289933 0.9721762 -0.08086752 0.3752346 0.9233956 -0.08086764 0.3752341 0.9233958 -0.1103702 0.5121293 0.8517876 -0.1103717 0.5121216 0.8517919 -0.1371068 0.6361715 0.7592679 -0.1371049 0.6361798 0.7592611 -0.160447 0.7444891 0.6480685 -0.1604517 0.7444718 0.6480873 -0.1798132 0.8343061 0.5211531 -0.1798084 0.8343192 0.5211338 -0.1947451 0.9036259 0.3814901 -0.1947476 0.903621 0.3815003 -0.2049008 0.950731 0.2326506 -0.2048995 0.9507324 0.2326458 0.0100032 0.07811772 0.996894 0.01000273 0.07811701 0.9968941 0.02975177 0.2323475 0.9721777 0.02975571 0.2323543 0.972176 0.04875898 0.3807452 0.9233936 0.04875552 0.3807392 0.9233962 0.06654268 0.5196421 0.8517888 0.06653851 0.5196351 0.8517934 0.08265775 0.6455187 0.7592585 0.08265918 0.6455209 0.7592564 0.09672927 0.7554005 0.6480846 0.09673291 0.7554057 0.648078 0.1084055 0.8465595 0.5211384 0.1084052 0.8465591 0.5211391 0.1174095 0.9168757 0.3815153 0.1174168 0.9168825 0.3814967 0.1235383 0.9646844 0.2326424 0.1235304 0.9646798 0.2326653 0.05685693 0.05449318 0.9968941 0.05685794 0.05449354 0.996894 0.1691181 0.1620855 0.9721766 0.1691154 0.1620845 0.9721772 0.2771176 0.2655966 0.9233983 0.2771238 0.265599 0.9233957 0.3782297 0.3625002 0.851784 0.3782213 0.362497 0.8517891 0.4698362 0.4503031 0.7592635 0.4698427 0.4503053 0.7592582 0.5498191 0.526956 0.6480867 0.5498188 0.526956 0.648087 0.6161769 0.5905547 0.5211249 0.6161645 0.5905521 0.5211427 0.6673467 0.6396069 0.3815118 0.6673536 0.6396074 0.3814991 0.7021458 0.672953 0.2326491 0.7021464 0.672953 0.2326473 0.07176357 0.03243911 0.9968941 0.07176303 0.03243911 0.9968941 0.2134545 0.09648805 0.9721766 0.2134543 0.09648805 0.9721766 0.3497667 0.1581056 0.923399 0.3497747 0.1581058 0.923396 0.4773836 0.2157878 0.8517866 0.4773803 0.2157878 0.8517885 0.5930235 0.2680613 0.7592536 0.5930128 0.2680615 0.759262 0.6939528 0.3136897 0.6480959 0.6939637 0.3136891 0.6480845 0.7777144 0.3515466 0.521129 0.7777132 0.3515467 0.5211305 0.8423089 0.3807457 0.3815081 0.8423068 0.3807463 0.3815123 0.8862255 0.4005987 0.2326477 0.8862278 0.4005975 0.2326412 0.07846993 -0.006678402 0.9968941 0.07847106 -0.006679058 0.9968941 0.2334041 -0.01986616 0.9721769 0.2334047 -0.01986646 0.9721767 0.3824689 -0.03255426 0.9233947 0.3824636 -0.03255146 0.923397 0.5219991 -0.04442739 0.8517882 0.5219992 -0.04442739 0.8517882 0.6484411 -0.05518889 0.7592617 0.6484479 -0.05519276 0.7592555 0.758826 -0.06458765 0.648083 0.7588226 -0.06458556 0.6480871 0.8504012 -0.07238006 0.5211324 0.8503994 -0.07237881 0.5211353 0.9210345 -0.07839065 0.3815105 0.9210354 -0.07839143 0.3815084 0.9690591 -0.08247888 0.2326406 0.9690585 -0.0824778 0.2326437 0.9933469 -0.08454501 0.07819259 0.9933477 -0.08454936 0.07817888 0.953223 -0.2919272 0.0783866 0.9573729 -0.2492806 0.1459332 0.9411809 -0.2450645 0.2326411 0.9411805 -0.2450633 0.2326443 0.8945371 -0.2329184 0.3815135 0.8945391 -0.2329212 0.381507 0.8259395 -0.2150592 0.5211271 0.8259352 -0.2150546 0.5211359 0.7369958 -0.1918968 0.648084 0.7369933 -0.1918946 0.6480874 0.6297844 -0.1639801 0.7592642 0.6297935 -0.1639875 0.7592552 0.5069814 -0.1320093 0.8517884 0.5069816 -0.1320095 0.8517882 0.3714627 -0.09672266 0.9233961 0.3714609 -0.09672135 0.9233968 0.2266898 -0.0590257 0.9721768 0.2266899 -0.05902582 0.9721768 0.07621341 -0.01984453 0.9968941 0.07621359 -0.01984471 0.996894 0.8901777 -0.4488187 0.07839298 0.9014738 -0.4074907 0.1459323 0.8862258 -0.4005982 0.2326477 0.8862263 -0.4006008 0.2326412 0.8423077 -0.3807482 0.3815082 0.8423067 -0.3807463 0.3815122 0.7777135 -0.3515483 0.521129 0.7777144 -0.3515497 0.5211268 0.6939584 -0.3136895 0.64809 0.6939618 -0.3136938 0.6480844 0.5930192 -0.2680644 0.759256 0.5930122 -0.2680562 0.7592644 0.477383 -0.215789 0.8517867 0.4773808 -0.2157865 0.8517885 0.3497682 -0.1581029 0.923399 0.3497737 -0.1581087 0.9233959 0.2134555 -0.09648859 0.9721763 0.2134536 -0.0964865 0.9721769 0.07176363 -0.03243899 0.9968941 0.07176351 -0.03243887 0.996894 0.626281 -0.7756455 0.07839769 0.719746 -0.6898207 0.07818698 0.7021476 -0.6729539 0.2326412 0.7021479 -0.6729514 0.2326474 0.6673516 -0.6396021 0.3815116 0.6673524 -0.6396088 0.3814991 0.6161738 -0.5905578 0.521125 0.6161717 -0.5905497 0.5211368 0.5498129 -0.5269503 0.6480966 0.549816 -0.5269591 0.6480868 0.4698385 -0.4503065 0.75926 0.4698377 -0.4503045 0.7592617 0.3782244 -0.3625 0.8517864 0.3782225 -0.3624956 0.8517891 0.2771229 -0.2655998 0.9233958 0.277123 -0.2656 0.9233956 0.1691178 -0.1620858 0.9721766 0.1691175 -0.162085 0.9721768 0.05685681 -0.05449247 0.9968941 0.05685716 -0.05449342 0.9968941 0.6763273 -0.7056632 0.2112367 0.748364 -0.6586398 0.07838904 0.8259735 -0.5582613 0.07818055 0.7858496 -0.5812168 0.211252 0.8489093 -0.5226924 0.07839393 0.5582581 -0.8259549 0.07839906 0.5882683 -0.7953909 0.1459237 0.5783181 -0.7819373 0.2326419 0.5783181 -0.7819373 0.2326419 0.5496575 -0.7431856 0.3815124 0.5496575 -0.7431864 0.381511 0.5075068 -0.6861948 0.5211271 0.5075069 -0.6861961 0.5211254 0.452849 -0.6122936 0.648093 0.4528483 -0.6122897 0.6480969 0.3869791 -0.523229 0.7592619 0.3869796 -0.5232316 0.7592599 0.3115243 -0.421209 0.8517837 0.3115232 -0.4212044 0.8517864 0.2282467 -0.3086079 0.9233984 0.2282486 -0.3086156 0.9233953 0.1392903 -0.1883349 0.972177 0.1392907 -0.1883363 0.9721767 0.04683005 -0.06331932 0.996894 0.04682958 -0.06331741 0.9968941 0.410634 -0.9084246 0.07838654 0.445385 -0.8833675 0.1459245 0.4378523 -0.8684273 0.2326357 0.4378535 -0.8684248 0.2326428 0.4161532 -0.825385 0.3815182 0.4161527 -0.8253875 0.3815134 0.38424 -0.7620927 0.521128 0.3842399 -0.7620939 0.5211263 0.3428592 -0.6800202 0.6480895 0.3428592 -0.6800177 0.6480922 0.2929898 -0.581108 0.7592566 0.2929895 -0.5811007 0.7592624 0.2358576 -0.4677882 0.8517894 0.2358583 -0.4677985 0.8517836 0.1728091 -0.3427476 0.9233965 0.1728087 -0.3427423 0.9233985 0.1054596 -0.2091647 0.9721772 0.1054596 -0.2091652 0.972177 0.035456 -0.07032227 0.996894 0.035456 -0.07032269 0.996894 0.2511937 -0.9647585 0.07837533 0.2896902 -0.94593 0.1459318 0.2847897 -0.9299282 0.2326552 0.2847853 -0.929934 0.2326369 0.2706722 -0.8838489 0.381507 0.2706742 -0.883844 0.3815169 0.2499161 -0.8160617 0.5211385 0.2499142 -0.8160685 0.5211285 0.2230027 -0.728192 0.6480788 0.2230046 -0.7281817 0.6480897 0.1905663 -0.62226 0.7592608 0.1905655 -0.6222652 0.7592568 0.1534038 -0.5009185 0.851791 0.1534035 -0.5009212 0.8517895 0.1123996 -0.367028 0.9233941 0.1124003 -0.3670218 0.9233966 0.06859332 -0.2239784 0.9721773 0.06859332 -0.2239785 0.9721773 0.02306139 -0.07530266 0.996894 0.02306133 -0.07530295 0.996894 0.08454298 -0.9933316 0.07839012 0.1256564 -0.9812825 0.1459283 0.1235307 -0.9646825 0.2326539 0.1235307 -0.9646825 0.2326538 0.1174094 -0.91688 0.3815051 0.11741 -0.9168792 0.3815068 0.1084059 -0.8465648 0.5211295 0.1084088 -0.8465585 0.5211393 0.09673517 -0.7553999 0.6480843 0.09673309 -0.7554056 0.648078 0.08266079 -0.6455124 0.7592634 0.08266007 -0.6455147 0.7592617 0.06654173 -0.5196422 0.8517888 0.06654244 -0.5196399 0.8517902 0.04875576 -0.3807411 0.9233953 0.04875504 -0.3807437 0.9233944 0.02975291 -0.2323502 0.972177 0.0297532 -0.2323492 0.9721772 0.01000326 -0.07811772 0.996894 0.0100035 -0.07811683 0.996894 -0.04231572 -0.9960395 0.0781961 -0.08289039 -0.9739144 0.2112343 0 -0.9969229 0.07838904 -0.2511913 -0.9647567 0.07840472 -0.2084214 -0.9670912 0.1459284 -0.2048963 -0.9507347 0.2326393 -0.204898 -0.9507355 0.2326346 -0.1947434 -0.9036176 0.3815104 -0.1947433 -0.9036176 0.3815105 -0.1798083 -0.8343181 0.5211355 -0.1798091 -0.834319 0.5211338 -0.1604467 -0.7444771 0.6480824 -0.1604436 -0.7444732 0.6480876 -0.1371045 -0.6361781 0.7592626 -0.1371097 -0.636185 0.7592559 -0.1103732 -0.5121284 0.8517877 -0.1103721 -0.5121269 0.8517888 -0.08086937 -0.3752341 0.9233956 -0.08086925 -0.3752339 0.9233958 -0.04935097 -0.2289888 0.9721772 -0.04935032 -0.2289879 0.9721775 -0.01659178 -0.07698684 0.9968941 -0.01659244 -0.07698768 0.996894 -0.3717149 -0.925049 0.0781821 -0.4026044 -0.8906684 0.2112333 -0.3321236 -0.9399715 0.07840526 -0.5582516 -0.8259602 0.07839083 -0.5186946 -0.8424136 0.1459292 -0.5099205 -0.8281638 0.2326493 -0.5099231 -0.8281641 0.2326431 -0.4846551 -0.7871264 0.3814989 -0.484651 -0.787125 0.381507 -0.4474833 -0.7267608 0.521131 -0.4474804 -0.7267593 0.5211355 -0.3992922 -0.6484962 0.6480883 -0.3992978 -0.6484996 0.6480814 -0.3412122 -0.5541626 0.7592614 -0.3412079 -0.5541598 0.7592656 -0.2746759 -0.4461045 0.8517886 -0.2746822 -0.446109 0.8517842 -0.2012546 -0.3268557 0.923397 -0.2012541 -0.3268554 0.9233972 -0.122818 -0.1994679 0.9721771 -0.1228183 -0.1994681 0.972177 -0.04129266 -0.06706309 0.996894 -0.04129141 -0.06706225 0.9968941 -0.6898152 -0.7197286 0.07839399 -0.6536023 -0.7426339 0.1459415 -0.6425487 -0.7300746 0.2326421 -0.6425452 -0.7300749 0.2326508 -0.6107057 -0.6938981 0.3815022 -0.6107072 -0.6938984 0.3814994 -0.5638691 -0.6406799 0.5211344 -0.5638724 -0.6406809 0.5211295 -0.5031465 -0.5716832 0.648091 -0.5031486 -0.571684 0.6480888 -0.4299613 -0.4885277 0.7592588 -0.4299579 -0.4885262 0.7592617 -0.3461177 -0.3932654 0.8517892 -0.3461185 -0.3932657 0.8517887 -0.2535992 -0.2881439 0.9233961 -0.2535985 -0.2881435 0.9233966 -0.1547622 -0.1758439 0.9721767 -0.1547603 -0.1758429 0.9721772 -0.05203163 -0.05911976 0.996894 -0.05203229 -0.05912011 0.996894 -0.8015196 -0.5928063 0.07840329 -0.7697081 -0.6214933 0.1459302 -0.7566895 -0.6109817 0.2326424 -0.75669 -0.6109815 0.2326413 -0.7191926 -0.5807047 0.3815025 -0.7191922 -0.5807046 0.3815034 -0.6640371 -0.5361703 0.5211297 -0.664034 -0.5361698 0.521134 -0.5925243 -0.4784298 0.6480895 -0.5925227 -0.4784294 0.6480911 -0.5063346 -0.4088373 0.7592611 -0.5063383 -0.4088382 0.7592581 -0.4076059 -0.3291176 0.8517858 -0.4075991 -0.3291156 0.8517898 -0.2986463 -0.2411417 0.9233965 -0.2986472 -0.241142 0.9233961 -0.1822508 -0.147158 0.9721775 -0.1822545 -0.147159 0.9721767 -0.06127524 -0.0494759 0.996894 -0.06127464 -0.04947572 0.996894 -0.8901785 -0.4488191 0.07838159 -0.8636656 -0.4824796 0.1459285 -0.8490558 -0.4743179 0.2326515 -0.8490588 -0.4743166 0.2326436 -0.8069826 -0.4508112 0.3815078 -0.8069857 -0.4508107 0.381502 -0.745092 -0.4162347 0.5211396 -0.7450993 -0.4162344 0.5211294 -0.6648661 -0.3714138 0.6480778 -0.6648548 -0.3714134 0.6480895 -0.5681422 -0.317386 0.7592632 -0.5681441 -0.3173862 0.7592617 -0.4573585 -0.2554973 0.8517889 -0.4573639 -0.2554979 0.8517859 -0.3351029 -0.187199 0.9233973 -0.3351055 -0.1871993 0.9233963 -0.2045032 -0.1142412 0.9721766 -0.2044991 -0.1142408 0.9721775 -0.06875431 -0.03840869 0.996894 -0.0687552 -0.03840875 0.996894 -0.9532247 -0.2919202 0.07839268 -0.9327856 -0.3295702 0.1459262 -0.9170088 -0.323996 0.2326402 -0.9170051 -0.3239985 0.2326515 -0.8715632 -0.3079429 0.3815085 -0.8715634 -0.3079429 0.3815083 -0.8047222 -0.2843264 0.521134 -0.8047178 -0.2843273 0.5211402 -0.7180629 -0.25371 0.6480871 -0.7180725 -0.2537087 0.648077 -0.6136128 -0.2168011 0.7592605 -0.613609 -0.2168014 0.7592636 -0.4939578 -0.174526 0.8517901 -0.4939602 -0.1745259 0.8517886 -0.3619273 -0.1278761 0.9233939 -0.3619185 -0.1278765 0.9233973 -0.2208665 -0.07803869 0.9721769 -0.2208679 -0.07803863 0.9721766 -0.07425564 -0.02623647 0.9968941 -0.07425642 -0.02623641 0.996894 -0.9888487 -0.1266275 0.07838165 -0.9750657 -0.167194 0.145922 -0.9585697 -0.1643654 0.2326545 -0.9585744 -0.164361 0.2326384 -0.9110712 -0.1562159 0.3815046 -0.9110693 -0.156217 0.3815089 -0.8411999 -0.1442369 0.5211319 -0.8411989 -0.1442372 0.5211333 -0.7506185 -0.1287057 0.6480793 -0.7506096 -0.1287086 0.6480889 -0.6414225 -0.109986 0.759263 -0.6414262 -0.109985 0.75926 -0.5163468 -0.08853769 0.8517905 -0.5163478 -0.08853745 0.8517899 -0.378331 -0.0648719 0.9233945 -0.3783325 -0.06487154 0.9233939 -0.2308781 -0.03958797 0.972177 -0.2308781 -0.03958803 0.972177 -0.07762145 -0.01330953 0.9968941 -0.07762145 -0.01330947 0.9968941 -0.07847219 0.003332972 0.9969108 -0.07847177 0.003332614 0.9969108 -0.2334387 0.00991398 0.972321 -0.2334384 0.009913682 0.972321 -0.3826126 0.01624888 0.923766 -0.3826214 0.01625698 0.9237621 -0.5223917 0.02219557 0.8524167 -0.522383 0.02218741 0.8524223 -0.6491841 0.0275731 0.7601314 -0.6491822 0.02757126 0.7601331 -0.7600114 0.03227829 0.6491076 -0.76002 0.03228789 0.6490971 -0.8520788 0.03619885 0.5221604 -0.8520795 0.03619986 0.522159 -0.9231711 0.03922015 0.3823834 -0.9231693 0.03921699 0.3823878 -0.9715436 0.04127198 0.233237 -0.9715408 0.0412631 0.2332507 -0.9960248 0.04230296 0.07839125 -0.9960253 0.04230874 0.07838201 -0.7450981 0.4162418 0.5211254 -0.8069819 0.4508126 0.3815079 -0.8715633 0.3079429 0.3815083 -0.9170094 0.324 0.2326324 -0.9585743 0.1643669 0.2326347 -0.9825983 0.1684862 0.07818496 -0.9554986 0.2059237 0.2112292 -0.8069831 0.4508154 0.3815022 -0.8490565 0.4743195 0.2326459 -0.9170076 0.3239942 0.2326476 -0.9399942 0.3321158 0.07816606 -0.906944 0.3644468 0.2112607 -0.6898157 0.7197291 0.07838529 -0.7756559 0.6262959 0.07817488 -0.7566883 0.6109807 0.2326485 -0.7566885 0.6109772 0.232657 -0.7191937 0.5807027 0.3815032 -0.7191938 0.5807031 0.3815026 -0.6640365 0.536167 0.521134 -0.6640387 0.5361737 0.5211241 -0.5925261 0.4784313 0.6480866 -0.592525 0.4784287 0.6480895 -0.5063353 0.4088357 0.7592613 -0.5063336 0.4088321 0.7592645 -0.4076046 0.3291147 0.8517875 -0.407606 0.3291174 0.8517858 -0.2986464 0.241139 0.9233972 -0.2986486 0.2411431 0.9233953 -0.1822548 0.1471613 0.9721763 -0.182253 0.1471579 0.9721772 -0.06127393 0.04947483 0.9968941 -0.06127417 0.04947537 0.996894 -0.7337356 0.6457653 0.2112326 -0.80152 0.5928067 0.07839608 -0.8703395 0.4862056 0.0781871 -0.8323167 0.5124759 0.2112282 -0.8901804 0.4488162 0.07837617 -0.6262813 0.7756459 0.07839041 -0.6536006 0.7426363 0.1459371 -0.6425466 0.7300764 0.232642 -0.6425473 0.7300731 0.2326506 -0.6107043 0.6938924 0.3815149 -0.6107045 0.6938993 0.3815021 -0.5638718 0.6406867 0.5211231 -0.5638704 0.6406786 0.5211344 -0.5031478 0.5716845 0.6480888 -0.5031485 0.5716875 0.6480857 -0.4299545 0.488523 0.7592656 -0.4299557 0.4885269 0.7592625 -0.3461222 0.3932731 0.8517838 -0.3461207 0.3932683 0.8517867 -0.2535966 0.2881408 0.9233978 -0.2535969 0.2881417 0.9233976 -0.1547623 0.175844 0.9721767 -0.154763 0.175846 0.9721762 -0.05203109 0.05911922 0.996894 -0.05203086 0.0591185 0.9968941 -0.4861999 0.8703242 0.0783925 -0.5186977 0.8424125 0.1459241 -0.5099228 0.8281615 0.2326529 -0.5099208 0.8281664 0.2326395 -0.4846508 0.7871252 0.381507 -0.4846515 0.7871201 0.3815166 -0.4474843 0.7267571 0.5211353 -0.4474843 0.7267656 0.5211233 -0.3992979 0.6485054 0.6480755 -0.3992969 0.6484929 0.6480886 -0.3412091 0.5541532 0.7592697 -0.3412098 0.5541583 0.7592658 -0.2746788 0.4461055 0.8517871 -0.27468 0.4461131 0.8517829 -0.2012555 0.3268629 0.9233942 -0.2012537 0.3268518 0.9233985 -0.1228178 0.1994657 0.9721776 -0.1228185 0.1994705 0.9721765 -0.04129207 0.06706279 0.996894 -0.04129195 0.06706166 0.996894 -0.3321107 0.9399771 0.07839393 -0.3688614 0.9179571 0.1459317 -0.362622 0.9024295 0.2326508 -0.3626227 0.9024282 0.2326543 -0.344656 0.857716 0.3814908 -0.3446584 0.8577088 0.3815052 -0.3182214 0.7919184 0.5211529 -0.3182194 0.7919301 0.5211364 -0.2839574 0.7066647 0.6480689 -0.283958 0.7066586 0.6480754 -0.2426463 0.6038504 0.7592677 -0.2426465 0.6038476 0.7592699 -0.1953349 0.4861087 0.8517879 -0.195335 0.4861096 0.8517875 -0.143121 0.3561703 0.9233953 -0.143121 0.3561742 0.9233939 -0.08734047 0.2173575 0.9721766 -0.08734053 0.2173534 0.9721776 -0.02936428 0.07307523 0.9968941 -0.02936422 0.07307672 0.996894 -0.2100355 0.9745635 0.07817232 -0.1651792 0.9633721 0.2112583 -0.2512055 0.9647541 0.0783931 0 0.9969238 0.07837694 -0.04198771 0.9884057 0.1459158 -0.0412774 0.9716855 0.2326446 -0.04127806 0.9716849 0.2326467 -0.03923243 0.9235301 0.3815139 -0.0392279 0.9235361 0.3815 -0.03621923 0.8527029 0.521139 -0.03621733 0.8527064 0.5211336 -0.03231722 0.7608827 0.6480842 -0.03231883 0.7608792 0.6480882 -0.02761781 0.650203 0.7592585 -0.02761864 0.6502009 0.7592602 -0.02223306 0.5234133 0.8517889 -0.02223503 0.5234079 0.851792 -0.01629191 0.383508 0.9233939 -0.01629376 0.3835029 0.9233959 -0.009943306 0.2340341 0.9721775 -0.009941101 0.2340399 0.9721761 -0.003342211 0.07868468 0.996894 -0.00334233 0.07868432 0.996894 0.4106336 0.9084239 0.07839751 0.2919286 0.9532389 0.07818681 0.2847909 0.9299323 0.232637 0.2847799 0.9299284 0.2326663 0.2706677 0.8838461 0.3815166 0.2706766 0.8838519 0.381497 0.2499178 0.8160673 0.5211287 0.2499124 0.8160626 0.5211386 0.2230001 0.7281833 0.6480895 0.2230074 0.7281908 0.6480786 0.1905659 0.6222589 0.7592617 0.1905711 0.6222648 0.7592557 0.15341 0.5009242 0.8517865 0.1534012 0.5009138 0.8517943 0.1123992 0.3670266 0.9233947 0.1123973 0.3670244 0.9233959 0.06859052 0.2239768 0.9721779 0.068596 0.2239832 0.972176 0.02306181 0.07530277 0.996894 0.02306169 0.0753026 0.9968941 0.3256177 0.9216073 0.2112182 0.2512075 0.9647541 0.07838696 0.1266273 0.9888648 0.07817769 0.1651806 0.9633803 0.2112196 0.08454304 0.9933325 0.07837808 0.486193 0.8703266 0.07840931 0.445387 0.8833639 0.1459403 0.4378545 0.8684243 0.2326429 0.4378573 0.8684248 0.2326356 0.4161603 0.8253921 0.3814949 0.4161489 0.8253871 0.3815184 0.3842357 0.7620907 0.5211341 0.3842394 0.762093 0.5211281 0.3428582 0.6800183 0.6480922 0.3428602 0.6800198 0.6480895 0.2929893 0.581107 0.7592575 0.2929855 0.5811039 0.7592613 0.2358561 0.4677942 0.8517866 0.2358561 0.4677941 0.8517866 0.172807 0.3427434 0.9233984 0.1728143 0.3427497 0.9233948 0.1054607 0.2091646 0.972177 0.1054583 0.2091625 0.9721778 0.03545576 0.07032179 0.996894 0.03545624 0.07032215 0.996894 0.626281 0.7756455 0.07839769 0.5882655 0.7953921 0.1459285 0.5783144 0.7819373 0.2326511 0.5783181 0.7819373 0.2326419 0.5496579 0.7431861 0.381511 0.5496659 0.743188 0.3814956 0.5075117 0.6861925 0.5211256 0.507506 0.6861902 0.5211341 0.4528546 0.6122971 0.6480855 0.4528483 0.612294 0.648093 0.386976 0.5232283 0.7592639 0.3869829 0.5232322 0.7592577 0.3115258 0.421208 0.8517838 0.3115217 0.4212056 0.8517865 0.2282457 0.308609 0.9233983 0.2282454 0.3086087 0.9233984 0.1392918 0.1883353 0.9721767 0.1392907 0.1883347 0.972177 0.0468297 0.06331837 0.9968941 0.04682993 0.06331849 0.9968941 0.7197465 0.6898212 0.07817769 0.7337336 0.6457635 0.2112453 0.6898113 0.719732 0.07839769 0.8489097 0.5226926 0.07838761 0.8196387 0.5539823 0.1459317 0.8057751 0.5446119 0.2326466 0.8057754 0.5446118 0.2326456 0.7658448 0.5176234 0.3815072 0.765849 0.517623 0.3814995 0.7071149 0.4779257 0.5211293 0.7071059 0.4779253 0.5211417 0.6309553 0.426456 0.6480977 0.6309655 0.4264572 0.6480871 0.5391909 0.3644286 0.7592529 0.5391835 0.3644273 0.7592587 0.4340459 0.2933662 0.8517866 0.4340416 0.2933654 0.8517892 0.3180146 0.2149436 0.9233992 0.3180243 0.2149456 0.9233953 0.1940782 0.1311731 0.9721766 0.1940751 0.1311725 0.9721773 0.06524896 0.04410082 0.996894 0.06524932 0.04410088 0.996894 0.9084405 0.4106382 0.07818049 0.906952 0.3644427 0.2112334 0.8901796 0.4488159 0.07838749 0.9745475 0.210029 0.0783897 0.9573728 0.2492815 0.1459316 0.9411799 0.2450652 0.2326443 0.941181 0.2450644 0.2326412 0.8945383 0.2329196 0.3815097 0.8945364 0.2329205 0.3815135 0.8259344 0.2150579 0.5211357 0.8259389 0.2150564 0.5211292 0.7369943 0.1918972 0.6480856 0.7369957 0.1918969 0.648084 0.6297927 0.1639837 0.7592566 0.6297844 0.1639851 0.7592631 0.5069817 0.1320094 0.8517882 0.5069814 0.1320095 0.8517884 0.3714607 0.09672212 0.9233968 0.3714629 0.09672182 0.923396 0.2266906 0.05902588 0.9721766 0.2266904 0.05902594 0.9721766 0.07621341 0.01984453 0.9968941 0.07621312 0.01984459 0.9968941 0.07847112 0.006678521 0.9968941 0.07846993 0.006678879 0.9968941 0.233405 0.0198661 0.9721767 0.2334041 0.0198664 0.9721768 0.3824632 0.03255379 0.9233971 0.3824689 0.03255194 0.9233947 0.5219992 0.04442739 0.8517881 0.5219991 0.04442745 0.8517882 0.6484479 0.05518949 0.7592558 0.6484411 0.05519199 0.7592616 0.758823 0.06458711 0.6480866 0.758826 0.06458586 0.648083 0.8503994 0.07237994 0.5211354 0.8504012 0.07237893 0.5211324 0.9210351 0.07839065 0.3815093 0.9210345 0.07839107 0.3815105 0.9690584 0.08247846 0.2326437 0.9690593 0.08247756 0.2326406 0.993348 0.08454477 0.07817888 0.9933466 0.08454895 0.07819259 0.9532235 0.2919176 0.07841676 0.8901789 0.4488155 0.07839834 0.8015242 0.5928024 0.07838582 0.6898071 0.7197351 0.07840681 0.5582588 0.8259561 0.07838225 0.4106327 0.9084219 0.07842451 0.2512088 0.9647516 0.07841342 0.08454239 0.9933325 0.07837909 -0.08454257 0.993334 0.07835865 -0.2512093 0.9647538 0.07838398 -0.4106335 0.9084234 0.07840269 -0.5582518 0.8259606 0.07838433 -0.6898074 0.7197354 0.07840275 -0.8015251 0.592803 0.078372 -0.8901729 0.4488274 0.07839763 -0.9532279 0.2919189 0.07835805 -0.9888477 0.1266264 0.07839518 -0.9745488 -0.2100351 0.07835787 -0.9250364 -0.3716962 0.07841914 -0.8489131 -0.5226873 0.07838684 -0.7483642 -0.65864 0.07838547 -0.6262843 -0.775642 0.07840555 -0.4861938 -0.8703265 0.07840436 -0.3321171 -0.9399757 0.07838183 -0.1684879 -0.9825823 0.0783829 0 -0.9969219 0.07840108 0.1684878 -0.9825817 0.07839 0.332122 -0.9399743 0.07837879 0.4861883 -0.8703317 0.07838231 0.6262851 -0.7756431 0.07839012 0.7483636 -0.6586394 0.0783981 0.8489058 -0.5226976 0.07839792 0.925032 -0.3717094 0.07840871 0.9745448 -0.2100343 0.0784108 -0.07846981 -0.003333389 0.996911 -0.07846933 -0.003333568 0.996911 -0.2334639 -0.009918153 0.972315 -0.2334644 -0.009917974 0.9723148 -0.3826054 -0.01625376 0.9237689 -0.3825961 -0.01625674 0.9237727 -0.5223416 -0.02219462 0.8524475 -0.5223673 -0.0221858 0.8524319 -0.649222 -0.02757352 0.7600989 -0.649206 -0.0275796 0.7601124 -0.7600026 -0.03228646 0.6491175 -0.7600053 -0.03228527 0.6491145 -0.8520807 -0.0361967 0.5221574 -0.8520966 -0.03618794 0.522132 -0.923178 -0.03920674 0.3823677 -0.9231669 -0.03921508 0.3823938 -0.9715423 -0.04127001 0.2332434 -0.9715337 -0.04128032 0.2332769 -0.9960237 -0.0423209 0.07839465 -0.9960273 -0.0423088 0.07835501 0.07847183 -0.006679117 0.996894 0.07847195 -0.006679117 0.996894 0.2334298 -0.01986843 0.9721707 0.2334225 -0.0198664 0.9721726 0.3824439 -0.03254956 0.9234053 0.3824551 -0.03255265 0.9234005 0.5219584 -0.0444265 0.8518131 0.5219534 -0.04442507 0.8518163 0.6484631 -0.05519264 0.7592427 0.6484632 -0.0551927 0.7592425 0.758838 -0.06458705 0.648069 0.7588357 -0.06458628 0.6480718 0.8503971 -0.07237929 0.5211392 0.8504053 -0.0723825 0.5211254 0.9210343 -0.07839411 0.3815104 0.9210309 -0.07839244 0.3815188 0.9690605 -0.08248043 0.2326346 0.9690597 -0.08247983 0.2326377 0.9933468 -0.08454698 0.07819265 0.9933461 -0.08454549 0.07820188 0.07621431 -0.01984453 0.996894 0.07621371 -0.01984423 0.996894 0.2267072 -0.05902922 0.9721725 0.2267103 -0.05903065 0.9721717 0.371452 -0.09671837 0.9234008 0.3714482 -0.09671658 0.9234026 0.5069392 -0.1319953 0.8518157 0.5069512 -0.1320012 0.8518075 0.6298065 -0.1639905 0.7592437 0.6298191 -0.1639968 0.7592318 0.7370056 -0.1919068 0.6480699 0.7369868 -0.1918966 0.6480942 0.8259398 -0.2150582 0.5211271 0.8259339 -0.2150547 0.5211378 0.8945358 -0.2329171 0.3815172 0.8945425 -0.232922 0.3814986 0.9411811 -0.2450659 0.2326386 0.9411808 -0.2450654 0.2326408 0.9457995 -0.246268 0.2116962 0.9532234 -0.2919198 0.07840967 0.8901773 -0.4488185 0.07839834 0.890576 -0.4025646 0.2116978 0.8862293 -0.4005998 0.2326312 0.8862285 -0.4005984 0.2326372 0.8423019 -0.3807424 0.381527 0.8423095 -0.3807505 0.3815018 0.777714 -0.3515513 0.5211263 0.7777077 -0.3515458 0.5211394 0.6939733 -0.3136955 0.6480711 0.6939592 -0.3136844 0.6480917 0.5930355 -0.2680647 0.7592433 0.5930453 -0.268072 0.759233 0.477342 -0.215771 0.8518142 0.4773532 -0.215779 0.8518061 0.3497546 -0.1581003 0.9234046 0.3497568 -0.1581019 0.9234035 0.2134799 -0.09650009 0.9721698 0.2134733 -0.09649556 0.9721716 0.07176166 -0.03243815 0.9968942 0.07176369 -0.03243958 0.996894 0.06524741 -0.04409927 0.9968942 0.06524997 -0.04410177 0.9968938 0.1941002 -0.1311904 0.9721698 0.1940962 -0.1311866 0.9721711 0.3180054 -0.2149348 0.9234043 0.3179957 -0.2149252 0.9234099 0.4340103 -0.2933366 0.851815 0.4340142 -0.2933405 0.8518116 0.539201 -0.3644339 0.7592431 0.5392116 -0.364445 0.7592303 0.630976 -0.4264671 0.6480703 0.6309628 -0.4264525 0.6480928 0.7071183 -0.4779241 0.521126 0.7071234 -0.4779303 0.5211135 0.765841 -0.5176163 0.3815244 0.7658421 -0.5176181 0.3815197 0.8057789 -0.5446106 0.2326365 0.8057808 -0.5446152 0.2326191 0.8097329 -0.5472864 0.2116844 0.8015233 -0.5928017 0.07840019 0.05685865 -0.05449473 0.996894 0.0568577 -0.05449336 0.996894 0.1691342 -0.162101 0.9721712 0.1691334 -0.1621 0.9721715 0.2770995 -0.2655763 0.9234095 0.2771051 -0.2655841 0.9234055 0.3781935 -0.3624696 0.851813 0.3782004 -0.3624792 0.8518059 0.4698629 -0.4503315 0.7592302 0.4698542 -0.4503187 0.7592431 0.5498144 -0.5269543 0.648092 0.5498192 -0.5269619 0.6480818 0.6161789 -0.5905629 0.5211132 0.6161728 -0.590552 0.5211328 0.6673483 -0.6395996 0.3815212 0.6673541 -0.6396124 0.3814899 0.7021484 -0.6729604 0.23262 0.7021462 -0.6729507 0.2326545 0.7055943 -0.6762554 0.2116963 0.6898081 -0.719736 0.07838934 0.04683047 -0.06331896 0.996894 0.04683065 -0.06331938 0.996894 0.1393045 -0.1883525 0.9721716 0.1393041 -0.1883515 0.9721719 0.228235 -0.3085941 0.923406 0.2282338 -0.3085916 0.923407 0.3115041 -0.4211801 0.8518055 0.311505 -0.421182 0.8518042 0.3869919 -0.523247 0.7592429 0.3869904 -0.5232437 0.7592459 0.4528565 -0.6123002 0.6480814 0.4528569 -0.6123011 0.6480803 0.5075054 -0.6861906 0.5211342 0.5075055 -0.6861907 0.5211338 0.5496643 -0.743193 0.3814882 0.5496655 -0.7431978 0.3814773 0.5783153 -0.7819349 0.2326568 0.5783149 -0.7819265 0.2326863 0.5811635 -0.7857779 0.2116652 0.5582589 -0.8259561 0.07838225 0.03545606 -0.07032269 0.996894 0.03545606 -0.07032269 0.996894 0.1054691 -0.2091848 0.9721717 0.1054697 -0.2091867 0.9721713 0.172798 -0.3427246 0.9234071 0.1727982 -0.3427254 0.9234067 0.2358427 -0.4677668 0.8518053 0.2358407 -0.4677596 0.8518099 0.2929973 -0.5811223 0.7592427 0.2929996 -0.5811314 0.7592349 0.3428611 -0.680026 0.6480825 0.3428635 -0.680036 0.6480707 0.3842352 -0.7620929 0.5211312 0.3842363 -0.7620991 0.5211214 0.4161527 -0.8254027 0.3814806 0.4161514 -0.8253859 0.3815183 0.4378472 -0.8684169 0.2326844 0.4378464 -0.8684232 0.2326619 0.4400003 -0.8726952 0.2116667 0.4106342 -0.908425 0.07838052 0.2511952 -0.9647569 0.07839012 0.286184 -0.9344949 0.2117025 0.2847859 -0.9299298 0.232653 0.2847869 -0.9299267 0.2326645 0.270677 -0.8838531 0.381494 0.2706779 -0.8838429 0.381517 0.2499215 -0.816067 0.5211276 0.2499215 -0.8160714 0.5211206 0.2230085 -0.7281923 0.6480766 0.2230088 -0.7281962 0.6480721 0.1905754 -0.6222907 0.7592333 0.1905751 -0.6222873 0.7592362 0.1533939 -0.5008792 0.8518159 0.1533951 -0.5008904 0.851809 0.1123931 -0.367004 0.9234045 0.1123924 -0.3669981 0.9234068 0.06859922 -0.223999 0.9721722 0.06859964 -0.2240027 0.9721712 0.02306187 -0.07530528 0.9968938 0.02306157 -0.07530319 0.996894 0.0100032 -0.07811921 0.9968938 0.01000338 -0.07811599 0.9968941 0.02975702 -0.2323712 0.9721719 0.02975678 -0.2323758 0.9721708 0.04875278 -0.3807186 0.9234049 0.04875254 -0.3807231 0.923403 0.06653606 -0.5195996 0.8518153 0.06653553 -0.5196079 0.8518102 0.0826621 -0.6455481 0.759233 0.08266329 -0.6455336 0.7592451 0.09673297 -0.7554064 0.6480771 0.09673333 -0.7554032 0.6480808 0.1084072 -0.8465655 0.5211284 0.1084052 -0.846577 0.5211101 0.1174082 -0.9168843 0.3814951 0.1174104 -0.9168762 0.381514 0.1235323 -0.9646834 0.2326494 0.1235325 -0.964683 0.2326508 0.1241387 -0.9694172 0.2117071 0.08454227 -0.9933305 0.07840317 -0.003342628 -0.07868272 0.9968941 -0.003342568 -0.07868242 0.9968941 -0.009943425 -0.2340626 0.9721706 -0.009942173 -0.234057 0.9721721 -0.01628959 -0.3834877 0.9234023 -0.01628851 -0.383483 0.9234043 -0.02223062 -0.5233776 0.8518108 -0.02223217 -0.5233842 0.8518068 -0.02761983 -0.6502193 0.7592444 -0.02761918 -0.6502167 0.7592467 -0.0323199 -0.7608817 0.6480853 -0.03232246 -0.7608904 0.6480748 -0.03622335 -0.8527203 0.5211104 -0.03622072 -0.8527127 0.5211229 -0.03922885 -0.9235301 0.3815145 -0.03923177 -0.9235364 0.3814988 -0.04127711 -0.9716843 0.2326491 -0.04127258 -0.9716783 0.2326756 -0.04147559 -0.976458 0.2116826 -0.08454239 -0.9933322 0.07838273 -0.2511953 -0.9647574 0.07838398 -0.205906 -0.9554079 0.2116568 -0.2048968 -0.950725 0.2326785 -0.2048972 -0.9507254 0.2326762 -0.1947445 -0.9036164 0.3815127 -0.1947493 -0.9036235 0.3814937 -0.179816 -0.834334 0.5211075 -0.1798112 -0.8343253 0.5211229 -0.1604476 -0.7444781 0.648081 -0.1604492 -0.7444815 0.6480766 -0.1371122 -0.6361978 0.7592448 -0.1371105 -0.6361942 0.7592481 -0.1103651 -0.5120952 0.8518087 -0.110367 -0.5120997 0.8518058 -0.0808655 -0.3752136 0.9234043 -0.08086621 -0.3752152 0.9234036 -0.04935592 -0.2290092 0.9721722 -0.04935568 -0.2290086 0.9721724 -0.01659214 -0.0769869 0.996894 -0.01659178 -0.07698607 0.9968941 -0.02936387 -0.07307571 0.996894 -0.02936446 -0.0730766 0.996894 -0.08734804 -0.2173749 0.972172 -0.08734822 -0.2173752 0.972172 -0.1431128 -0.3561512 0.9234041 -0.1431173 -0.3561583 0.9234006 -0.1953235 -0.4860774 0.8518083 -0.1953128 -0.4860609 0.8518203 -0.2426539 -0.6038751 0.7592457 -0.2426614 -0.6038863 0.7592343 -0.2839574 -0.7066552 0.6480791 -0.2839553 -0.7066524 0.6480831 -0.3182284 -0.7919443 0.5211093 -0.3182284 -0.7919444 0.5211092 -0.3446539 -0.8577068 0.381514 -0.3446494 -0.8577022 0.3815281 -0.3626197 -0.9024235 0.2326775 -0.362631 -0.9024312 0.23263 -0.3644106 -0.9068599 0.2116836 -0.4106335 -0.9084234 0.07840269 -0.5582509 -0.8259593 0.07840436 -0.512424 -0.8322291 0.2116987 -0.5099196 -0.8281618 0.2326586 -0.5099279 -0.8281657 0.2326266 -0.484659 -0.7871267 0.3814936 -0.4846457 -0.787117 0.3815302 -0.447489 -0.7267705 0.5211126 -0.4474905 -0.7267718 0.5211095 -0.3992937 -0.6484952 0.6480884 -0.399299 -0.6485003 0.6480801 -0.3412247 -0.5541821 0.7592418 -0.3412309 -0.5541886 0.7592342 -0.2746653 -0.4460802 0.8518049 -0.2746462 -0.4460595 0.8518217 -0.2012389 -0.326837 0.923407 -0.2012504 -0.3268498 0.9233999 -0.1228328 -0.199492 0.9721703 -0.1228278 -0.1994864 0.972172 -0.04129064 -0.06706076 0.9968942 -0.04129236 -0.06706267 0.996894 -0.6898083 -0.7197363 0.07838523 -0.6456977 -0.733663 0.2116909 -0.6425377 -0.7300725 0.2326787 -0.6425437 -0.7300741 0.2326573 -0.6107048 -0.6938979 0.381504 -0.6107094 -0.6939002 0.3814925 -0.5638689 -0.6406792 0.5211352 -0.5638816 -0.640687 0.5211119 -0.5031651 -0.5717004 0.6480614 -0.5031452 -0.5716866 0.6480889 -0.4299638 -0.488536 0.7592521 -0.4299739 -0.4885435 0.7592415 -0.3461015 -0.3932463 0.8518047 -0.3461004 -0.3932454 0.8518055 -0.2535838 -0.2881264 0.9234058 -0.2535825 -0.2881254 0.9234066 -0.1547785 -0.1758623 0.9721708 -0.1547803 -0.1758638 0.9721703 -0.05203026 -0.05911755 0.9968942 -0.0520302 -0.05911755 0.9968942 -0.8015242 -0.5928024 0.07838642 -0.7604059 -0.6139825 0.21168 -0.7566884 -0.6109809 0.2326479 -0.7566789 -0.61098 0.2326809 -0.7191851 -0.5807055 0.3815153 -0.7191914 -0.5807075 0.3815003 -0.6640369 -0.5361732 0.521127 -0.6640309 -0.5361708 0.5211371 -0.5925228 -0.4784317 0.6480895 -0.5925453 -0.4784421 0.6480612 -0.5063725 -0.4088631 0.7592219 -0.5063387 -0.408846 0.7592536 -0.4075605 -0.329087 0.8518194 -0.4075843 -0.3290996 0.8518031 -0.2986361 -0.2411305 0.9234027 -0.2986282 -0.2411262 0.9234064 -0.1822658 -0.1471699 0.9721729 -0.1822748 -0.1471748 0.9721705 -0.06127476 -0.04947531 0.996894 -0.06127226 -0.04947394 0.9968942 -0.8901698 -0.4488296 0.07841938 -0.8532348 -0.4766429 0.2116647 -0.8490619 -0.4743118 0.2326415 -0.8490598 -0.474312 0.232649 -0.8069843 -0.4508073 0.3815089 -0.8069829 -0.4508071 0.3815121 -0.7450991 -0.4162368 0.5211278 -0.7450979 -0.4162365 0.5211299 -0.6648742 -0.3714209 0.6480653 -0.6648537 -0.3714153 0.6480897 -0.5681515 -0.3173934 0.7592532 -0.5681878 -0.3174045 0.7592213 -0.4573341 -0.2554788 0.8518075 -0.457315 -0.2554726 0.8518198 -0.3350876 -0.1871919 0.9234043 -0.3350917 -0.1871933 0.9234026 -0.2045196 -0.1142514 0.972172 -0.2045159 -0.1142502 0.9721729 -0.06875431 -0.03840869 0.996894 -0.06875425 -0.03840869 0.996894 -0.07425636 -0.02623653 0.996894 -0.07425767 -0.02623677 0.9968939 -0.2208869 -0.07804387 0.9721719 -0.2208898 -0.07804429 0.9721712 -0.3619043 -0.1278673 0.9234042 -0.3618971 -0.1278662 0.9234071 -0.4939299 -0.1745163 0.8518083 -0.4939277 -0.1745159 0.8518096 -0.6136208 -0.2168062 0.7592527 -0.6136398 -0.2168086 0.7592366 -0.718084 -0.2537105 0.6480636 -0.7180536 -0.2537075 0.6480984 -0.8047224 -0.2843298 0.5211319 -0.8047438 -0.2843309 0.5210983 -0.8715655 -0.3079402 0.3815054 -0.8715626 -0.3079403 0.381512 -0.9170079 -0.323997 0.2326422 -0.9170001 -0.3239991 0.2326704 -0.921513 -0.3255936 0.2116665 -0.9532272 -0.291921 0.07835805 -0.07762402 -0.01330959 0.996894 -0.07761937 -0.01330965 0.9968942 -0.2309009 -0.03959333 0.9721714 -0.2309035 -0.03959327 0.9721708 -0.3783017 -0.06486785 0.9234068 -0.3783148 -0.06486767 0.9234013 -0.5163152 -0.08852994 0.8518105 -0.5163077 -0.08853012 0.851815 -0.6414541 -0.1099887 0.7592359 -0.6414613 -0.1099884 0.7592298 -0.7506028 -0.1287024 0.6480981 -0.750602 -0.1287024 0.648099 -0.8412213 -0.1442405 0.5210962 -0.8412003 -0.1442432 0.5211297 -0.9110673 -0.1562235 0.3815109 -0.9110775 -0.1562212 0.3814875 -0.9585651 -0.1643639 0.2326741 -0.9585734 -0.1643602 0.232643 -0.9632819 -0.1651676 0.2116779 -0.9888477 -0.1266273 0.07839518 -0.07846933 0.003333389 0.9969109 -0.07846975 0.003333568 0.996911 -0.2334644 0.009918153 0.9723148 -0.2334639 0.009917914 0.9723148 -0.3825961 0.01625335 0.9237727 -0.3826054 0.01625728 0.9237688 -0.5223672 0.02219593 0.8524317 -0.5223419 0.02218472 0.8524476 -0.6492061 0.02757281 0.7601126 -0.6492215 0.02758026 0.7600992 -0.7600052 0.03228658 0.6491144 -0.7600021 0.03228491 0.6491181 -0.8520963 0.03619706 0.5221319 -0.8520817 0.03618735 0.5221564 -0.9231672 0.03920632 0.3823939 -0.923178 0.03921586 0.382367 -0.9715341 0.04126995 0.233277 -0.9715415 0.04128068 0.2332444 -0.9960269 0.04232102 0.07835501 -0.9960242 0.04230868 0.07839459 -0.9745485 0.2100367 0.07835787 -0.9632812 0.1651675 0.2116817 -0.9585651 0.1643588 0.232678 -0.9585716 0.164365 0.2326468 -0.9110695 0.1562198 0.3815072 -0.9110783 0.1562254 0.3814839 -0.8412202 0.1442466 0.5210965 -0.8412029 0.1442379 0.5211268 -0.7506048 0.1287034 0.6480957 -0.7506 0.1287014 0.6481014 -0.6414545 0.1099868 0.7592357 -0.6414613 0.1099895 0.7592298 -0.5163132 0.08853071 0.8518116 -0.5163061 0.08852797 0.8518162 -0.3783038 0.06486552 0.923406 -0.378316 0.06487005 0.9234007 -0.2309001 0.03959256 0.9721716 -0.2309035 0.03959375 0.9721708 -0.07762414 0.01331043 0.9968939 -0.07761913 0.01330864 0.9968942 -0.9250357 0.3717018 0.07840114 -0.9215126 0.3255922 0.2116702 -0.917005 0.3239995 0.2326501 -0.9170002 0.323993 0.2326782 -0.8715683 0.3079411 0.3814983 -0.871566 0.3079391 0.3815051 -0.8047181 0.2843207 0.5211434 -0.8047416 0.2843378 0.5210979 -0.7180809 0.2537182 0.648064 -0.718059 0.2537037 0.6480939 -0.6136254 0.2168053 0.7592491 -0.6136384 0.2168134 0.7592363 -0.4939296 0.1745173 0.8518083 -0.4939244 0.1745143 0.8518119 -0.3619037 0.1278685 0.9234043 -0.3619 0.1278664 0.923406 -0.220887 0.07804369 0.9721719 -0.2208878 0.07804417 0.9721717 -0.07425582 0.02623611 0.996894 -0.07425814 0.02623742 0.9968938 -0.0687536 0.0384081 0.9968941 -0.06875354 0.03840804 0.9968941 -0.2045196 0.1142516 0.972172 -0.2045187 0.1142509 0.9721722 -0.3350879 0.1871912 0.9234043 -0.335088 0.1871913 0.9234043 -0.4573329 0.2554813 0.8518074 -0.4573217 0.2554718 0.8518163 -0.5681602 0.3173891 0.7592484 -0.5681886 0.3174141 0.7592167 -0.6648719 0.3714255 0.6480652 -0.6648564 0.3714109 0.6480895 -0.7450897 0.4162319 0.5211452 -0.7450926 0.416235 0.5211386 -0.8069869 0.4508113 0.3814987 -0.8069832 0.4508066 0.3815121 -0.8490591 0.4743115 0.2326527 -0.849058 0.4743096 0.2326602 -0.8532369 0.476644 0.2116536 -0.848914 0.5226878 0.0783742 -0.06127351 0.04947495 0.9968941 -0.06127172 0.0494728 0.9968943 -0.1822695 0.1471706 0.9721721 -0.1822763 0.1471783 0.9721696 -0.2986309 0.2411285 0.9234048 -0.2986286 0.2411258 0.9234063 -0.407568 0.3290882 0.8518153 -0.4075852 0.3291087 0.8517991 -0.5063727 0.4088756 0.7592149 -0.506344 0.4088401 0.7592533 -0.5925264 0.4784269 0.6480896 -0.592532 0.4784343 0.648079 -0.664033 0.5361671 0.5211383 -0.6640335 0.5361678 0.521137 -0.7191879 0.5807018 0.3815156 -0.7191941 0.5807128 0.3814873 -0.7566824 0.6109828 0.2326624 -0.756682 0.6109817 0.2326664 -0.760403 0.6139861 0.2116799 -0.7483633 0.6586392 0.07840144 -0.05202907 0.05911672 0.9968942 -0.05202907 0.0591166 0.9968943 -0.154781 0.1758658 0.9721698 -0.15478 0.1758641 0.9721703 -0.2535836 0.2881267 0.9234058 -0.2535828 0.2881252 0.9234066 -0.3461067 0.3932526 0.8517996 -0.3461018 0.3932443 0.8518055 -0.4299672 0.4885329 0.7592522 -0.4299778 0.488552 0.7592339 -0.503149 0.571691 0.6480821 -0.5031421 0.5716776 0.6480994 -0.5638703 0.6406779 0.5211355 -0.5638765 0.6406914 0.5211122 -0.6107086 0.6939033 0.3814883 -0.6107079 0.6939015 0.3814926 -0.642543 0.7300733 0.2326617 -0.6425426 0.7300697 0.2326745 -0.6457019 0.7336593 0.2116909 -0.6262852 0.7756432 0.07838678 -0.4861995 0.8703235 0.07840442 -0.5124262 0.8322327 0.2116793 -0.5099187 0.8281603 0.2326658 -0.5099188 0.8281568 0.2326782 -0.4846523 0.7871216 0.3815124 -0.4846537 0.7871299 0.3814934 -0.4474852 0.7267643 0.5211246 -0.4474871 0.7267717 0.5211125 -0.3993006 0.6485111 0.6480682 -0.3992919 0.6484841 0.6481007 -0.3412312 0.5541884 0.7592341 -0.3412317 0.5541897 0.7592331 -0.2746558 0.4460649 0.8518159 -0.2746623 0.4460822 0.8518046 -0.2012489 0.3268507 0.9234 -0.2012426 0.3268343 0.9234071 -0.1228297 0.1994854 0.972172 -0.1228324 0.1994923 0.9721702 -0.04129135 0.06706136 0.996894 -0.0412904 0.06705892 0.9968942 -0.3321039 0.9399805 0.07838189 -0.3644025 0.9068582 0.2117048 -0.3626223 0.9024279 0.2326563 -0.3626233 0.9024233 0.2326726 -0.3446546 0.8577065 0.3815139 -0.3446546 0.8577087 0.381509 -0.3182284 0.7919443 0.5211092 -0.3182275 0.7919339 0.5211257 -0.2839592 0.7066546 0.648079 -0.2839603 0.7066624 0.64807 -0.2426524 0.6038638 0.7592552 -0.2426567 0.6038886 0.7592341 -0.1953181 0.4860792 0.8518086 -0.1953164 0.4860703 0.8518141 -0.1431115 0.3561516 0.9234042 -0.1431132 0.3561602 0.9234005 -0.08735018 0.2173849 0.9721695 -0.08734816 0.2173752 0.972172 -0.02936339 0.07307398 0.9968942 -0.02936363 0.07307505 0.9968941 -0.0165919 0.07698506 0.9968942 -0.01659202 0.07698792 0.996894 -0.04935717 0.2290201 0.9721695 -0.04935693 0.2290139 0.9721711 -0.08086585 0.3752135 0.9234043 -0.08086585 0.3752152 0.9234036 -0.110366 0.5120949 0.8518088 -0.1103659 0.5120891 0.8518123 -0.1371113 0.6361857 0.7592549 -0.1371113 0.636206 0.7592381 -0.1604456 0.7444787 0.6480808 -0.1604462 0.7444582 0.6481041 -0.1798163 0.8343338 0.5211075 -0.1798163 0.8343352 0.5211056 -0.1947476 0.9036158 0.3815127 -0.1947461 0.9036241 0.3814938 -0.2048982 0.9507301 0.2326561 -0.2049004 0.9507248 0.2326762 -0.205908 0.9554 0.2116902 -0.1684737 0.9825866 0.07835912 0 0.9969238 0.07837694 -0.04147583 0.9764629 0.2116599 -0.04127287 0.9716846 0.2326492 -0.04127681 0.9716781 0.2326757 -0.03923147 0.92353 0.3815144 -0.03922909 0.9235365 0.3814988 -0.03622061 0.8527095 0.5211282 -0.03621691 0.8527237 0.521105 -0.03231668 0.7608937 0.6480713 -0.03232222 0.7608665 0.6481031 -0.02762186 0.6502193 0.7592443 -0.02762025 0.6502287 0.7592363 -0.02223187 0.5233776 0.8518108 -0.02223259 0.5233731 0.8518136 -0.01628994 0.3834791 0.9234059 -0.01628941 0.3834829 0.9234043 -0.009942412 0.2340626 0.9721707 -0.009942412 0.2340626 0.9721707 -0.00334239 0.07868653 0.9968939 -0.003342688 0.07868432 0.996894 0.01000362 0.07811975 0.9968938 0.01000404 0.07812094 0.9968937 0.02975761 0.2323758 0.9721708 0.02975457 0.2323661 0.9721732 0.04875069 0.3807147 0.9234066 0.04875463 0.380727 0.9234013 0.06653922 0.5196077 0.8518101 0.06653994 0.5196098 0.8518088 0.08266544 0.6455335 0.759245 0.08266609 0.6455352 0.7592434 0.09673708 0.7554148 0.6480668 0.09672933 0.7553949 0.648091 0.108404 0.8465663 0.5211277 0.1083993 0.8465558 0.5211457 0.1174037 0.9168769 0.3815143 0.1174169 0.9169003 0.3814541 0.1235359 0.9646826 0.2326508 0.1235318 0.9646779 0.2326722 0.1241393 0.969422 0.2116846 0.168473 0.9825824 0.07841372 0.02306312 0.07530689 0.9968937 0.02306038 0.07530164 0.9968941 0.06859606 0.2239943 0.9721735 0.06860029 0.2240025 0.9721713 0.1123965 0.3670117 0.9234011 0.11239 0.3669991 0.9234068 0.1533929 0.5008902 0.8518096 0.1533933 0.5008911 0.851809 0.1905679 0.6222809 0.7592433 0.1905721 0.6222884 0.759236 0.2230015 0.7281823 0.6480901 0.2230096 0.7281959 0.6480721 0.2499172 0.8160574 0.5211445 0.2499197 0.8160612 0.5211376 0.2706855 0.8838676 0.3814541 0.2706735 0.8838529 0.3814969 0.2847828 0.9299253 0.232675 0.28479 0.9299312 0.2326425 0.286188 0.9344962 0.2116917 0.3321075 0.9399756 0.07842427 0.486194 0.8703285 0.07838237 0.4399944 0.8726908 0.2116972 0.4378411 0.86842 0.2326843 0.4378518 0.868426 0.2326412 0.4161583 0.8253996 0.3814808 0.416152 0.8253941 0.3814998 0.3842362 0.7620925 0.5211312 0.3842335 0.7620897 0.5211371 0.3428637 0.6800367 0.6480698 0.3428633 0.6800361 0.6480708 0.2929887 0.5811148 0.7592518 0.2930014 0.5811305 0.7592347 0.235844 0.4677661 0.8518055 0.2358394 0.4677603 0.8518099 0.1727979 0.3427247 0.923407 0.1727984 0.3427253 0.9234067 0.1054689 0.2091851 0.9721717 0.10547 0.2091866 0.9721714 0.03545606 0.07032269 0.996894 0.03545498 0.07032126 0.9968941 0.04683077 0.06331932 0.996894 0.04682928 0.06331795 0.9968941 0.1393032 0.1883521 0.9721719 0.1393106 0.188359 0.9721694 0.2282344 0.3085911 0.923407 0.2282313 0.3085883 0.9234088 0.3115053 0.4211817 0.8518041 0.3115038 0.4211804 0.8518055 0.3869841 0.5232363 0.7592543 0.3870014 0.5232516 0.7592349 0.4528668 0.612306 0.6480687 0.452843 0.6122863 0.648104 0.5075034 0.6861922 0.5211339 0.5075106 0.6861976 0.52112 0.549667 0.7431966 0.3814774 0.5496628 0.7431942 0.3814882 0.5783111 0.7819292 0.2326864 0.5783241 0.7819339 0.2326383 0.5811647 0.7857745 0.2116745 0.6262841 0.7756419 0.07840889 0.7483645 0.6586402 0.07838213 0.7055908 0.6762591 0.2116963 0.7021431 0.6729547 0.2326522 0.7021469 0.6729555 0.2326387 0.667355 0.63961 0.3814922 0.667356 0.6396104 0.3814898 0.616169 0.5905516 0.5211379 0.6161788 0.5905566 0.5211204 0.5498218 0.5269587 0.6480822 0.5498072 0.5269503 0.6481014 0.4698517 0.4503188 0.7592445 0.4698605 0.4503242 0.759236 0.3782103 0.3624847 0.8517993 0.378201 0.3624787 0.8518059 0.2770934 0.2655743 0.9234119 0.2771013 0.2655795 0.9234081 0.1691339 0.1621014 0.9721713 0.1691393 0.162105 0.9721696 0.05685806 0.05449336 0.996894 0.05685675 0.05449247 0.9968942 0.8489058 0.5226976 0.07839787 0.8097352 0.5472854 0.211678 0.8057785 0.5446112 0.2326366 0.805776 0.5446112 0.2326449 0.7658434 0.5176213 0.3815129 0.7658506 0.5176228 0.3814964 0.707117 0.477926 0.5211259 0.7071125 0.4779247 0.5211333 0.6309657 0.4264583 0.6480861 0.6309666 0.4264587 0.6480851 0.5392057 0.3644393 0.7592374 0.5392006 0.3644372 0.7592419 0.4340085 0.2933395 0.8518149 0.4340307 0.2933489 0.8518003 0.3180071 0.2149318 0.9234044 0.3179901 0.2149245 0.923412 0.194098 0.1311877 0.9721707 0.194096 0.1311869 0.9721711 0.06524896 0.04410088 0.996894 0.06524926 0.04410099 0.996894 0.9250293 0.3717142 0.07841765 0.8905779 0.4025654 0.2116885 0.8862261 0.4005983 0.2326467 0.8862304 0.4005976 0.2326312 0.8423151 0.3807468 0.3814934 0.8423039 0.3807464 0.3815186 0.7777113 0.3515486 0.5211322 0.777715 0.3515492 0.5211263 0.693953 0.3136863 0.6480973 0.6939656 0.3136886 0.6480827 0.5930504 0.2680726 0.7592288 0.5930383 0.26807 0.759239 0.4773456 0.2157736 0.8518116 0.4773412 0.2157726 0.8518143 0.3497636 0.1581037 0.9234006 0.349754 0.1581013 0.9234046 0.2134727 0.09649729 0.9721716 0.2134781 0.09649866 0.9721703 0.07176303 0.03243911 0.996894 0.07176291 0.03243905 0.9968941 0.9745439 0.2100357 0.07841587 0.9457995 0.246268 0.2116962 0.9411813 0.2450656 0.2326387 0.941179 0.2450663 0.2326467 0.8945348 0.232921 0.3815171 0.8945453 0.2329196 0.3814933 0.8259428 0.215057 0.5211228 0.8259361 0.2150573 0.5211334 0.7370008 0.1919003 0.6480772 0.7369827 0.1919001 0.6480979 0.6298089 0.1639935 0.7592409 0.6298232 0.1639941 0.7592291 0.5069361 0.1319966 0.8518173 0.5069468 0.1319973 0.8518108 0.3714542 0.09671819 0.9233999 0.3714522 0.09671801 0.9234007 0.2267085 0.05902993 0.9721722 0.2267105 0.05903005 0.9721717 0.07621431 0.01984441 0.996894 0.07621318 0.01984429 0.996894 0.07847195 0.006679058 0.996894 0.07847183 0.006679117 0.996894 0.2334226 0.01986771 0.9721724 0.2334299 0.01986706 0.9721707 0.3824562 0.03255063 0.9234002 0.3824439 0.03255182 0.9234052 0.5219523 0.04442614 0.851817 0.5219584 0.04442548 0.8518133 0.6484643 0.05519276 0.7592417 0.6484631 0.05519288 0.7592426 0.7588336 0.06458693 0.6480742 0.7588381 0.06458622 0.6480691 0.8504065 0.07237976 0.5211238 0.8503969 0.07238179 0.5211392 0.9210308 0.07839381 0.3815188 0.9210344 0.07839274 0.3815104 0.9690597 0.08248031 0.2326378 0.9690605 0.08247989 0.2326346 0.9933459 0.08454692 0.07820397 0.9933468 0.08454525 0.07819259 0 0 1 0 0 1 0 0 1 0 0 1 0 0 1 0 0 1 0 0 1 0 0 1 0 0 1 0 0 1 0 0 1 0 0 1 0 0 1 0 0 1 0 0 1 0 0 1 0 0 1 0 0 1 0 0 1 0 0 1 0 0 1 0 0 1 0 0 1 0 0 1 0 0 1 0 0 1 0 0 1 0 0 1 0 0 1 0 0 1 0 0 1 0 0 1 0 0 1 0 0 1 0 0 1 0 0 1 0 0 1 0 0 1 -0.9963973 -0.08480799 0 -0.9963973 -0.08480799 0 -0.967733 -0.2519776 0 -0.967733 -0.2519776 0 -0.9112277 -0.4119032 0 -0.9112277 -0.4119032 0 -0.8285083 -0.5599768 0 -0.8285083 -0.5599768 0 -0.7219577 -0.6919372 0 -0.7219577 -0.6919372 0 -0.5946334 -0.803997 0 -0.5946334 -0.803997 0 -0.4502015 -0.8929271 0 -0.4502015 -0.8929271 0 -0.2928301 -0.9561645 0 -0.2928301 -0.9561645 0 -0.1270182 -0.9919005 0 -0.1270182 -0.9919005 0 0.0424444 -0.9990988 0 0.0424444 -0.9990988 0 0.210684 -0.9775543 0 0.210684 -0.9775543 0 0.3728529 -0.9278905 0 0.3728529 -0.9278905 0 0.5243127 -0.8515258 0 0.5243127 -0.8515258 0 0.6606737 -0.7506731 0 0.6606737 -0.7506731 0 0.7780355 -0.6282203 0 0.7780355 -0.6282203 0 0.8730138 -0.4876955 0 0.8730138 -0.4876955 0 0.942876 -0.3331438 0 0.942876 -0.3331438 0 0.985617 -0.1689947 0 0.985617 -0.1689947 0 0.999099 -0.04244256 0 0.999099 -0.04244256 0 0.999099 0.04244214 0 0.999099 0.04244214 0 0.9856166 0.1689962 0 0.9856166 0.1689962 0 0.9428771 0.333141 0 0.9428771 0.333141 0 0.8730127 0.4876975 0 0.8730127 0.4876975 0 0.7780355 0.6282203 0 0.7780355 0.6282203 0 0.6606763 0.7506709 0 0.6606763 0.7506709 0 0.5243095 0.8515278 0 0.5243095 0.8515278 0 0.3728529 0.9278905 0 0.3728529 0.9278905 0 0.2106797 0.9775552 0 0.2106797 0.9775552 0 0.0424444 0.9990988 0 0.0424444 0.9990988 0 -0.1270137 0.991901 0 -0.1270137 0.991901 0 -0.292826 0.9561659 0 -0.292826 0.9561659 0 -0.450205 0.8929252 0 -0.450205 0.8929252 0 -0.5946334 0.803997 0 -0.5946334 0.803997 0 -0.7219555 0.6919395 0 -0.7219555 0.6919395 0 -0.8285111 0.5599726 0 -0.8285111 0.5599726 0 -0.9112268 0.4119048 0 -0.9112268 0.4119048 0 -0.9677333 0.2519766 0 -0.9677333 0.2519766 0 -0.9963973 0.08480834 0 -0.9963973 0.08480834 0 -0.9919004 -0.1270182 0 -0.9963968 -0.08480513 -0.001137614 -0.9775545 -0.2106829 0 -0.9677321 -0.2519789 -0.001137554 -0.9561672 -0.2928213 0 -0.9278939 -0.3728443 0 -0.9112277 -0.4119014 -0.001137971 -0.8929196 -0.4502161 0 -0.8515333 -0.5243005 0 -0.8285117 -0.5599706 -0.001137673 -0.8039981 -0.594632 0 -0.750674 -0.6606728 0 -0.7219557 -0.6919383 -0.001137673 -0.6919372 -0.7219576 0 -0.6282182 -0.7780373 0 -0.5946316 -0.8039975 -0.001137554 -0.5599747 -0.8285097 0 -0.4876951 -0.873014 0 -0.4502035 -0.8929252 -0.001137614 -0.4119014 -0.9112285 0 -0.3331421 -0.9428766 0 -0.2928205 -0.9561668 -0.001137733 -0.2519706 -0.9677349 0 -0.1690078 -0.9856147 0 -0.1270199 -0.9918995 -0.001137733 -0.08480328 -0.9963977 0 0 -1 0 0.04243999 -0.9990984 -0.001137554 0.08480328 -0.9963977 0 0.1690078 -0.9856147 0 0.2106787 -0.9775547 -0.001137375 0.2519706 -0.9677349 0 0.3331468 -0.9428749 0 0.3728596 -0.9278871 -0.001137495 0.4119014 -0.9112285 0 0.4876887 -0.8730176 0 0.5243073 -0.8515285 -0.001137793 0.5599817 -0.828505 0 0.6282182 -0.7780373 0 0.6606728 -0.7506732 -0.001137614 0.6919372 -0.7219576 0 0.750674 -0.6606728 0 0.7780364 -0.6282182 -0.001137614 0.8039981 -0.594632 0 0.8515266 -0.5243114 0 0.8730123 -0.487697 -0.001137673 0.8929257 -0.4502041 0 0.9278888 -0.3728572 0 0.9428768 -0.3331395 -0.001137614 0.9561672 -0.2928213 0 0.9856155 -0.1690029 0 0.977552 -0.2106824 -0.002273261 0.9963968 -0.08480513 0.001137614 0.999099 -0.04243928 0 0.9963976 0.08480489 0 0.9990965 0.04243916 0.002273261 0.9856149 0.1690028 -0.001137673 0.9428764 0.3331406 -0.001137733 0.9561678 0.2928192 0 0.9775542 0.2106844 0 0.8730131 0.4876953 -0.001137733 0.8929272 0.4502012 0 0.9278867 0.3728624 0 0.7780364 0.6282182 -0.001137614 0.8039981 0.594632 0 0.8515266 0.5243114 0 0.6606728 0.7506732 -0.001137614 0.6919372 0.7219576 0 0.750674 0.6606728 0 0.5243099 0.8515267 -0.001137733 0.5599817 0.828505 0 0.6282182 0.7780373 0 0.3728532 0.9278897 -0.001137673 0.4119014 0.9112285 0 0.4876945 0.8730144 0 0.2106787 0.9775547 -0.001137793 0.2519846 0.9677312 0 0.3331335 0.9428796 0 0.04243999 0.9990984 -0.001137554 0.08480328 0.9963977 0 0.1689933 0.9856172 0 -0.1270126 0.9919005 -0.001137554 -0.08480328 0.9963977 0 0 1 0 -0.2928205 0.9561668 -0.001137375 -0.2519846 0.9677312 0 -0.1689933 0.9856172 0 -0.4502066 0.8929237 -0.001137673 -0.4119014 0.9112285 0 -0.3331288 0.9428812 0 -0.5946316 0.8039975 -0.001137554 -0.5599747 0.8285097 0 -0.4877008 0.8730108 0 -0.7219557 0.6919383 -0.001137673 -0.6919372 0.7219576 0 -0.6282182 0.7780373 0 -0.8285117 0.5599706 -0.001137673 -0.8039981 0.594632 0 -0.750674 0.6606728 0 -0.9112271 0.4119028 -0.001137852 -0.8929212 0.4502131 0 -0.8515333 0.5243005 0 -0.9677321 0.2519789 -0.001137495 -0.9561678 0.2928192 0 -0.9278919 0.3728495 0 -0.999099 -0.04243928 0 -0.999099 0.04243928 0 -0.996397 0.08480483 -0.001137614 -0.9919005 0.1270173 0 -0.9775542 0.2106844 0 0 0 1 0 0 1 0 0 1 0 0 1 0 0 1 0 0 1 0 0 1 0 0 1 0 0 1 0 0 1 0 0 1 0 0 1 0 0 1 0 0 1 0 0 1 0 0 1 0 0 1 0 0 1 0 0 1 0 0 1 0 0 1 0 0 1 0 0 1 0 0 1 0 0 1 0 0 1 0 0 1 0 0 1 0 0 1 0 0 1 0 0 1 0 0 1 0 0 1 0 0 1 0 0 1 0 0 1 0 0 1 0 0 1 -0.9919003 -0.1270182 0 -0.996396 -0.08480507 -0.001801252 -0.977556 -0.2106757 0 -0.967732 -0.2519751 -0.001801252 -0.9561672 -0.2928214 0 -0.9278887 -0.3728572 0 -0.9112268 -0.4119009 -0.001801192 -0.8929257 -0.4502041 0 -0.85153 -0.5243059 0 -0.8285074 -0.5599752 -0.001801371 -0.8039944 -0.5946368 0 -0.750674 -0.6606728 0 -0.7219588 -0.6919337 -0.001801133 -0.6919447 -0.7219505 0 -0.6282145 -0.7780402 0 -0.5946292 -0.803998 -0.001801073 -0.5599747 -0.8285097 0 -0.4876951 -0.873014 0 -0.4502016 -0.8929251 -0.001801311 -0.4118986 -0.9112297 0 -0.3331492 -0.9428742 0 -0.2928213 -0.9561655 -0.001801669 -0.251967 -0.9677358 0 -0.1690078 -0.9856147 0 -0.1270202 -0.9918984 -0.001801431 -0.08480393 -0.9963976 0 0 -1 0 0.04243993 -0.9990974 -0.001801192 0.08480393 -0.9963976 0 0.1690078 -0.9856147 0 0.2106777 -0.9775539 -0.001800894 0.2519688 -0.9677354 0 0.3331469 -0.942875 0 0.3728592 -0.9278861 -0.001801073 0.4119014 -0.9112284 0 0.4876887 -0.8730176 0 0.5243067 -0.8515276 -0.00180155 0.5599817 -0.828505 0 0.6282145 -0.7780402 0 0.6606721 -0.7506725 -0.001801431 0.691941 -0.7219541 0 0.750674 -0.6606728 0 0.7780338 -0.6282199 -0.001801073 0.8039944 -0.5946368 0 0.85153 -0.5243059 0 0.873013 -0.4876936 -0.001801192 0.8929257 -0.4502041 0 0.9278913 -0.3728508 0 0.9428759 -0.3331391 -0.001800954 0.956165 -0.2928282 0 0.9856162 -0.1689993 0 0.9775496 -0.2106744 -0.003599047 0.9963957 -0.08480876 0.001801133 0.9990988 -0.04244679 0 0.9963973 0.08480858 0 0.9990923 0.04244649 0.003598988 0.9856145 0.168999 -0.001801192 0.9428755 0.3331403 -0.001801133 0.9561657 0.2928261 0 0.9775556 0.2106773 0 0.8730139 0.487692 -0.001801252 0.8929272 0.4502012 0 0.9278892 0.372856 0 0.7780338 0.6282199 -0.001801073 0.8039944 0.5946368 0 0.85153 0.5243059 0 0.6606721 0.7506725 -0.001801431 0.691941 0.7219541 0 0.750674 0.6606728 0 0.5243095 0.8515259 -0.001801431 0.5599817 0.828505 0 0.6282145 0.7780402 0 0.3728528 0.9278888 -0.001801371 0.4119014 0.9112284 0 0.4876944 0.8730143 0 0.2106777 0.9775539 -0.00180149 0.2519828 0.9677317 0 0.3331335 0.9428797 0 0.04243993 0.9990974 -0.001801192 0.08480393 0.9963976 0 0.1689933 0.9856172 0 -0.1270129 0.9918994 -0.001801073 -0.08480393 0.9963976 0 0 1 0 -0.2928213 0.9561655 -0.001801073 -0.251981 0.9677321 0 -0.1689933 0.9856172 0 -0.4502046 0.8929235 -0.001801431 -0.4118986 0.9112297 0 -0.3331359 0.9428788 0 -0.5946292 0.803998 -0.001801073 -0.5599747 0.8285097 0 -0.4877008 0.8730109 0 -0.7219588 0.6919337 -0.001801133 -0.6919447 0.7219505 0 -0.6282145 0.7780402 0 -0.8285074 0.5599752 -0.001801371 -0.8039944 0.5946368 0 -0.750674 0.6606728 0 -0.9112262 0.4119024 -0.001801013 -0.8929272 0.4502012 0 -0.85153 0.5243059 0 -0.967732 0.2519751 -0.001801192 -0.9561678 0.2928192 0 -0.9278867 0.3728624 0 -0.9990991 -0.04243928 0 -0.9990991 0.04243928 0 -0.996396 0.08480471 -0.001801252 -0.9919006 0.1270173 0 -0.9775556 0.2106773 0 0 0 1 0 0 1 0 0 1 0 0 1 0 0 1 0 0 1 0 0 1 0 0 1 0 0 1 0 0 1 0 0 1 0 0 1 0 0 1 0 0 1 0 0 1 0 0 1 0 0 1 0 0 1 0 0 1 0 0 1 0 0 1 0 0 1 0 0 1 0 0 1 0 0 1 0 0 1 0 0 1 0 0 1 0 0 1 0 0 1 0 0 1 0 0 1 0 0 1 0 0 1 0 0 1 0 0 1 0 0 1 0 0 1 0 0 1 0 0 1 0 0 1 0 0 1 0 0 1 0 0 1 0 0 1 0 0 1 0 0 1 0 0 1 0 0 1 0 0 1 0 0 1 0 0 1 0 0 1 0 0 1 0 0 1 0 0 1 0 0 1 0 0 1 0 0 1 0 0 1 0 0 1 0 0 1 0 0 1 0 0 1 0 0 1 0 0 1 0 0 1 0 0 1 0 0 1 0 0 1 0 0 1 0 0 1 0 0 1 0 0 1 0 0 1 0 0 1 0 0 1 0 0 1 0 0 1 0 0 1 0 0 1 0 0 1 0 0 1 0 0 1 0 0 1 0 0 1 0 0 1 0 0 1 0 0 1 0 0 1 0 0 1 0 0 1 0 0 1 0 0 1 0 0 1 0 0 1 0 0 1 0 0 1 0 0 1 0 0 1 0 0 1 0 0 1 0 0 1 0 0 1 0 0 1 0 0 1 0 0 1 0 0 1 0 0 1 0 0 1 0 0 1 0 0 1 0 0 1 0 0 1 0 0 1 0 0 1 0 0 1 0 0 1 0 0 1 0 0 1 0 0 1 0 0 1 0 0 1 0 0 1 0 0 1 0 0 1 0 0 1 0 0 1 0 0 1 0 0 1 0 0 1 0 0 1 0 0 1 0 0 1 0 0 1 0 0 1 0 0 1 0 0 1 0 0 1 0 0 1 0 0 1 0 0 1 0 0 1 0 0 1 0 0 1 0 0 1 0 0 1 0 0 1 0 0 1 0 0 1 0 0 1 0 0 1 0 0 1 0 0 1 0 0 1 0 0 1 0 0 1 0 0 1 0 0 1 0 0 1 0 0 1 0 0 1 0 0 1 0 0 1 0 1 0 0 1 0 0 1 0 0 1 0 0 1 0 0 1 0 -0.9988901 0.04710376 0 -0.9982472 0.0591827 -4.1769e-4 -0.984558 0.1750578 4.99443e-4 -0.9837284 0.1796608 7.37107e-4 -0.9691194 0.2465922 -7.39499e-5 -0.9520351 0.305989 -6.65156e-5 -0.9381904 0.346117 0.001317322 -0.9213123 0.3888234 -2.77729e-5 -0.895176 0.4457128 -1.65299e-5 -0.8647124 0.5022665 9.53639e-4 -0.8543071 0.5197684 2.28586e-5 -0.6434566 0.7654826 4.52966e-4 -0.650388 0.7596023 1.98222e-6 -0.7654811 0.6434584 -7.57829e-6 -0.7063996 0.7077956 0.005007207 -0.7675764 0.6409575 4.3091e-5 -0.5022667 0.8647127 4.80915e-4 -0.5106639 0.8597804 1.89307e-5 -0.5837066 0.8119647 9.58226e-6 -0.2685489 0.9632571 0.004139542 -0.3520534 0.93598 2.97044e-5 -0.4331268 0.9013329 2.4378e-5 -0.3461185 0.9381908 -5.81651e-6 -0.1796602 0.9837287 -5.06809e-6 -0.1843736 0.9828562 2.38848e-4 -0.07671487 0.9970531 -4.1317e-5 -0.04710406 0.9988899 3.15166e-4 -0.02529048 0.9996802 0 -1 0 0 -1 0 0 -0.1796602 -0.9837288 -4.41086e-6 -0.221704 -0.9751116 0.002178192 -0.1376681 -0.9904785 1.68338e-5 -0.04710406 -0.99889 1.09927e-5 -0.07178705 -0.9974198 6.72807e-4 -0.02536725 -0.9996782 0 -0.5022667 -0.8647128 3.11966e-5 -0.5495776 -0.835437 0.003088414 -0.4760655 -0.8794098 1.65534e-5 -0.3461185 -0.9381908 3.87644e-5 -0.3881207 -0.9216054 0.002425074 -0.3107616 -0.9504879 -7.34805e-6 -0.7654826 -0.6434566 5.99234e-5 -0.7993354 -0.6008762 0.003274261 -0.7447234 -0.6673731 -1.5748e-5 -0.6434566 -0.7654826 1.94616e-5 -0.6859483 -0.7276429 0.00326991 -0.6242079 -0.7812582 -4.67646e-6 -0.9381908 -0.3461185 -6.99381e-5 -0.94803 -0.318176 0.00177896 -0.9163104 -0.4004688 -2.70836e-5 -0.8647128 -0.5022667 -1.00894e-6 -0.8874649 -0.4608665 0.002877235 -0.8456915 -0.5336722 1.54473e-5 -0.9988901 -0.0471034 0 -0.999965 -0.008253157 0.001341819 -0.9973382 -0.07291239 -5.15982e-4 -0.9837282 -0.1796615 7.72193e-4 -0.9813259 -0.1923525 1.11853e-4 -0.9660141 -0.2584894 -7.28682e-5 0 -1 0 0 -1 0 0 -1 0 0 -1 0 0 -1 0 0 -1 0 0.99889 -0.0471034 0 0.9966487 -0.08179849 -5.53043e-4 0.9837282 -0.1796615 6.44295e-4 0.9765728 -0.2151876 2.65647e-5 0.9552873 -0.2956789 2.66995e-5 0.9381906 -0.3461184 5.96155e-4 0.9266391 -0.3759522 4.29027e-6 0.8935654 -0.4489333 4.5275e-6 0.8647127 -0.5022667 5.62729e-4 0.8511342 -0.5249482 3.3304e-5 0.8039531 -0.5946928 3.36524e-5 0.7654861 -0.6434522 5.29263e-4 0.7492597 -0.6622763 -3.5718e-7 0.6938205 -0.720148 0 0.6434565 -0.7654825 4.33311e-4 0.6298168 -0.7767437 2.69911e-5 0.5629182 -0.8265126 2.7767e-5 0.5022667 -0.8647127 3.95592e-4 0.4883459 -0.8726501 5.68862e-6 0.4150233 -0.9098107 6.81212e-6 0.3461185 -0.9381908 2.81373e-4 0.3366363 -0.9416348 2.01474e-5 0.2584991 -0.9660115 2.11061e-5 0.1796602 -0.9837287 2.05505e-4 0.1728438 -0.9849493 1.55184e-5 0.08923542 -0.9960106 1.58433e-5 0.0471034 -0.9988901 6.80382e-5 0.04259437 -0.9990924 0 1 0 0 1 0 0 0.0471034 0.9988901 0 0.08353263 0.9965049 -5.97131e-4 0.1796602 0.9837285 6.60764e-4 0.2168721 0.9762 2.12204e-5 0.2987126 0.9543431 1.93224e-5 0.3461184 0.9381906 6.2276e-4 0.3786423 0.9255431 8.32707e-6 0.4537814 0.8911131 6.56014e-6 0.5022666 0.8647125 6.20973e-4 0.5298619 0.8480839 2.83211e-5 0.5999242 0.8000569 2.70645e-5 0.6434566 0.7654825 5.90151e-4 0.6665579 0.7454533 5.4093e-7 0.724353 0.6894294 -1.29288e-7 0.7654846 0.643454 5.41301e-4 0.7811352 0.6243619 3.4066e-5 0.8311083 0.5561105 3.35517e-5 0.8647126 0.5022667 5.2176e-4 0.8765194 0.4813665 4.14563e-6 0.912662 0.4087151 3.91856e-6 0.9381911 0.3461173 4.18381e-4 0.9439172 0.3301823 2.77091e-5 0.9680488 0.2507623 2.75207e-5 0.9837285 0.1796608 3.85588e-4 0.986339 0.1647283 1.79343e-5 0.9966129 0.08223563 1.78318e-5 0.99889 0.04710376 1.41377e-4 0.999362 0.03571528 0 -1 0 0 -1 0 0 -0.0471034 -0.9988901 0 -0.08353292 -0.9965048 -5.97136e-4 -0.1796608 -0.9837285 6.60753e-4 -0.2168707 -0.9762004 2.12441e-5 -0.298707 -0.9543449 1.93552e-5 -0.3461184 -0.9381906 6.22862e-4 -0.3786476 -0.9255409 8.32695e-6 -0.4537737 -0.8911169 6.56032e-6 -0.5022666 -0.8647125 6.21066e-4 -0.5298662 -0.8480813 2.8321e-5 -0.5999139 -0.8000646 2.70647e-5 -0.6434566 -0.7654825 5.90291e-4 -0.6665549 -0.745456 7.65575e-7 -0.724371 -0.6894103 0 -0.7654825 -0.6434565 5.41272e-4 -0.7811351 -0.624362 3.3965e-5 -0.8310998 -0.5561233 3.34326e-5 -0.8647126 -0.5022667 5.2176e-4 -0.8765171 -0.4813708 4.24921e-6 -0.912678 -0.4086794 4.00637e-6 -0.9381931 -0.346112 4.18251e-4 -0.9439167 -0.3301837 2.77446e-5 -0.9680395 -0.2507979 2.75478e-5 -0.9837272 -0.1796686 3.85761e-4 -0.9863391 -0.1647276 1.78989e-5 -0.9966179 -0.08217495 1.7814e-5 -0.99889 -0.0471034 1.41153e-4 -0.9993614 -0.03573286 0 0 -1 0 0 -1 0 0 -1 0 0 -1 0 0 -1 0 0 -1 0 0.9988896 -0.04711014 0 0.9982474 -0.05917692 -4.17271e-4 0.9845578 -0.1750589 4.99909e-4 0.9837282 -0.1796615 7.37553e-4 0.9691147 -0.2466104 -7.37247e-5 0.9520371 -0.3059827 -6.62974e-5 0.93819 -0.3461182 0.001317799 0.9213123 -0.3888235 -2.727e-5 0.8951729 -0.445719 -1.60247e-5 0.8647156 -0.5022609 9.53962e-4 0.8543093 -0.519765 2.30857e-5 0.6434584 -0.7654809 4.5298e-4 0.6503854 -0.7596045 2.28045e-6 0.7654808 -0.6434587 -7.28027e-6 0.7064398 -0.7077554 0.005004227 0.7675747 -0.6409595 4.33725e-5 0.5022667 -0.8647127 4.80745e-4 0.5106614 -0.8597819 1.88981e-5 0.5836967 -0.8119717 9.51125e-6 0.2684823 -0.9632757 0.00414294 0.3520632 -0.9359762 2.93843e-5 0.4331011 -0.9013453 2.40345e-5 0.3461173 -0.9381913 -5.8814e-6 0.1796609 -0.9837286 -5.10177e-6 0.1843773 -0.9828555 2.38968e-4 0.07670164 -0.9970541 -4.11989e-5 0.0471034 -0.99889 3.15012e-4 0.02530735 -0.9996798 0 1 0 0 1 0 0 0.1796609 0.9837286 -4.59531e-6 0.2217125 0.9751096 0.00217837 0.1376672 0.9904785 1.68088e-5 0.0471034 0.99889 1.09842e-5 0.07179665 0.9974191 6.73078e-4 0.02537208 0.999678 0 0.5022667 0.8647128 3.11966e-5 0.5495606 0.8354481 0.003087341 0.4760703 0.8794072 1.63799e-5 0.3461173 0.9381912 3.85814e-5 0.3881276 0.9216024 0.002425372 0.3107539 0.9504904 -7.52593e-6 0.7654793 0.6434606 5.96433e-5 0.7993391 0.6008713 0.003274679 0.744721 0.6673761 -1.5731e-5 0.6434584 0.7654811 1.94352e-5 0.6859484 0.7276429 0.003269731 0.6242111 0.7812557 -4.6786e-6 0.9381913 0.3461173 -6.95064e-5 0.9480299 0.3181762 0.001779317 0.9163121 0.400465 -2.66722e-5 0.8647159 0.5022612 -6.20632e-7 0.887458 0.4608798 0.002876341 0.8456945 0.5336674 1.52111e-5 0.9988897 0.04711049 0 0.9999653 0.008213162 0.001343429 0.9973374 0.07292377 -5.15828e-4 0.9837283 0.1796608 7.72227e-4 0.9813275 0.1923443 1.12282e-4 0.9660197 0.2584686 -7.24242e-5 0 1 0 0 1 0 0 1 0 0 1 0 0 1 0 0 1 0 -0.99889 0.04710376 0 -0.9966481 0.08180612 -5.53156e-4 -0.983727 0.179668 6.44182e-4 -0.9765728 0.2151876 2.65647e-5 -0.955294 0.2956577 2.66995e-5 -0.9381935 0.3461107 5.96306e-4 -0.9266391 0.3759522 4.29027e-6 -0.8935512 0.4489613 4.52758e-6 -0.8647127 0.5022667 5.62434e-4 -0.8511419 0.5249357 3.33039e-5 -0.8039435 0.5947057 3.36525e-5 -0.765481 0.6434584 5.29188e-4 -0.7492642 0.6622713 -1.23722e-7 -0.6937861 0.7201812 3.36151e-7 -0.6434565 0.7654825 4.33228e-4 -0.6298243 0.7767376 2.71276e-5 -0.5628841 0.8265358 2.78894e-5 -0.5022667 0.8647127 3.95498e-4 -0.4883527 0.8726463 5.78352e-6 -0.4149743 0.9098331 6.9119e-6 -0.3461185 0.9381908 2.81271e-4 -0.3366413 0.9416329 2.01842e-5 -0.2585111 0.9660083 2.11342e-5 -0.1796609 0.9837287 2.05542e-4 -0.172847 0.9849488 1.56267e-5 -0.08922749 0.9960112 1.59529e-5 -0.0471034 0.9988901 6.81429e-5 -0.04258739 0.9990928 0 -0.7746395 0.1997019 0.600044 0.6329606 0.5256692 0.5683598 0.7278504 0.3733165 0.5752116 0.7944772 0.1491528 0.588693 0.2056055 0.03271824 -0.9780879 0.1544355 0.03269678 -0.9874617 0.1544372 0.03268957 -0.9874617 0.1129922 0.03271412 -0.9930572 0.07741361 0.04478585 -0.9959927 0.2425317 0.08936423 -0.9660189 0.2304921 0.03269356 -0.9725248 0.2964084 0.03270375 -0.9545012 0.3047249 0.06271874 -0.9503731 0.3331935 0.0327152 -0.9422907 0.3779975 0.03269183 -0.9252293 0.3779979 0.03268992 -0.9252291 0.5811809 0.03269779 -0.8131173 0.5363667 0.03271836 -0.8433506 0.5153456 0.0723586 -0.8539221 0.5032612 0.03270709 -0.8635151 0.4485594 0.03269165 -0.8931549 0.4542604 0.06328248 -0.8886185 0.4200765 0.03271359 -0.9068989 0.6843895 0.03271329 -0.7283824 0.6432253 0.03269523 -0.7649787 0.6423481 0.03696018 -0.7655212 0.6130802 0.03272128 -0.7893428 0.5811811 0.0326969 -0.8131172 0.7084348 0.1066457 -0.6976724 0.6998438 0.03269964 -0.7135471 0.7496692 0.03270626 -0.6610041 0.7524284 0.05169975 -0.656642 0.774736 0.03272533 -0.6314374 0.8016939 0.03270131 -0.5968396 0.801694 0.03270041 -0.5968394 0.917725 0.03269606 -0.3958683 0.8967874 0.03271847 -0.4412505 0.8827826 0.06685549 -0.465 0.8790028 0.03270184 -0.4756938 0.8455338 0.03268969 -0.5329203 0.8491418 0.08069121 -0.5219646 0.8305301 0.03272318 -0.5560116 0.9448832 0.05169636 -0.3233004 0.9342073 0.03271847 -0.355227 0.9177253 0.03269428 -0.395868 0.9657534 0.07373976 -0.2487628 0.9633997 0.03271722 -0.2660648 0.9472809 0.03270608 -0.3187305 0.9985467 0.0327081 -0.04283529 0.9947709 0.03268724 -0.0967589 0.9947702 0.03270006 -0.09676182 0.9901367 0.03272473 -0.1362294 0.9841349 0.03696846 -0.1735278 0.9841035 0.03269892 -0.1745598 0.9729928 0.0327174 -0.2285048 0.9951767 0.09801453 -0.00406444 0.9992771 0.0327081 -0.01937842 0.9981634 0.03271639 0.05098384 0.9966459 0.05768221 0.05804783 0.9954353 0.03272765 0.08965229 0.9902706 0.03270375 0.1352582 0.9902705 0.03269803 0.1352595 0.9323846 0.0327028 0.3599855 0.9498521 0.03272467 0.3109826 0.9556346 0.0700674 0.2860997 0.9611968 0.03270113 0.2739186 0.9768121 0.03268706 0.2115887 0.972817 0.07199543 0.2200997 0.9826442 0.03272128 0.182592 0.8750882 0.032714 0.4828566 0.9003605 0.03269928 0.4339144 0.9012624 0.04479616 0.4309519 0.9165145 0.03272044 0.3986608 0.9323842 0.03269606 0.359987 0.8504625 0.1152498 0.5132553 0.8655626 0.032691 0.4997325 0.825961 0.03269451 0.5627784 0.8238472 0.04478675 0.5650398 0.8035235 0.03271961 0.5943731 0.7827835 0.03270411 0.6214342 0.7909305 0.04999858 0.60986 0.7680467 0.2420305 0.5928959 0.7727496 0.2068665 0.6000537 0.7346023 0.3523678 0.5798245 0.7435847 0.3256744 0.5839675 0.7627746 0.2841473 0.5808917 0.7205096 0.4081717 0.5605905 0.6523972 0.479827 0.5866378 0.6715322 0.450938 0.5879621 0.6969596 0.4452342 0.562151 0.6951666 0.4486122 0.5616855 0.7081517 0.4271894 0.5621658 0.5389069 0.575124 0.6154768 0.5802731 0.5464493 0.6038843 0.6039891 0.5572125 0.5698345 0.5975858 0.5641621 0.5697476 0.6200273 0.5449369 0.5644553 0.5628684 0.5462965 0.6202736 0.510474 0.5528362 0.6586263 0.5104424 0.5519416 0.6594006 0.4803088 0.5494605 0.6836642 0.4548359 0.5611499 0.6915454 0.4522554 0.5497931 0.7022767 0.3986135 0.5649933 0.7224195 0.4000573 0.5638309 0.7225295 0.4191763 0.5500453 0.7223166 0.3267616 0.5500181 0.7685746 0.3371983 0.5597336 0.7569648 0.3414849 0.5648127 0.7512488 0.356952 0.5513664 0.7540427 0.3878067 0.5487872 0.7405664 0.2978104 0.5499527 0.7802954 0.2823291 0.5644381 0.7756932 0.2716412 0.5541911 0.7868185 0.2418216 0.5431932 0.8040296 0.2214676 0.5639014 0.7955924 0.2033488 0.5495102 0.8103628 0.1592466 0.5631682 0.8108527 0.165367 0.5564363 0.814268 0.186872 0.5502864 0.8137959 0.04360038 0.5559327 0.830083 0.0831207 0.5384038 0.8385776 0.09616386 0.5602443 0.8227264 0.1155014 0.5526883 0.8253455 0.1335165 0.5461065 0.8270073 0.009944736 0.5806695 0.8140786 0.03293859 0.5276041 0.8488516 -0.02766865 0.5597412 0.8282055 -0.03200316 0.5645985 0.8247451 -0.06184345 0.5420226 0.8380852 -0.09878385 0.5646198 0.8194181 -0.09616148 0.5602726 0.8227075 -0.1164386 0.5523302 0.8254535 -0.1600776 0.5567902 0.8150827 -0.1654632 0.5681919 0.8060892 -0.1352109 0.5463736 0.8265554 -0.2837072 0.5584986 0.7794803 -0.2576024 0.5491296 0.7950457 -0.2230893 0.5549403 0.801419 -0.2206277 0.5485211 0.8065036 -0.1877043 0.5502797 0.8136089 -0.3378059 0.5603674 0.7562246 -0.325466 0.5488698 0.7699441 -0.2886012 0.5526074 0.7818788 -0.3509334 0.5772073 0.7373448 -0.3454266 0.5506381 0.7599198 -0.3891199 0.5496156 0.739262 -0.3985804 0.5650925 0.7223601 -0.4010155 0.563207 0.722485 -0.4534011 0.5649829 0.6893633 -0.446523 0.5500245 0.7057552 -0.4192091 0.5500537 0.7222912 -0.5055817 0.5646879 0.6523148 -0.4979243 0.541003 0.6777811 -0.4643737 0.5569227 0.6886177 -0.5548272 0.5642185 0.6114117 -0.5516972 0.5479671 0.6287783 -0.5245027 0.5514298 0.6487081 -0.60442 0.5563284 0.5702415 -0.6050339 0.5577912 0.5681575 -0.5807546 0.5467782 0.6031233 -0.6406565 0.5061342 0.5773972 -0.6599763 0.4682173 0.5875407 -0.7171272 0.4133974 0.5610983 -0.7095437 0.4251064 0.5619896 -0.6962847 0.4469724 0.5616078 -0.6975533 0.4474495 0.5596501 -0.6757875 0.4503025 0.5835571 -0.7787304 0.259726 0.5710704 -0.7615929 0.2873439 0.5808697 -0.7411573 0.3294497 0.5849349 -0.7914899 0.1058799 0.6019411 -0.7909247 0.05009275 0.6098597 -0.7827135 0.03270167 0.6215225 -0.8035236 0.03271728 0.5943732 -0.8238476 0.0447846 0.5650394 -0.8259606 0.0326969 0.5627788 -0.9498522 0.03271913 0.3109827 -0.9323846 0.03269737 0.3599858 -0.9323847 0.03269606 0.3599855 -0.9165083 0.03272044 0.3986753 -0.901262 0.04479134 0.4309531 -0.9003605 0.03269916 0.4339144 -0.8655625 0.03269559 0.4997324 -0.8697232 0.115255 0.4798936 -0.8557088 0.03271186 0.5164228 -0.9578629 0.08936315 0.2729706 -0.9574774 0.03269284 0.2866501 -0.9748263 0.03270304 0.2205543 -0.9754096 0.06271904 0.2112876 -0.9826444 0.03271555 0.182592 -0.990271 0.03269225 0.1352569 -0.9902707 0.03269797 0.1352582 -0.9947707 0.03269302 -0.0967592 -0.9985464 0.03271389 -0.04283523 -0.997191 0.07236111 -0.01934063 -0.9994565 0.0327121 -0.004079699 -0.9977743 0.03269654 0.05811488 -0.9966958 0.06329005 0.05090886 -0.9954354 0.03272181 0.08965229 -0.972993 0.03271174 -0.2285048 -0.9841034 0.0326932 -0.1745612 -0.9841348 0.03696292 -0.1735292 -0.9901369 0.03271895 -0.1362295 -0.9947707 0.03269428 -0.0967589 -0.9584177 0.1066548 -0.2646889 -0.967872 0.03269457 -0.2493085 -0.9472815 0.03270053 -0.3187292 -0.9448832 0.0516963 -0.3233004 -0.9342073 0.03271847 -0.355227 -0.9177251 0.03269428 -0.3958684 -0.9177249 0.0326907 -0.3958691 -0.801694 0.03269577 -0.5968397 -0.8305281 0.03271836 -0.556015 -0.8440935 0.06685537 -0.5320118 -0.851464 0.03270435 -0.5233922 -0.884289 0.03269225 -0.4657942 -0.8766066 0.08068525 -0.4743952 -0.8967875 0.03271323 -0.4412505 -0.7524292 0.05169486 -0.6566413 -0.7747362 0.0327208 -0.6314375 -0.8016942 0.03269666 -0.5968395 -0.6983109 0.07373178 -0.711987 -0.7121182 0.03270864 -0.7012973 -0.7496694 0.03269749 -0.6610043 -0.5363659 0.03271681 -0.8433513 -0.5811808 0.03269606 -0.8131175 -0.5811812 0.03269857 -0.813117 -0.6130802 0.03272306 -0.7893427 -0.6423484 0.03696209 -0.7655209 -0.6432251 0.03269898 -0.7649785 -0.6843895 0.03271728 -0.7283823 -0.5011069 0.09801834 -0.8598164 -0.5164237 0.03269296 -0.855709 -0.4549285 0.03270119 -0.8899274 -0.4480521 0.05766808 -0.8921456 -0.4200779 0.03271478 -0.9068982 -0.3779975 0.032691 -0.9252293 -0.3779981 0.03269404 -0.9252289 -0.154437 0.03269726 -0.9874615 -0.2056059 0.03271883 -0.9780878 -0.2300487 0.07006478 -0.9706537 -0.2433757 0.03270751 -0.9693804 -0.305163 0.0326935 -0.9517387 -0.2957975 0.07198995 -0.9525341 -0.3331926 0.0327171 -0.942291 0.07440006 0.03270089 -0.9966921 0.01937961 0.03271579 -0.9992768 0.01938289 0.03270876 -0.999277 -0.01937955 0.03270876 -0.999277 -0.01938289 0.03271591 -0.9992767 -0.07440006 0.03270131 -0.9966921 -0.07741361 0.04478627 -0.9959927 -0.1129922 0.03271478 -0.9930572 -0.1544355 0.03269046 -0.9874619 0.002537012 0.9994639 -0.03264111 6.34568e-4 0.9994645 -0.03271496 6.34497e-4 0.9994645 -0.03271484 -6.34563e-4 0.9994645 -0.03271484 -6.34498e-4 0.9994645 -0.03271496 -0.002537012 0.9994639 -0.03264111 -0.002537012 0.9994639 -0.03264111 -0.005058884 0.9994639 -0.03234636 -0.005058884 0.9994639 -0.03234636 -0.007550239 0.9994639 -0.03185707 -0.007550239 0.9994639 -0.03185707 -0.009996235 0.9994639 -0.0311762 -0.009996235 0.9994639 -0.0311762 -0.01238209 0.9994639 -0.03030782 -0.01238209 0.9994639 -0.03030782 -0.01469349 0.9994639 -0.02925711 -0.01469349 0.9994639 -0.02925717 -0.01691651 0.9994639 -0.02803051 -0.01691651 0.9994639 -0.02803051 -0.01903784 0.9994639 -0.02663534 -0.01903784 0.9994639 -0.0266354 -0.02104461 0.9994639 -0.02508002 -0.02104461 0.9994639 -0.02507996 -0.02292478 0.9994639 -0.02337378 -0.02292472 0.9994639 -0.02337366 -0.02466708 0.9994639 -0.02152687 -0.02466714 0.9994639 -0.02152699 -0.02626115 0.9994639 -0.01955074 -0.02626115 0.9994639 -0.01955068 -0.0276972 0.9994639 -0.01745682 -0.0276972 0.9994639 -0.01745682 -0.02896666 0.9994639 -0.01525801 -0.02896666 0.9994639 -0.01525801 -0.03006196 0.9994639 -0.01296746 -0.03006196 0.9994639 -0.01296746 -0.03097641 0.9994639 -0.01059883 -0.03097641 0.9994639 -0.01059883 -0.0317046 0.9994639 -0.008166551 -0.03170466 0.9994639 -0.008166611 -0.03224217 0.9994639 -0.00568515 -0.03224217 0.9994639 -0.00568515 -0.03258579 0.9994639 -0.003169536 -0.03258574 0.9994639 -0.003169536 -0.03273338 0.9994639 -6.34834e-4 -0.0327335 0.9994639 -6.34888e-4 -0.03268426 0.9994639 0.001903653 -0.03268414 0.9994639 0.001903653 -0.03243833 0.9994639 0.004430651 -0.03243827 0.9994639 0.004430651 -0.03199744 0.9994639 0.006931006 -0.03199744 0.9994639 0.006931006 -0.03136408 0.9994639 0.009389817 -0.03136426 0.9994639 0.009389817 -0.03054231 0.9994639 0.01179206 -0.03054207 0.9994639 0.01179206 -0.02953648 0.9994639 0.01412332 -0.02953654 0.9994639 0.01412332 -0.02835327 0.9994639 0.01636976 -0.02835321 0.9994639 0.01636976 -0.02699947 0.9994639 0.01851767 -0.02699947 0.9994639 0.01851767 -0.02548331 0.9994639 0.0205543 -0.02548348 0.9994639 0.02055436 -0.02381402 0.9994639 0.02246737 -0.0238139 0.9994639 0.02246731 -0.02200132 0.9994639 0.02424508 -0.0220012 0.9994639 0.02424502 -0.02005624 0.9994639 0.02587705 -0.02005618 0.9994639 0.02587705 -0.01799058 0.9994639 0.02735346 -0.0179907 0.9994639 0.02735352 -0.01581692 0.9994639 0.02866542 -0.0158168 0.9994639 0.0286653 -0.01354789 0.9994639 0.02980482 -0.01354807 0.9994639 0.029805 -0.01119762 0.9994639 0.03076523 -0.01119756 0.9994639 0.03076517 -0.008779823 0.9994639 0.03154039 -0.008779883 0.9994639 0.03154045 -0.00630939 0.9994639 0.032126 -0.006309211 0.9994639 0.03212571 -0.003800749 0.9994639 0.03251802 -0.003800868 0.9994639 0.03251832 -0.001269459 0.9994639 0.03271508 -0.001269459 0.9994639 0.03271502 0.001269459 0.9994639 0.03271502 0.001269459 0.9994639 0.03271508 0.003800809 0.9994639 0.03251832 0.003800868 0.9994639 0.03251802 0.00630933 0.9994639 0.03212571 0.00630927 0.9994639 0.03212606 0.008779823 0.9994639 0.03154051 0.008779823 0.9994639 0.03154033 0.01119756 0.9994639 0.03076511 0.01119756 0.9994639 0.03076529 0.01354801 0.9994639 0.02980506 0.01354795 0.9994639 0.02980476 0.01581686 0.9994639 0.0286653 0.01581686 0.9994639 0.02866542 0.0179907 0.9994639 0.02735352 0.01799064 0.9994639 0.02735334 0.02005618 0.9994639 0.02587699 0.02005624 0.9994639 0.02587705 0.0220012 0.9994639 0.02424502 0.02200126 0.9994639 0.02424508 0.0238139 0.9994639 0.02246725 0.02381396 0.9994639 0.02246737 0.02548342 0.9994639 0.02055436 0.02548336 0.9994639 0.0205543 0.02699953 0.9994639 0.01851779 0.02699947 0.9994639 0.01851767 0.02835327 0.9994639 0.0163697 0.02835327 0.9994639 0.01636976 0.02953654 0.9994639 0.01412338 0.0295366 0.9994639 0.01412343 0.03054231 0.9994639 0.01179206 0.03054231 0.9994639 0.01179206 0.0313642 0.9994639 0.009389877 0.0313639 0.9994639 0.009389698 0.03199726 0.9994639 0.006931006 0.03199726 0.9994639 0.006931006 0.03243809 0.9994639 0.004430592 0.03243815 0.9994639 0.004430592 0.03268396 0.9994639 0.001903593 0.0326842 0.9994639 0.001903653 0.03273344 0.9994639 -6.34865e-4 0.03273344 0.9994639 -6.34856e-4 0.03258579 0.9994639 -0.003169536 0.03258562 0.9994639 -0.003169536 0.032242 0.9994639 -0.005685091 0.03224223 0.9994639 -0.005685091 0.03170466 0.9994639 -0.008166551 0.0317046 0.9994639 -0.008166551 0.03097641 0.9994639 -0.01059889 0.03097653 0.9994639 -0.01059889 0.03006201 0.9994639 -0.01296746 0.03006213 0.9994639 -0.01296752 0.02896684 0.9994639 -0.01525813 0.02896672 0.9994639 -0.01525807 0.02769726 0.9994639 -0.01745688 0.02769732 0.9994639 -0.01745688 0.02626127 0.9994639 -0.0195508 0.02626121 0.9994639 -0.0195508 0.02466726 0.9994639 -0.02152699 0.02466702 0.9994639 -0.02152687 0.02292466 0.9994639 -0.02337366 0.02292484 0.9994639 -0.02337372 0.02104455 0.9994639 -0.02507996 0.02104461 0.9994639 -0.02508002 0.01903784 0.9994639 -0.0266354 0.01903784 0.9994639 -0.0266354 0.01691657 0.9994639 -0.02803057 0.01691651 0.9994639 -0.02803051 0.01469349 0.9994639 -0.02925717 0.01469343 0.9994639 -0.02925711 0.01238203 0.9994639 -0.03030782 0.01238209 0.9994639 -0.03030782 0.009996235 0.9994639 -0.0311762 0.009996235 0.9994639 -0.0311762 0.007550299 0.9994639 -0.03185713 0.007550239 0.9994639 -0.03185707 0.005058884 0.9994639 -0.03234636 0.005058884 0.9994639 -0.03234636 0.002537012 0.9994639 -0.03264111 0.005316734 0.990555 0.137013 0.01591825 0.990555 0.1361889 0.01591813 0.990555 0.1361892 0.02642399 0.9905549 0.1345461 0.02642416 0.990555 0.1345456 0.03677052 0.990555 0.1320935 0.03677052 0.9905551 0.1320934 0.04689621 0.9905551 0.1288468 0.04689633 0.9905551 0.1288465 0.05673998 0.9905551 0.1248249 0.05673992 0.990555 0.1248253 0.06624245 0.990555 0.1200529 0.06624245 0.990555 0.120053 0.07534641 0.990555 0.1145588 0.07534641 0.990555 0.1145588 0.08399736 0.990555 0.1083755 0.08399736 0.990555 0.1083754 0.09214305 0.990555 0.1015405 0.09214299 0.9905551 0.1015403 0.09973442 0.990555 0.09409469 0.09973442 0.9905551 0.09409451 0.1067261 0.9905549 0.08608287 0.1067261 0.990555 0.08608293 0.113076 0.990555 0.07755351 0.1130762 0.990555 0.07755398 0.1187461 0.9905549 0.06855809 0.1187461 0.9905549 0.06855797 0.1237016 0.990555 0.05915015 0.1237013 0.990555 0.0591498 0.127913 0.990555 0.04938602 0.1279129 0.9905551 0.04938584 0.1313553 0.9905551 0.03932499 0.1313559 0.990555 0.03932577 0.1340084 0.990555 0.02902811 0.1340081 0.9905549 0.02902787 0.1358547 0.990555 0.01855576 0.1358549 0.990555 0.01855593 0.1368843 0.990555 0.007972955 0.1368838 0.9905551 0.007972538 0.13709 0.9905551 -0.002658903 0.13709 0.9905551 -0.002658843 0.1364718 0.990555 -0.01327455 0.1364722 0.990555 -0.01327431 0.1350332 0.9905549 -0.02380979 0.1350329 0.9905551 -0.0238099 0.1327817 0.990555 -0.03420257 0.1327822 0.9905549 -0.03420239 0.1297326 0.9905549 -0.04438889 0.1297318 0.9905551 -0.04438912 0.1259019 0.9905551 -0.05430889 0.1259019 0.9905551 -0.05430883 0.1213149 0.990555 -0.06390196 0.1213148 0.990555 -0.06390196 0.1159982 0.990555 -0.07311081 0.1159982 0.990555 -0.07311081 0.1099838 0.990555 -0.08187997 0.1099838 0.9905551 -0.08187997 0.103308 0.990555 -0.09015667 0.1033084 0.990555 -0.09015673 0.09601122 0.990555 -0.09789133 0.09601092 0.990555 -0.09789127 0.08813649 0.990555 -0.105037 0.08813637 0.9905549 -0.1050369 0.07973188 0.990555 -0.1115509 0.07973176 0.9905551 -0.1115509 0.07084763 0.990555 -0.1173941 0.07084792 0.990555 -0.1173942 0.06153768 0.990555 -0.1225314 0.0615375 0.990555 -0.1225313 0.05185717 0.990555 -0.1269316 0.05185711 0.990555 -0.1269315 0.04186511 0.990555 -0.1305683 0.04186499 0.990555 -0.1305682 0.03162086 0.990555 -0.1334198 0.03162121 0.9905549 -0.1334202 0.02118706 0.990555 -0.1354694 0.02118712 0.990555 -0.1354694 0.01062554 0.990555 -0.1367039 0.01062524 0.9905551 -0.1367036 0.002657413 0.9905655 -0.1370142 0.002657592 0.9905655 -0.1370143 -0.002657413 0.9905655 -0.1370143 -0.002657592 0.9905655 -0.1370142 -0.01062548 0.990555 -0.1367036 -0.0106253 0.990555 -0.1367039 -0.02118706 0.990555 -0.1354694 -0.02118706 0.990555 -0.1354694 -0.03162097 0.990555 -0.1334202 -0.03162115 0.9905551 -0.1334197 -0.04186505 0.9905551 -0.1305681 -0.04186499 0.990555 -0.1305684 -0.05185717 0.990555 -0.1269316 -0.05185717 0.990555 -0.1269316 -0.06153768 0.990555 -0.1225312 -0.06153762 0.9905549 -0.1225315 -0.07084774 0.990555 -0.1173945 -0.07084774 0.990555 -0.1173941 -0.07973188 0.990555 -0.1115509 -0.07973188 0.990555 -0.1115509 -0.08813637 0.990555 -0.105037 -0.08813637 0.9905549 -0.1050369 -0.09601098 0.990555 -0.09789109 -0.09601098 0.990555 -0.09789133 -0.1033082 0.990555 -0.09015679 -0.1033081 0.990555 -0.09015655 -0.1099838 0.990555 -0.08187997 -0.1099838 0.990555 -0.08188003 -0.1159982 0.990555 -0.07311081 -0.1159982 0.990555 -0.07311075 -0.121315 0.990555 -0.06390178 -0.1213151 0.990555 -0.06390213 -0.1259022 0.990555 -0.05430901 -0.1259022 0.9905549 -0.05430895 -0.1297321 0.990555 -0.04438912 -0.129732 0.990555 -0.04438894 -0.1327816 0.990555 -0.03420245 -0.1327816 0.990555 -0.03420233 -0.1350328 0.9905551 -0.02380967 -0.135033 0.9905549 -0.0238099 -0.1364721 0.990555 -0.01327437 -0.1364721 0.990555 -0.01327443 -0.1370904 0.9905549 -0.002658903 -0.1370902 0.990555 -0.002658724 -0.136884 0.990555 0.007972538 -0.1368837 0.9905551 0.007972657 -0.1358544 0.990555 0.01855605 -0.1358547 0.990555 0.01855593 -0.1340081 0.990555 0.02902805 -0.1340084 0.990555 0.02902793 -0.1313561 0.990555 0.03932523 -0.1313555 0.990555 0.03932541 -0.1279131 0.990555 0.04938608 -0.1279134 0.990555 0.04938602 -0.1237016 0.990555 0.05914998 -0.1237017 0.990555 0.05914998 -0.1187461 0.990555 0.06855803 -0.1187459 0.9905549 0.06855803 -0.1130762 0.990555 0.0775538 -0.1130762 0.990555 0.07755386 -0.1067264 0.9905549 0.08608299 -0.106726 0.9905551 0.08608299 -0.09973436 0.9905551 0.09409451 -0.09973442 0.9905551 0.09409451 -0.09214287 0.9905551 0.1015403 -0.09214317 0.9905549 0.1015403 -0.0839973 0.990555 0.1083755 -0.0839973 0.990555 0.1083755 -0.07534652 0.990555 0.1145587 -0.07534635 0.9905551 0.1145587 -0.06624233 0.9905549 0.1200529 -0.06624257 0.990555 0.1200531 -0.05674028 0.990555 0.1248253 -0.0567398 0.9905551 0.124825 -0.0468961 0.9905551 0.1288465 -0.04689633 0.9905551 0.1288467 -0.03677052 0.990555 0.1320934 -0.03677058 0.990555 0.1320935 -0.02642387 0.9905549 0.1345457 -0.02642428 0.990555 0.1345461 -0.01591831 0.990555 0.1361892 -0.01591807 0.990555 0.1361889 -0.005316853 0.990555 0.1370129 -0.005316734 0.990555 0.1370127 0.005316853 0.990555 0.1370127 0.01077699 0.9606024 0.2777175 0.03226548 0.9606024 0.2760472 0.03226542 0.9606024 0.2760475 0.0535596 0.9606023 0.2727171 0.05355978 0.9606024 0.2727167 0.0745325 0.9606024 0.267746 0.07453203 0.9606021 0.2677473 0.09505659 0.9606021 0.2611664 0.09505653 0.9606019 0.2611665 0.1150091 0.9606021 0.2530149 0.1150093 0.9606024 0.2530141 0.1342703 0.9606023 0.2433409 0.1342702 0.9606022 0.2433414 0.152723 0.9606022 0.232205 0.152723 0.9606024 0.2322043 0.1702581 0.9606024 0.219671 0.1702581 0.9606022 0.2196713 0.1867691 0.9606023 0.2058168 0.1867691 0.9606022 0.2058172 0.2021564 0.9606022 0.1907253 0.2021564 0.9606022 0.190725 0.2163284 0.9606023 0.1744856 0.2163284 0.9606022 0.1744857 0.2291991 0.9606022 0.1571972 0.2291989 0.9606025 0.1571968 0.2406913 0.9606025 0.1389631 0.2406913 0.9606024 0.1389631 0.2507362 0.9606024 0.1198934 0.2507368 0.9606021 0.1198945 0.259274 0.9606021 0.1001032 0.2592741 0.960602 0.1001033 0.2662517 0.9606021 0.07971024 0.2662516 0.9606021 0.07971012 0.2716278 0.9606021 0.05883848 0.2716279 0.9606021 0.05883848 0.2753706 0.9606021 0.03761231 0.2753696 0.9606024 0.03761148 0.2774561 0.9606024 0.01615989 0.2774573 0.9606021 0.01616072 0.2778753 0.9606021 -0.005389094 0.2778747 0.9606022 -0.005389451 0.2766215 0.9606022 -0.02690678 0.2766214 0.9606022 -0.02690684 0.2737047 0.9606023 -0.04826074 0.2737041 0.9606024 -0.04826098 0.2691411 0.9606024 -0.06932646 0.2691406 0.9606025 -0.06932663 0.2629591 0.9606025 -0.0899744 0.2629608 0.9606021 -0.08997392 0.2551977 0.9606021 -0.1100811 0.2551966 0.9606023 -0.1100813 0.2458988 0.9606024 -0.1295258 0.2458987 0.9606024 -0.1295258 0.235122 0.9606024 -0.1481917 0.235122 0.9606024 -0.1481917 0.2229313 0.9606023 -0.1659662 0.2229312 0.9606024 -0.1659662 0.2093998 0.9606024 -0.1827426 0.2093997 0.9606024 -0.1827425 0.1946089 0.9606024 -0.1984199 0.1946091 0.9606023 -0.1984199 0.1786475 0.9606023 -0.2129043 0.178648 0.9606022 -0.2129044 0.1616125 0.9606022 -0.226108 0.1616124 0.9606022 -0.2261079 0.1436048 0.9606023 -0.2379517 0.1436043 0.9606024 -0.2379515 0.124733 0.9606024 -0.2483642 0.1247336 0.9606023 -0.2483644 0.1051118 0.9606022 -0.2572836 0.1051117 0.9606024 -0.2572835 0.08485829 0.9606023 -0.2646551 0.08485841 0.9606022 -0.2646552 0.06409442 0.9606022 -0.2704353 0.06409376 0.9606025 -0.2704346 0.04294472 0.9606024 -0.2745882 0.0429449 0.9606024 -0.2745884 0.021537 0.9606024 -0.2770906 0.02153742 0.9606023 -0.2770912 0.005386173 0.9606441 -0.27773 0.00538659 0.960644 -0.2777303 -0.005386173 0.960644 -0.2777304 -0.00538659 0.9606441 -0.27773 -0.02153706 0.9606023 -0.2770912 -0.02153736 0.9606024 -0.2770907 -0.04294472 0.9606024 -0.2745885 -0.04294484 0.9606024 -0.2745881 -0.06409424 0.9606025 -0.2704346 -0.06409394 0.9606023 -0.2704354 -0.08485847 0.9606022 -0.2646552 -0.08485847 0.9606023 -0.2646552 -0.1051118 0.9606022 -0.2572836 -0.1051118 0.9606023 -0.2572836 -0.1247333 0.9606023 -0.2483645 -0.1247333 0.9606024 -0.2483638 -0.1436045 0.9606025 -0.2379512 -0.1436044 0.9606022 -0.2379519 -0.1616123 0.9606022 -0.226108 -0.1616123 0.9606023 -0.2261078 -0.1786479 0.9606022 -0.2129042 -0.1786479 0.9606022 -0.2129045 -0.1946092 0.9606022 -0.1984205 -0.1946091 0.9606023 -0.19842 -0.2094 0.9606023 -0.1827426 -0.2094001 0.9606022 -0.182743 -0.2229317 0.9606022 -0.1659665 -0.2229317 0.9606021 -0.1659666 -0.2351225 0.9606022 -0.148192 -0.2351226 0.9606022 -0.148192 -0.2458993 0.9606022 -0.1295261 -0.245899 0.9606024 -0.1295255 -0.2551966 0.9606023 -0.1100811 -0.2551968 0.9606023 -0.1100814 -0.26296 0.9606023 -0.08997422 -0.2629601 0.9606022 -0.0899744 -0.2691417 0.9606022 -0.06932663 -0.2691417 0.9606022 -0.06932669 -0.2737047 0.9606022 -0.04826146 -0.2737043 0.9606023 -0.04826098 -0.2766211 0.9606024 -0.02690631 -0.2766212 0.9606023 -0.02690637 -0.2778744 0.9606024 -0.005389273 -0.2778745 0.9606022 -0.005389451 -0.2774566 0.9606022 0.01615989 -0.2774565 0.9606023 0.01615995 -0.2753699 0.9606023 0.03761225 -0.27537 0.9606024 0.03761225 -0.2716272 0.9606023 0.05883806 -0.2716268 0.9606024 0.05883824 -0.2662506 0.9606024 0.07971012 -0.2662511 0.9606022 0.07971 -0.2592735 0.9606023 0.100103 -0.2592733 0.9606024 0.1001031 -0.2507364 0.9606023 0.1198937 -0.2507364 0.9606023 0.1198937 -0.2406916 0.9606024 0.1389632 -0.2406915 0.9606024 0.1389632 -0.2291989 0.9606024 0.1571973 -0.2291991 0.9606023 0.1571973 -0.2163285 0.9606023 0.1744857 -0.2163287 0.9606022 0.1744857 -0.2021566 0.9606022 0.1907252 -0.2021569 0.9606022 0.1907253 -0.1867694 0.9606021 0.2058172 -0.1867691 0.9606022 0.2058171 -0.1702584 0.9606022 0.2196713 -0.1702579 0.9606024 0.2196711 -0.1527228 0.9606024 0.2322044 -0.1527235 0.9606022 0.2322047 -0.1342704 0.9606022 0.2433412 -0.1342696 0.9606024 0.2433408 -0.1150086 0.9606024 0.253014 -0.1150099 0.960602 0.2530148 -0.09505671 0.960602 0.2611666 -0.09505629 0.9606022 0.2611662 -0.07453262 0.9606021 0.2677469 -0.07453191 0.9606024 0.2677463 -0.0535596 0.9606024 0.2727168 -0.05355978 0.9606024 0.2727171 -0.03226548 0.9606023 0.2760474 -0.03226542 0.9606024 0.2760474 -0.01077634 0.9606024 0.2777176 -0.01077699 0.9606021 0.2777186 0.01077634 0.9606021 0.2777186 0.01601225 0.9107475 0.4126532 0.04794335 0.9107475 0.4101713 0.04794257 0.9107469 0.4101728 0.07958316 0.9107468 0.4052244 0.0795831 0.9107468 0.4052245 0.1107462 0.9107468 0.3978387 0.1107463 0.9107469 0.3978383 0.1412423 0.9107469 0.3880602 0.1412422 0.9107468 0.3880606 0.1708892 0.9107468 0.3759484 0.1708891 0.9107467 0.3759486 0.1995089 0.9107467 0.3615751 0.199509 0.9107471 0.3615744 0.2269276 0.9107469 0.3450272 0.2269276 0.9107466 0.3450279 0.2529823 0.9107468 0.3264051 0.2529823 0.9107474 0.3264036 0.2775157 0.9107473 0.3058177 0.2775157 0.9107471 0.3058183 0.3003793 0.910747 0.2833939 0.3003794 0.9107469 0.2833942 0.3214375 0.9107469 0.2592642 0.3214377 0.9107469 0.2592644 0.3405618 0.9107468 0.2335763 0.3405615 0.9107472 0.2335756 0.3576378 0.9107471 0.2064821 0.3576378 0.9107471 0.2064822 0.3725633 0.9107472 0.1781468 0.3725634 0.9107471 0.178147 0.3852477 0.9107471 0.1487413 0.385247 0.9107475 0.1487402 0.395615 0.9107476 0.1184387 0.3956153 0.9107473 0.118439 0.4036037 0.9107474 0.08742636 0.4036036 0.9107474 0.0874263 0.4091649 0.9107474 0.05588632 0.4091659 0.9107469 0.05588722 0.4122664 0.9107468 0.02401226 0.4122655 0.9107473 0.02401161 0.4128865 0.9107472 -0.00800842 0.4128879 0.9107467 -0.008007526 0.4110258 0.9107467 -0.03997951 0.4110246 0.9107472 -0.03998017 0.4066905 0.9107471 -0.07171076 0.4066928 0.9107462 -0.07170981 0.3999127 0.9107462 -0.1030104 0.3999114 0.9107467 -0.1030108 0.3907263 0.9107468 -0.1336911 0.390726 0.9107469 -0.1336913 0.3791913 0.9107468 -0.1635668 0.3791917 0.9107467 -0.1635667 0.3653758 0.9107467 -0.1924601 0.3653764 0.9107465 -0.19246 0.3493636 0.9107465 -0.220195 0.3493631 0.9107467 -0.220195 0.3312491 0.9107468 -0.2466057 0.3312489 0.9107468 -0.2466057 0.3111427 0.9107468 -0.2715335 0.3111429 0.9107468 -0.2715336 0.2891653 0.9107468 -0.2948282 0.2891655 0.9107467 -0.2948283 0.2654495 0.9107467 -0.3163495 0.2654478 0.9107474 -0.316349 0.240135 0.9107474 -0.335968 0.240136 0.9107469 -0.3359683 0.213379 0.9107469 -0.3535667 0.2133788 0.9107471 -0.3535666 0.1853379 0.910747 -0.3690388 0.1853382 0.9107469 -0.369039 0.1561831 0.9107469 -0.3822916 0.1561833 0.9107469 -0.3822917 0.1260891 0.9107469 -0.3932451 0.126089 0.9107469 -0.393245 0.095236 0.9107469 -0.4018335 0.09523653 0.9107466 -0.401834 0.0638113 0.9107467 -0.4080058 0.06381076 0.9107469 -0.4080052 0.03200143 0.910747 -0.4117232 0.03200137 0.910747 -0.4117231 0.008004486 0.9108346 -0.412694 0.008003592 0.9108349 -0.4126934 -0.008004486 0.9108349 -0.4126933 -0.008003592 0.9108346 -0.412694 -0.03200143 0.9107469 -0.4117231 -0.03200137 0.9107469 -0.4117232 -0.06381106 0.9107469 -0.4080052 -0.06381076 0.9107467 -0.4080058 -0.09523612 0.9107466 -0.4018341 -0.09523636 0.9107469 -0.4018334 -0.1260893 0.9107469 -0.3932449 -0.1260892 0.9107469 -0.393245 -0.156183 0.9107469 -0.3822917 -0.156183 0.9107471 -0.3822914 -0.1853381 0.910747 -0.3690388 -0.1853381 0.910747 -0.3690388 -0.2133787 0.9107471 -0.3535665 -0.2133788 0.9107471 -0.3535665 -0.2401355 0.9107471 -0.3359683 -0.2401354 0.9107472 -0.3359679 -0.2654486 0.9107472 -0.3163488 -0.2654487 0.910747 -0.3163493 -0.289165 0.9107471 -0.2948279 -0.289165 0.9107469 -0.2948282 -0.3111427 0.9107469 -0.2715332 -0.3111426 0.9107471 -0.271533 -0.3312485 0.910747 -0.2466056 -0.3312485 0.9107471 -0.2466053 -0.3493625 0.9107471 -0.2201943 -0.3493627 0.9107469 -0.2201948 -0.3653755 0.9107469 -0.19246 -0.3653751 0.9107472 -0.1924594 -0.3791906 0.9107471 -0.1635668 -0.3791907 0.9107471 -0.163567 -0.3907257 0.9107471 -0.1336906 -0.3907256 0.9107471 -0.1336904 -0.3999106 0.9107472 -0.1030102 -0.3999111 0.9107469 -0.1030108 -0.4066911 0.9107469 -0.07171088 -0.4066906 0.9107472 -0.0717104 -0.4110248 0.9107471 -0.0399791 -0.4110252 0.9107469 -0.03997951 -0.4128874 0.9107469 -0.008007824 -0.4128875 0.9107468 -0.008007884 -0.4122664 0.9107468 0.02401161 -0.4122664 0.9107468 0.02401167 -0.4091659 0.9107469 0.0558871 -0.4091658 0.9107469 0.05588716 -0.4036047 0.9107469 0.08742588 -0.4036042 0.9107471 0.08742612 -0.3956157 0.9107472 0.1184395 -0.3956157 0.9107472 0.1184395 -0.3852478 0.9107471 0.1487407 -0.385248 0.910747 0.1487406 -0.3725633 0.9107471 0.1781474 -0.3725635 0.9107469 0.1781474 -0.3576382 0.9107469 0.2064824 -0.3576382 0.9107469 0.2064824 -0.3405619 0.9107469 0.2335757 -0.3405612 0.9107472 0.2335757 -0.321437 0.9107472 0.2592641 -0.3214372 0.9107471 0.2592641 -0.3003792 0.9107471 0.2833938 -0.3003794 0.9107471 0.2833939 -0.277516 0.910747 0.305818 -0.2775154 0.9107474 0.3058179 -0.2529816 0.9107473 0.326404 -0.252983 0.9107468 0.3264045 -0.2269281 0.9107468 0.3450276 -0.2269274 0.910747 0.3450273 -0.1995085 0.910747 0.3615747 -0.1995094 0.9107466 0.3615751 -0.1708892 0.9107466 0.3759487 -0.170889 0.9107466 0.3759486 -0.1412427 0.9107467 0.3880606 -0.1412422 0.9107469 0.3880602 -0.1107461 0.9107469 0.3978384 -0.1107462 0.9107469 0.3978384 -0.0795831 0.9107469 0.4052243 -0.07958304 0.9107469 0.4052242 -0.04794341 0.9107469 0.4101725 -0.04794245 0.9107474 0.4101714 -0.01601165 0.9107475 0.4126533 -0.01601231 0.9107471 0.4126542 0.01601165 0.9107471 0.4126542 0.02091497 0.8420321 0.5390217 0.06262212 0.8420321 0.5357801 0.06262469 0.842035 0.5357753 0.1039538 0.842035 0.5293114 0.1039533 0.8420343 0.5293128 0.1446592 0.8420344 0.5196652 0.1446591 0.8420342 0.5196656 0.1844936 0.8420342 0.5068932 0.1844937 0.8420345 0.5068925 0.2232198 0.8420345 0.4910713 0.2232195 0.8420338 0.4910726 0.2606028 0.8420337 0.4722982 0.2606029 0.8420342 0.4722972 0.2964177 0.8420342 0.4506828 0.2964177 0.8420345 0.4506821 0.3304519 0.8420345 0.4263559 0.3304521 0.842033 0.4263587 0.3624982 0.8420332 0.3994687 0.362498 0.8420342 0.3994668 0.3923633 0.8420341 0.370175 0.3923637 0.8420331 0.3701769 0.4198701 0.8420332 0.338658 0.4198699 0.8420335 0.3386574 0.44485 0.8420335 0.3051032 0.44485 0.8420336 0.305103 0.4671558 0.8420338 0.2697123 0.4671558 0.8420337 0.2697123 0.4866518 0.8420336 0.2327001 0.4866517 0.8420338 0.2326999 0.503221 0.8420338 0.1942879 0.5032228 0.842032 0.1942906 0.5167658 0.842032 0.1547099 0.5167645 0.8420332 0.1547082 0.5271992 0.8420331 0.1141983 0.5271999 0.8420326 0.1141991 0.5344641 0.8420326 0.07300251 0.5344614 0.8420344 0.07300013 0.5385113 0.8420344 0.03136354 0.5385139 0.8420327 0.03136551 0.5393252 0.8420327 -0.01045948 0.5393231 0.842034 -0.01046085 0.5368908 0.842034 -0.05222165 0.53689 0.8420345 -0.05222207 0.5312286 0.8420343 -0.09367072 0.5312293 0.842034 -0.09367042 0.5223734 0.8420341 -0.1345539 0.5223731 0.8420342 -0.134554 0.5103751 0.8420342 -0.1746301 0.5103749 0.8420343 -0.1746302 0.4953076 0.8420343 -0.2136556 0.4953095 0.8420332 -0.2136552 0.4772637 0.8420332 -0.2513951 0.4772613 0.8420345 -0.2513954 0.4563446 0.8420344 -0.2876241 0.4563471 0.8420331 -0.287624 0.4326864 0.8420332 -0.3221221 0.4326852 0.8420338 -0.322122 0.406422 0.8420339 -0.3546832 0.4064215 0.8420341 -0.3546831 0.3777139 0.8420341 -0.3851115 0.3777146 0.8420337 -0.3851116 0.3467358 0.8420337 -0.4132233 0.3467367 0.8420332 -0.4132236 0.313672 0.8420333 -0.4388507 0.3136706 0.8420341 -0.4388501 0.2787199 0.8420339 -0.4618378 0.2787216 0.842033 -0.4618384 0.2420947 0.842033 -0.4820483 0.2420928 0.8420342 -0.4820473 0.2040097 0.8420341 -0.4993582 0.2040102 0.8420338 -0.4993585 0.1647005 0.8420338 -0.513666 0.1647006 0.8420338 -0.5136661 0.1244 0.8420338 -0.5248847 0.1243994 0.8420341 -0.5248842 0.08335089 0.842034 -0.5329459 0.08335179 0.8420334 -0.5329469 0.04180169 0.8420334 -0.5378034 0.04180109 0.842034 -0.5378025 0.01045495 0.8421722 -0.5391074 0.01045638 0.8421714 -0.5391084 -0.01045495 0.8421715 -0.5391085 -0.01045638 0.8421722 -0.5391074 -0.04180163 0.8420339 -0.5378023 -0.04180109 0.8420335 -0.5378033 -0.08335119 0.8420335 -0.5329468 -0.08335155 0.8420339 -0.532946 -0.1243998 0.8420339 -0.5248844 -0.1243996 0.8420336 -0.5248848 -0.1647006 0.8420336 -0.5136663 -0.1647008 0.8420339 -0.5136657 -0.2040099 0.8420339 -0.4993584 -0.2040098 0.8420338 -0.4993586 -0.2420938 0.8420338 -0.4820474 -0.2420937 0.8420332 -0.4820486 -0.2787209 0.8420332 -0.4618385 -0.2787209 0.8420335 -0.4618378 -0.3136713 0.8420336 -0.4388505 -0.3136714 0.8420335 -0.4388507 -0.346736 0.8420335 -0.4132236 -0.346736 0.8420337 -0.4132231 -0.3777147 0.8420337 -0.3851115 -0.3777147 0.8420335 -0.3851118 -0.406422 0.8420335 -0.3546839 -0.4064217 0.8420341 -0.3546829 -0.4326848 0.8420341 -0.3221217 -0.432685 0.8420338 -0.3221223 -0.4563462 0.8420338 -0.2876235 -0.4563462 0.8420338 -0.2876234 -0.4772626 0.8420338 -0.2513952 -0.477263 0.8420332 -0.2513963 -0.4953092 0.8420332 -0.2136559 -0.4953088 0.8420336 -0.2136553 -0.5103762 0.8420336 -0.17463 -0.5103763 0.8420335 -0.1746302 -0.5223741 0.8420335 -0.1345549 -0.5223738 0.8420336 -0.1345546 -0.53123 0.8420336 -0.09367018 -0.5312305 0.8420333 -0.0936706 -0.5368918 0.8420333 -0.05222171 -0.5368919 0.8420332 -0.05222177 -0.5393244 0.8420332 -0.01046025 -0.5393239 0.8420334 -0.01046001 -0.5385127 0.8420335 0.03136444 -0.5385124 0.8420336 0.03136456 -0.5344625 0.8420336 0.0730015 -0.534463 0.8420333 0.0730012 -0.527199 0.8420333 0.1141978 -0.5271986 0.8420335 0.1141979 -0.5167636 0.8420335 0.1547092 -0.5167643 0.8420332 0.154709 -0.5032216 0.8420332 0.194289 -0.503221 0.8420334 0.1942891 -0.4866519 0.8420335 0.2327006 -0.4866515 0.8420337 0.2327007 -0.4671558 0.8420337 0.2697123 -0.4671558 0.8420337 0.2697123 -0.4448501 0.8420337 0.3051028 -0.4448509 0.8420332 0.3051028 -0.4198703 0.8420331 0.3386578 -0.4198697 0.8420335 0.3386577 -0.3923639 0.8420335 0.370176 -0.3923626 0.8420341 0.3701758 -0.3624972 0.8420341 0.3994675 -0.3624991 0.8420332 0.399468 -0.3304531 0.8420332 0.4263579 -0.3304509 0.8420343 0.4263571 -0.296418 0.8420343 0.4506823 -0.2964183 0.8420342 0.4506825 -0.2606024 0.8420341 0.4722974 -0.2606029 0.8420338 0.4722977 -0.2232199 0.8420339 0.4910721 -0.2232187 0.8420346 0.4910714 -0.1844933 0.8420346 0.5068925 -0.1844943 0.8420341 0.5068931 -0.1446593 0.842034 0.5196657 -0.1446591 0.8420342 0.5196654 -0.1039541 0.8420342 0.5293127 -0.103953 0.8420351 0.5293116 -0.06262159 0.842035 0.5357757 -0.06262511 0.8420322 0.5357797 -0.02091735 0.8420322 0.5390215 -0.02091479 0.8420344 0.5390181 0.02091723 0.8420344 0.5390182 0.02538698 0.755897 0.6541982 0.07600563 0.755897 0.6502637 0.07600343 0.755894 0.6502674 0.1261684 0.755894 0.6424218 0.1261681 0.7558935 0.6424224 0.1755693 0.7558935 0.6307142 0.1755709 0.7558964 0.6307103 0.2239192 0.7558963 0.6152081 0.2239181 0.7558938 0.6152115 0.2709183 0.7558938 0.5960099 0.270919 0.7558959 0.596007 0.31629 0.7558959 0.5732207 0.3162899 0.7558954 0.5732215 0.3597599 0.7558954 0.5469872 0.3597598 0.7558934 0.54699 0.401066 0.7558934 0.5174662 0.4010659 0.7558952 0.5174636 0.4399588 0.7558952 0.4848286 0.4399588 0.7558946 0.4848294 0.4762068 0.7558946 0.4492777 0.4762067 0.7558951 0.449277 0.5095897 0.7558951 0.4110243 0.5095896 0.7558955 0.4110239 0.5399083 0.7558954 0.3702989 0.5399085 0.7558948 0.3702996 0.5669808 0.7558948 0.3273468 0.5669804 0.7558953 0.327346 0.5906426 0.7558953 0.2824246 0.5906429 0.755895 0.2824251 0.6107524 0.755895 0.2358056 0.6107516 0.755896 0.2358043 0.6271879 0.755896 0.1877675 0.6271885 0.7558953 0.1877683 0.6398533 0.7558953 0.1386007 0.6398531 0.7558954 0.1386006 0.6486693 0.7558955 0.08860105 0.6486703 0.7558946 0.088602 0.6535857 0.7558946 0.03806769 0.6535829 0.755897 0.03806543 0.6545674 0.7558971 -0.01269561 0.654569 0.7558957 -0.01269447 0.6516168 0.7558957 -0.06338167 0.6516183 0.7558945 -0.06338083 0.644747 0.7558946 -0.113687 0.6447467 0.7558948 -0.1136872 0.6339985 0.7558948 -0.1633062 0.6339981 0.755895 -0.1633064 0.6194361 0.7558951 -0.211947 0.619437 0.7558944 -0.2119467 0.6011502 0.7558945 -0.2593107 0.6011485 0.7558957 -0.2593111 0.5792465 0.7558957 -0.3051152 0.5792486 0.7558941 -0.3051149 0.5538622 0.7558943 -0.3490855 0.5538596 0.755896 -0.3490856 0.5251433 0.7558959 -0.390955 0.5251454 0.7558946 -0.390955 0.49327 0.7558946 -0.4304744 0.4932691 0.7558951 -0.4304743 0.458427 0.7558952 -0.4674047 0.4584261 0.7558957 -0.4674046 0.4208277 0.7558958 -0.5015234 0.4208285 0.7558952 -0.5015236 0.380699 0.7558952 -0.5326263 0.3806989 0.7558953 -0.5326263 0.3382785 0.7558953 -0.5605266 0.3382788 0.7558951 -0.5605267 0.2938258 0.7558951 -0.5850547 0.2938269 0.7558942 -0.5850553 0.247605 0.7558943 -0.6060656 0.2476041 0.755895 -0.6060652 0.1998951 0.755895 -0.6234299 0.1998949 0.7558951 -0.6234297 0.1509823 0.7558951 -0.6370455 0.1509827 0.7558947 -0.6370459 0.1011625 0.7558948 -0.64683 0.1011618 0.7558954 -0.6468294 0.05073332 0.7558954 -0.6527237 0.05073416 0.7558945 -0.6527248 0.01269114 0.7560774 -0.6543592 0.01269 0.756078 -0.6543585 -0.01269108 0.756078 -0.6543585 -0.01268994 0.7560774 -0.6543593 -0.05073344 0.7558946 -0.6527248 -0.0507341 0.7558953 -0.6527237 -0.1011623 0.7558953 -0.6468296 -0.1011621 0.755895 -0.6468299 -0.1509825 0.7558951 -0.6370456 -0.1509824 0.755895 -0.6370456 -0.1998951 0.755895 -0.6234298 -0.199895 0.7558948 -0.6234301 -0.2476045 0.7558948 -0.6060653 -0.2476044 0.7558947 -0.6060654 -0.293826 0.7558947 -0.5850551 -0.2938261 0.7558951 -0.5850546 -0.3382789 0.7558951 -0.5605266 -0.338279 0.7558956 -0.5605259 -0.3806985 0.7558956 -0.5326261 -0.3806985 0.7558951 -0.5326267 -0.4208281 0.7558952 -0.5015239 -0.4208281 0.7558958 -0.501523 -0.4584265 0.7558958 -0.4674042 -0.4584265 0.755896 -0.467404 -0.4932687 0.755896 -0.4304733 -0.4932692 0.7558945 -0.4304754 -0.5251446 0.7558945 -0.390956 -0.5251444 0.755895 -0.3909553 -0.5538614 0.755895 -0.349085 -0.5538613 0.7558951 -0.3490847 -0.5792469 0.7558951 -0.3051154 -0.5792467 0.7558956 -0.3051148 -0.601149 0.7558957 -0.2593102 -0.6011494 0.755895 -0.259311 -0.6194366 0.755895 -0.2119462 -0.6194364 0.7558951 -0.211946 -0.6339979 0.7558951 -0.1633071 -0.6339982 0.7558948 -0.1633074 -0.6447467 0.7558948 -0.1136869 -0.6447459 0.7558957 -0.1136861 -0.651617 0.7558957 -0.06338077 -0.6516169 0.7558957 -0.06338071 -0.6545689 0.7558957 -0.01269561 -0.6545687 0.7558959 -0.01269549 -0.6535843 0.7558958 0.03806662 -0.6535844 0.7558957 0.0380665 -0.6486691 0.7558957 0.08860099 -0.6486694 0.7558954 0.08860087 -0.6398531 0.7558954 0.1386007 -0.639854 0.7558947 0.1386002 -0.6271892 0.7558947 0.1877679 -0.6271883 0.7558954 0.1877683 -0.6107519 0.7558954 0.2358054 -0.6107519 0.7558955 0.2358054 -0.590642 0.7558954 0.2824253 -0.5906423 0.7558953 0.2824253 -0.5669804 0.7558953 0.3273461 -0.5669806 0.7558953 0.3273461 -0.5399086 0.7558953 0.3702986 -0.5399077 0.7558958 0.3702986 -0.509589 0.7558959 0.4110237 -0.5095902 0.7558951 0.4110237 -0.4762064 0.7558951 0.4492773 -0.4762064 0.755895 0.4492773 -0.4399587 0.755895 0.484829 -0.4399584 0.7558952 0.4848288 -0.4010649 0.7558952 0.5174644 -0.4010665 0.755894 0.5174648 -0.3597608 0.755894 0.5469885 -0.3597589 0.7558955 0.5469878 -0.3162901 0.7558954 0.5732214 -0.3162897 0.7558957 0.5732212 -0.2709177 0.7558956 0.5960079 -0.2709197 0.755894 0.596009 -0.2239201 0.7558941 0.6152105 -0.2239171 0.7558966 0.6152086 -0.1755684 0.7558965 0.6307108 -0.1755717 0.7558937 0.6307134 -0.1261683 0.7558937 0.6424223 -0.1261681 0.7558938 0.6424221 -0.07600605 0.7558939 0.6502673 -0.07600301 0.7558969 0.6502642 -0.02538543 0.7558969 0.6541984 -0.02538698 0.7558952 0.6542003 0.02538549 0.7558951 0.6542003 0.02932858 0.6541284 0.7558147 0.08781158 0.6541283 0.7512691 0.08781158 0.6541283 0.7512692 0.1457647 0.6541283 0.7422055 0.1457653 0.6541293 0.7422044 0.2028405 0.6541293 0.7286772 0.2028395 0.6541272 0.7286794 0.2586985 0.6541273 0.7107689 0.2586997 0.6541303 0.7107658 0.3129993 0.6541302 0.688582 0.3129985 0.6541276 0.6885848 0.3654183 0.6541277 0.6622586 0.3654184 0.6541286 0.6622576 0.415639 0.6541287 0.6319493 0.4156392 0.6541305 0.6319472 0.4633599 0.6541305 0.5978385 0.4633598 0.6541297 0.5978395 0.5082951 0.6541296 0.5601345 0.508295 0.6541299 0.5601342 0.5501726 0.6541298 0.5190611 0.5501725 0.6541301 0.5190607 0.5887418 0.6541301 0.4748651 0.5887422 0.6541284 0.4748669 0.6237701 0.6541284 0.4278164 0.6237699 0.654129 0.4278158 0.6550465 0.654129 0.3781921 0.6550464 0.6541295 0.3781916 0.6823843 0.6541295 0.3262917 0.6823846 0.6541289 0.3262923 0.7056174 0.6541288 0.2724325 0.7056173 0.6541293 0.272432 0.7246066 0.6541293 0.2169334 0.7246061 0.6541301 0.2169326 0.7392377 0.6541302 0.160129 0.7392375 0.6541305 0.1601287 0.7494233 0.6541305 0.1023626 0.7494236 0.6541301 0.1023629 0.7551023 0.6541301 0.04397952 0.7551035 0.6541288 0.04398053 0.756241 0.6541288 -0.01466637 0.7562395 0.6541305 -0.01466757 0.7528287 0.6541305 -0.07322752 0.7528302 0.6541289 -0.07322657 0.744892 0.654129 -0.1313437 0.7448898 0.6541312 -0.131345 0.7324719 0.6541311 -0.1886731 0.7324744 0.6541286 -0.1886718 0.715651 0.6541286 -0.2448657 0.7156478 0.6541318 -0.2448669 0.6945204 0.6541317 -0.2995881 0.6945224 0.65413 -0.2995876 0.6692178 0.6541299 -0.3525075 0.6692184 0.6541294 -0.3525074 0.6398895 0.6541293 -0.4033066 0.6398898 0.654129 -0.4033066 0.6067124 0.6541291 -0.4516804 0.6067117 0.6541297 -0.4516805 0.5698858 0.6541298 -0.4973374 0.5698867 0.6541289 -0.4973374 0.5296321 0.654129 -0.5400048 0.5296328 0.6541284 -0.5400049 0.4861947 0.6541283 -0.5794229 0.4861928 0.6541301 -0.5794225 0.4398302 0.6541299 -0.6153563 0.4398311 0.6541291 -0.6153566 0.3908222 0.6541291 -0.6475902 0.3908215 0.6541298 -0.64759 0.3394641 0.6541298 -0.6759278 0.3394641 0.6541298 -0.6759278 0.2860632 0.6541298 -0.7002015 0.2860639 0.654129 -0.7002018 0.2309441 0.6541292 -0.7202637 0.2309436 0.6541297 -0.7202634 0.1744337 0.6541298 -0.735994 0.1744334 0.6541302 -0.7359938 0.1168749 0.6541301 -0.7472978 0.1168755 0.6541294 -0.7472984 0.0586133 0.6541294 -0.7541083 0.05861347 0.6541291 -0.7541084 0.01466441 0.6543403 -0.756058 0.01466351 0.6543409 -0.7560576 -0.01466435 0.6543409 -0.7560576 -0.01466351 0.6543403 -0.756058 -0.05861341 0.6541292 -0.7541084 -0.05861359 0.6541294 -0.7541083 -0.1168749 0.6541295 -0.7472985 -0.1168752 0.6541299 -0.7472979 -0.1744338 0.6541299 -0.7359938 -0.1744337 0.6541298 -0.735994 -0.2309436 0.6541297 -0.7202634 -0.2309436 0.6541297 -0.7202635 -0.2860633 0.6541297 -0.7002016 -0.2860633 0.6541298 -0.7002015 -0.3394641 0.6541298 -0.6759278 -0.3394641 0.6541298 -0.6759279 -0.3908221 0.6541298 -0.6475896 -0.390822 0.6541291 -0.6475903 -0.4398306 0.6541291 -0.615357 -0.4398307 0.6541295 -0.6153565 -0.4861937 0.6541295 -0.5794223 -0.4861937 0.6541283 -0.5794237 -0.5296325 0.6541284 -0.5400052 -0.5296324 0.654129 -0.5400044 -0.5698863 0.6541289 -0.4973378 -0.5698862 0.6541298 -0.4973369 -0.606712 0.6541298 -0.4516801 -0.6067121 0.6541291 -0.4516808 -0.6398898 0.654129 -0.4033068 -0.6398897 0.6541294 -0.4033064 -0.6692184 0.6541295 -0.3525072 -0.6692185 0.6541293 -0.3525074 -0.6945226 0.6541292 -0.2995885 -0.694522 0.6541303 -0.2995874 -0.7156494 0.6541303 -0.2448661 -0.7156496 0.6541301 -0.2448664 -0.732473 0.6541301 -0.1886723 -0.7324733 0.6541297 -0.1886727 -0.7448912 0.6541297 -0.1313447 -0.7448918 0.6541289 -0.1313453 -0.7528302 0.6541289 -0.07322663 -0.7528289 0.6541305 -0.07322525 -0.7562395 0.6541305 -0.01466739 -0.7562397 0.6541302 -0.01466757 -0.7551022 0.6541303 0.04397946 -0.7551024 0.6541301 0.04397934 -0.7494236 0.6541301 0.1023626 -0.7494232 0.6541305 0.1023629 -0.7392374 0.6541305 0.160129 -0.7392378 0.6541301 0.1601287 -0.724606 0.6541301 0.2169332 -0.7246068 0.6541293 0.2169328 -0.7056172 0.6541293 0.2724319 -0.705617 0.6541295 0.2724319 -0.6823835 0.6541296 0.3262931 -0.6823836 0.6541296 0.326293 -0.6550464 0.6541296 0.3781915 -0.655047 0.654129 0.3781914 -0.6237699 0.654129 0.4278158 -0.6237706 0.6541284 0.4278157 -0.588743 0.6541284 0.474866 -0.588741 0.6541301 0.4748661 -0.5501722 0.6541301 0.5190612 -0.5501731 0.6541292 0.5190613 -0.5082955 0.6541293 0.5601344 -0.5082947 0.6541301 0.5601342 -0.4633598 0.6541301 0.597839 -0.4633599 0.6541301 0.597839 -0.4156386 0.6541301 0.6319481 -0.4156401 0.6541286 0.6319485 -0.3654177 0.6541286 0.662258 -0.3654186 0.6541277 0.6622584 -0.3130004 0.6541277 0.6885839 -0.3129978 0.6541302 0.6885826 -0.2586975 0.6541302 0.7107667 -0.2587006 0.6541271 0.7107684 -0.2028409 0.6541271 0.7286791 -0.2028391 0.6541289 0.7286779 -0.1457648 0.654129 0.7422049 -0.1457652 0.6541286 0.7422051 -0.08781147 0.6541284 0.751269 -0.08781158 0.6541283 0.7512691 -0.0293284 0.6541284 0.7558148 -0.02932858 0.6541282 0.7558149 0.02932846 0.6541282 0.7558149 0.6275312 0.5391086 0.561753 0.6556959 0.5388514 0.5288686 0.6556959 0.5388513 0.5288687 0.6947069 0.5388512 0.4764679 0.6947072 0.53885 0.476469 0.7295411 0.5388499 0.4212012 0.7295413 0.5388495 0.4212018 0.7599874 0.5388495 0.3634012 0.7599863 0.5388531 0.3633983 0.7858616 0.5388531 0.3034123 0.7858625 0.5388507 0.3034143 0.8070116 0.5388506 0.2416033 0.807012 0.5388498 0.241604 0.8233079 0.5388498 0.1783395 0.8233081 0.5388495 0.1783398 0.8346522 0.5388495 0.114004 0.8346521 0.5388496 0.1140039 0.8409767 0.5388497 0.0489825 0.8409754 0.538852 0.04898101 0.8422421 0.5388519 -0.01633691 0.8422449 0.5388477 -0.01633429 0.8384464 0.5388476 -0.08155244 0.838443 0.5388526 -0.08155524 0.8296019 0.5388525 -0.1462827 0.8296046 0.5388489 -0.1462808 0.8157743 0.5388489 -0.2101289 0.8157725 0.5388513 -0.21013 0.7970361 0.5388512 -0.2727138 0.797038 0.5388488 -0.2727128 0.7735068 0.5388489 -0.3336601 0.7735073 0.5388483 -0.3336599 0.7453267 0.5388485 -0.3925944 0.745323 0.5388528 -0.3925956 0.7126587 0.5388527 -0.4491718 0.7126594 0.538852 -0.4491717 0.675709 0.538852 -0.5030468 0.6757093 0.5388516 -0.5030467 0.6346947 0.5388514 -0.553897 0.6346958 0.5388501 -0.5538969 0.5898645 0.5388501 -0.6014154 0.5898631 0.5388517 -0.6014153 0.5414849 0.5388517 -0.6453163 0.5414859 0.5388505 -0.6453163 0.4898493 0.5388506 -0.6853376 0.4898499 0.53885 -0.6853377 0.4352682 0.53885 -0.7212366 0.4352679 0.5388503 -0.7212365 0.3780692 0.5388504 -0.7527975 0.3780696 0.5388499 -0.7527976 0.3185961 0.5388499 -0.7798316 0.3185955 0.5388506 -0.7798314 0.2572082 0.5388504 -0.8021746 0.2572078 0.5388509 -0.8021744 0.1942706 0.538851 -0.8196942 0.1942711 0.5388503 -0.8196945 0.1301671 0.5388503 -0.8322842 0.1301664 0.5388512 -0.8322837 0.06527912 0.5388512 -0.8398679 0.065279 0.5388513 -0.8398678 0.01633119 0.539067 -0.8421045 0.0163334 0.5390654 -0.8421056 -0.01633119 0.5390654 -0.8421056 -0.01633334 0.5390671 -0.8421044 -0.06527918 0.5388513 -0.8398678 -0.06527912 0.5388511 -0.8398679 -0.1301669 0.5388512 -0.8322837 -0.1301664 0.5388503 -0.8322842 -0.1942707 0.5388503 -0.8196946 -0.1942711 0.5388512 -0.8196939 -0.2572081 0.5388513 -0.8021742 -0.2572076 0.5388501 -0.802175 -0.3185958 0.5388502 -0.7798315 -0.3185957 0.5388499 -0.7798317 -0.3780693 0.5388499 -0.7527977 -0.3780694 0.5388503 -0.7527973 -0.4352681 0.5388504 -0.7212364 -0.4352681 0.5388505 -0.7212363 -0.4898496 0.5388506 -0.6853374 -0.4898496 0.5388506 -0.6853374 -0.5414851 0.5388506 -0.645317 -0.5414851 0.5388517 -0.645316 -0.5898638 0.5388517 -0.6014147 -0.5898638 0.53885 -0.6014161 -0.6346959 0.5388501 -0.5538969 -0.6346959 0.53885 -0.5538969 -0.6757096 0.53885 -0.5030479 -0.6757095 0.5388512 -0.5030468 -0.7126598 0.5388512 -0.4491719 -0.7126598 0.5388512 -0.449172 -0.7453246 0.5388512 -0.3925951 -0.7453248 0.5388501 -0.3925959 -0.7735068 0.53885 -0.3336583 -0.7735072 0.5388489 -0.3336592 -0.7970375 0.5388489 -0.2727143 -0.7970373 0.5388495 -0.2727138 -0.8157737 0.5388494 -0.2101299 -0.8157731 0.5388507 -0.2101289 -0.8296033 0.5388507 -0.1462817 -0.8296033 0.5388507 -0.1462817 -0.8384444 0.5388507 -0.08155339 -0.8384451 0.5388495 -0.08155423 -0.8422436 0.5388496 -0.01633578 -0.8422433 0.53885 -0.01633548 -0.8409765 0.53885 0.0489813 -0.8409767 0.5388497 0.04898107 -0.8346521 0.5388497 0.114004 -0.8346523 0.5388494 0.1140039 -0.8233081 0.5388495 0.1783396 -0.8233078 0.5388498 0.1783397 -0.8070122 0.5388499 0.2416035 -0.8070115 0.5388506 0.2416038 -0.7858626 0.5388506 0.3034139 -0.7858628 0.5388504 0.3034139 -0.759987 0.5388504 0.3634005 -0.7599871 0.5388503 0.3634005 -0.7295412 0.5388503 0.4212008 -0.7295407 0.5388507 0.4212009 -0.6947072 0.5388507 0.476468 -0.6947067 0.5388513 0.4764681 -0.6556954 0.5388512 0.5288694 -0.6556965 0.53885 0.5288693 -0.6256961 0.5390894 0.5638148 -0.6262828 0.5387005 0.563535 0.7172623 0.4126073 0.561507 0.751263 0.4124504 0.5152558 0.7512631 0.4124486 0.5152572 0.7889318 0.4124486 0.4554918 0.7889316 0.4124504 0.4554904 0.8218568 0.4124504 0.3929836 0.8218572 0.4124479 0.3929854 0.8498398 0.4124479 0.3281145 0.8498395 0.4124493 0.3281135 0.8727098 0.4124493 0.2612724 0.8727096 0.4124498 0.261272 0.8903319 0.4124497 0.1928585 0.8903315 0.412451 0.1928577 0.902599 0.412451 0.1232853 0.9025986 0.4124518 0.1232847 0.9094382 0.4124519 0.05296772 0.9094399 0.4124479 0.05297011 0.9108099 0.4124479 -0.01766431 0.9108079 0.4124524 -0.01766687 0.9067001 0.4124524 -0.08819311 0.9067018 0.4124491 -0.08819133 0.8971407 0.412449 -0.1581915 0.8971405 0.4124494 -0.1581916 0.8821843 0.4124494 -0.2272365 0.8821858 0.4124467 -0.2272353 0.8619236 0.4124467 -0.2949162 0.861924 0.412446 -0.2949159 0.836479 0.412446 -0.36082 0.8364752 0.4124521 -0.3608221 0.8059995 0.4124519 -0.4245566 0.8060029 0.4124467 -0.4245551 0.7706788 0.412447 -0.4857383 0.7706766 0.4124501 -0.4857391 0.7307174 0.41245 -0.5440011 0.7307193 0.4124472 -0.5440005 0.6863669 0.4124473 -0.598989 0.6863648 0.4124502 -0.5989894 0.6378837 0.4124501 -0.6503762 0.6378849 0.4124487 -0.650376 0.5855675 0.4124487 -0.6978516 0.5855673 0.412449 -0.6978515 0.5297282 0.4124489 -0.7411302 0.5297273 0.41245 -0.7411302 0.4707026 0.41245 -0.7799513 0.4707027 0.4124498 -0.7799513 0.4088469 0.4124497 -0.814082 0.4088475 0.4124488 -0.8140821 0.3445336 0.4124488 -0.8433164 0.3445323 0.4124507 -0.843316 0.2781455 0.4124507 -0.8674788 0.2781475 0.4124478 -0.8674796 0.2100867 0.4124477 -0.8864256 0.2100862 0.4124486 -0.8864254 0.1407637 0.4124485 -0.9000399 0.1407639 0.4124481 -0.90004 0.07059431 0.4124481 -0.9082416 0.07059347 0.4124496 -0.9082411 0.01766431 0.4126428 -0.9107217 0.01766186 0.4126449 -0.9107207 -0.01766425 0.4126449 -0.9107207 -0.01766186 0.4126428 -0.9107217 -0.07059431 0.4124496 -0.908241 -0.07059359 0.4124484 -0.9082416 -0.1407638 0.4124484 -0.9000399 -0.1407638 0.4124484 -0.9000399 -0.2100865 0.4124483 -0.8864254 -0.2100862 0.4124478 -0.8864257 -0.2781461 0.4124478 -0.86748 -0.2781472 0.4124504 -0.8674784 -0.3445329 0.4124503 -0.843316 -0.3445324 0.4124488 -0.8433169 -0.4088473 0.4124488 -0.8140822 -0.4088475 0.4124492 -0.8140819 -0.4707025 0.4124492 -0.7799518 -0.4707027 0.41245 -0.7799513 -0.5297282 0.41245 -0.7411296 -0.529728 0.4124489 -0.7411304 -0.5855671 0.412449 -0.6978517 -0.5855671 0.4124487 -0.697852 -0.6378842 0.4124487 -0.6503767 -0.6378844 0.4124502 -0.6503756 -0.6863655 0.4124501 -0.5989884 -0.6863655 0.4124498 -0.5989888 -0.7307183 0.4124498 -0.5439999 -0.7307183 0.4124491 -0.5440004 -0.7706773 0.4124492 -0.4857386 -0.7706774 0.4124488 -0.4857389 -0.8060013 0.4124488 -0.4245563 -0.8060012 0.412449 -0.4245561 -0.8364769 0.412449 -0.3608216 -0.8364766 0.4124501 -0.3608208 -0.861922 0.4124501 -0.2949156 -0.8619219 0.4124509 -0.2949151 -0.8821839 0.412451 -0.2272351 -0.8821843 0.4124494 -0.2272362 -0.8971407 0.4124493 -0.1581902 -0.8971408 0.412449 -0.1581904 -0.9067015 0.4124491 -0.08819329 -0.9067011 0.4124503 -0.08819258 -0.9108089 0.4124502 -0.01766431 -0.9108099 0.4124479 -0.01766568 -0.9094401 0.4124479 0.05296778 -0.9094391 0.4124497 0.0529688 -0.9025996 0.4124497 0.1232854 -0.9026001 0.4124488 0.1232849 -0.8903325 0.4124488 0.1928574 -0.8903321 0.4124497 0.1928578 -0.8727095 0.4124497 0.2612723 -0.8727099 0.4124493 0.2612721 -0.8498393 0.4124493 0.3281142 -0.8498387 0.41245 0.3281145 -0.8218567 0.41245 0.3929842 -0.8218564 0.4124504 0.3929843 -0.7889317 0.4124504 0.4554904 -0.7889322 0.4124495 0.4554902 -0.7512624 0.4124495 0.5152574 -0.7512631 0.4124486 0.5152572 -0.7142253 0.4125555 0.5654028 -0.7316472 0.3917264 0.5578914 0.7669318 0.2777286 0.5785174 0.7922763 0.2775408 0.5433869 0.7922765 0.2775437 0.5433851 0.8320021 0.2775437 0.4803563 0.8320019 0.2775402 0.4803584 0.8667255 0.2775401 0.4144377 0.8667255 0.2775391 0.4144383 0.8962348 0.2775391 0.3460279 0.8962347 0.2775405 0.346027 0.9203538 0.2775405 0.2755364 0.9203537 0.2775409 0.2755361 0.938938 0.277541 0.2033877 0.9389379 0.2775416 0.2033873 0.9518755 0.2775418 0.1300144 0.9518761 0.2775391 0.130016 0.9590891 0.2775389 0.05585902 0.9590893 0.2775381 0.0558595 0.960534 0.2775381 -0.01862931 0.9605343 0.2775369 -0.01862865 0.9562022 0.2775371 -0.09300768 0.956202 0.2775378 -0.0930081 0.9461196 0.2775378 -0.1668245 0.9461174 0.277544 -0.1668274 0.9303448 0.2775439 -0.2396415 0.9303445 0.2775446 -0.2396418 0.9089763 0.2775446 -0.3110164 0.9089767 0.2775434 -0.3110159 0.8821426 0.2775433 -0.3805182 0.8821434 0.2775416 -0.3805176 0.8500023 0.2775416 -0.4477353 0.8500026 0.277541 -0.447735 0.8127511 0.2775411 -0.5122564 0.8127519 0.2775394 -0.5122559 0.7706117 0.2775396 -0.5736981 0.7706088 0.2775447 -0.5736994 0.7238349 0.2775446 -0.63169 0.723837 0.2775406 -0.6316891 0.6727084 0.2775407 -0.6858823 0.672708 0.2775414 -0.6858824 0.6175346 0.2775414 -0.7359496 0.6175354 0.27754 -0.7359493 0.5586476 0.2775402 -0.7815909 0.5586478 0.27754 -0.7815909 0.4964007 0.2775399 -0.8225314 0.4963998 0.2775415 -0.8225315 0.4311681 0.2775414 -0.8585249 0.4311669 0.2775433 -0.8585248 0.363341 0.2775434 -0.8893554 0.3633428 0.2775405 -0.8893555 0.2933304 0.2775405 -0.9148379 0.2933306 0.2775403 -0.914838 0.2215567 0.2775403 -0.9348176 0.2215557 0.277542 -0.9348173 0.1484482 0.2775421 -0.9491752 0.1484483 0.2775418 -0.9491752 0.07444769 0.2775418 -0.9578247 0.07444828 0.2775408 -0.957825 0.0186302 0.2776853 -0.9604914 0.01862967 0.2776858 -0.9604913 -0.0186302 0.2776858 -0.9604913 -0.01862961 0.2776853 -0.9604915 -0.07444781 0.2775408 -0.9578249 -0.07444822 0.2775416 -0.9578247 -0.1484481 0.2775415 -0.9491754 -0.1484485 0.2775422 -0.9491751 -0.2215566 0.2775422 -0.934817 -0.2215558 0.2775403 -0.9348179 -0.2933304 0.2775403 -0.914838 -0.2933307 0.2775409 -0.9148377 -0.3633413 0.277541 -0.889356 -0.3633421 0.2775429 -0.8893551 -0.4311679 0.2775428 -0.8585245 -0.4311674 0.2775414 -0.8585252 -0.4964002 0.2775415 -0.8225312 -0.4963997 0.2775399 -0.822532 -0.5586476 0.27754 -0.7815909 -0.5586479 0.2775409 -0.7815905 -0.6175346 0.2775409 -0.7359496 -0.6175348 0.2775414 -0.7359493 -0.6727083 0.2775414 -0.6858822 -0.6727082 0.2775408 -0.6858826 -0.7238363 0.2775406 -0.6316899 -0.7238365 0.2775418 -0.6316892 -0.7706105 0.2775418 -0.5736985 -0.7706106 0.2775416 -0.5736986 -0.8127511 0.2775416 -0.5122563 -0.812751 0.2775411 -0.5122566 -0.8500024 0.2775411 -0.4477353 -0.8500024 0.2775438 -0.4477337 -0.882143 0.2775439 -0.3805171 -0.8821432 0.2775388 -0.3805202 -0.9089779 0.2775388 -0.3110169 -0.9089777 0.2775399 -0.3110162 -0.9303459 0.2775398 -0.2396418 -0.9303456 0.2775415 -0.2396408 -0.9461184 0.2775415 -0.1668256 -0.9461186 0.2775403 -0.1668263 -0.9562013 0.2775403 -0.09300762 -0.9562016 0.2775395 -0.09300804 -0.9605336 0.2775393 -0.01863062 -0.9605326 0.277543 -0.01862865 -0.9590879 0.2775429 0.05586028 -0.9590884 0.2775413 0.05585944 -0.9518753 0.2775415 0.1300157 -0.9518752 0.2775418 0.1300159 -0.938938 0.2775416 0.2033864 -0.9389383 0.2775409 0.203386 -0.920354 0.2775409 0.2755351 -0.9203532 0.2775428 0.275536 -0.8962338 0.2775427 0.3460275 -0.8962345 0.2775414 0.3460269 -0.8667241 0.2775413 0.4144396 -0.8667252 0.277539 0.4144389 -0.8320031 0.2775391 0.4803569 -0.8320025 0.2775406 0.4803574 -0.792277 0.2775408 0.5433861 -0.7922758 0.2775428 0.5433866 -0.7605865 0.2776977 0.5868495 -0.7911446 0.2415648 0.5619045 0.7891916 0.1370076 0.5986698 0.8169089 0.1369121 0.5602812 0.8169088 0.1369119 0.5602812 0.8578704 0.1369119 0.4952914 0.8578705 0.1369119 0.4952914 0.8936725 0.1369121 0.4273227 0.8936724 0.1369119 0.4273228 0.9240989 0.1369117 0.3567864 0.9240989 0.1369127 0.3567859 0.9489679 0.1369127 0.2841038 0.9489679 0.1369144 0.2841029 0.9681307 0.1369145 0.2097082 0.9681307 0.1369088 0.2097113 0.9814707 0.1369087 0.1340562 0.9814708 0.1369076 0.1340568 0.9889079 0.1369077 0.0575971 0.9889076 0.1369104 0.05759572 0.9903972 0.1369104 -0.01920622 0.9903966 0.1369148 -0.01920849 0.9859296 0.1369147 -0.0959019 0.9859305 0.1369095 -0.09589934 0.9755347 0.1369096 -0.1720114 0.9755347 0.136909 -0.1720111 0.9592711 0.136909 -0.247093 0.9592714 0.1369079 -0.2470925 0.9372392 0.1369079 -0.3206849 0.9372382 0.1369116 -0.3206865 0.9095695 0.1369116 -0.3923504 0.9095702 0.1369091 -0.3923493 0.8764309 0.1369092 -0.4616543 0.8764296 0.1369128 -0.4616557 0.8380194 0.1369128 -0.5281842 0.8380206 0.1369097 -0.5281831 0.7945697 0.1369098 -0.5915358 0.7945709 0.1369072 -0.5915349 0.7463415 0.1369073 -0.6513299 0.7463405 0.1369095 -0.6513306 0.6936246 0.1369096 -0.7072062 0.6936234 0.1369122 -0.7072069 0.6367344 0.1369121 -0.758831 0.6367344 0.136912 -0.758831 0.576016 0.1369118 -0.8058913 0.5760163 0.1369112 -0.8058912 0.5118346 0.1369112 -0.8481042 0.5118341 0.1369121 -0.8481044 0.4445731 0.1369122 -0.8852174 0.4445737 0.1369112 -0.8852173 0.3746383 0.136911 -0.9170069 0.3746379 0.1369118 -0.9170069 0.3024508 0.1369118 -0.9432809 0.3024502 0.1369128 -0.9432809 0.2284437 0.1369129 -0.9638819 0.2284452 0.1369102 -0.9638819 0.1530647 0.1369101 -0.9786863 0.1530636 0.1369122 -0.9786862 0.07676166 0.1369122 -0.9876046 0.07676231 0.1369109 -0.9876046 0.01921045 0.1369866 -0.9903866 0.0192101 0.136987 -0.9903866 -0.01921045 0.136987 -0.9903866 -0.01921004 0.1369866 -0.9903866 -0.07676166 0.1369106 -0.9876048 -0.07676243 0.1369122 -0.9876046 -0.1530646 0.1369122 -0.978686 -0.1530635 0.1369101 -0.9786865 -0.2284438 0.1369102 -0.9638823 -0.2284451 0.1369129 -0.9638816 -0.302451 0.1369128 -0.9432806 -0.3024503 0.1369113 -0.9432811 -0.3746383 0.1369113 -0.9170068 -0.374638 0.1369106 -0.917007 -0.4445729 0.1369106 -0.8852178 -0.4445735 0.1369122 -0.8852172 -0.5118342 0.1369121 -0.8481043 -0.5118339 0.1369112 -0.8481046 -0.5760164 0.1369112 -0.8058912 -0.5760164 0.1369111 -0.8058912 -0.6367348 0.1369111 -0.7588309 -0.6367345 0.1369104 -0.7588312 -0.6936232 0.1369104 -0.7072075 -0.6936236 0.1369115 -0.707207 -0.7463418 0.1369115 -0.6513288 -0.7463412 0.1369093 -0.6513298 -0.7945697 0.1369093 -0.5915358 -0.79457 0.1369098 -0.5915355 -0.83802 0.1369097 -0.5281839 -0.8380203 0.1369116 -0.5281829 -0.8764304 0.1369117 -0.4616547 -0.8764301 0.1369092 -0.461656 -0.9095697 0.1369091 -0.3923505 -0.9095701 0.136914 -0.3923479 -0.9372385 0.136914 -0.3206846 -0.9372384 0.1369104 -0.3206866 -0.9592709 0.1369104 -0.247093 -0.9592708 0.1369115 -0.2470924 -0.9755341 0.1369116 -0.1720126 -0.9755342 0.1369122 -0.1720124 -0.9859302 0.1369121 -0.09589928 -0.9859303 0.1369121 -0.09589928 -0.990397 0.1369122 -0.0192089 -0.9903972 0.1369104 -0.01920986 -0.9889075 0.1369104 0.05759847 -0.9889079 0.1369077 0.0575971 -0.9814711 0.1369076 0.134055 -0.9814699 0.1369138 0.134058 -0.9681301 0.1369138 0.2097108 -0.9681307 0.1369119 0.2097099 -0.9489683 0.1369119 0.2841026 -0.9489688 0.1369102 0.2841018 -0.9240991 0.1369103 0.3567865 -0.9240993 0.1369093 0.356786 -0.8936723 0.1369095 0.4273239 -0.8936713 0.1369121 0.427325 -0.8578704 0.1369119 0.4952914 -0.8578705 0.1369119 0.4952914 -0.8169092 0.1369119 0.5602807 -0.8169096 0.136911 0.5602804 -0.7953838 0.1370119 0.590417 -0.7878482 0.1495251 0.5974424 -0.5059275 0 0.862576 -0.7044743 8.35995e-4 0.709729 0.7783789 3.61827e-4 0.6277948 0.7739835 3.82916e-4 0.6332057 0.7778054 -1.49796e-4 0.6285052 0.7783291 4.12192e-4 0.6278564 0.7793048 2.57181e-6 0.6266451 0.7803363 -1.29084e-4 0.6253602 0.7739174 4.0844e-4 0.6332865 0.7044697 0 0.7097341 0.7141209 4.67362e-4 0.7000222 0.7044725 -8.35208e-4 0.7097308 0.7260647 0.001042008 0.6876257 0.7348013 0.002600789 0.6782774 0.740563 0.003949642 0.6719754 0.7783349 -2.58542e-4 0.6278493 0.7764925 -9.86987e-5 0.6301265 0.7701987 1.59502e-4 0.6378041 0.773692 -2.0863e-4 0.633562 0.7647444 3.36661e-4 0.6443337 0.7702842 -3.85491e-4 0.6377006 0.7662621 -6.67084e-5 0.6425282 0.7604544 4.8575e-5 0.6493914 0.7532376 -3.27446e-4 0.6577485 0.7455886 -0.001241266 0.6664053 0.7379648 -0.002633392 0.674834 0.7456787 0.005435645 0.6662836 0.7503045 0.007058024 0.6610547 0.7136428 -0.007754683 0.7004669 0.7560724 0.005365252 0.6544661 0.7232187 -0.006575644 0.6905878 0.7305774 -0.004405498 0.6828157 0.6195134 0 0.7849861 0.6325695 0.002717733 0.7744989 0.6261681 0.01198869 0.779596 0.6332917 0.004905283 0.7738977 0.6494161 -0.004462897 0.7604202 0.6408196 0.00253272 0.7676873 0.6474344 1.93271e-4 0.7621212 0.6766319 -0.001430451 0.7363201 0.6636757 0.02979302 0.7474269 0.6688588 0.02070182 0.7431012 0.6735811 0.01357764 0.7389886 0.6780292 0.008949875 0.7349805 0.6817402 0.005666375 0.7315725 0.6856113 0.003392338 0.7279599 0.6886955 0.001958191 0.7250481 0.6918805 9.95845e-4 0.7220113 0.6940208 5.49799e-4 0.7199547 0.6963126 2.04346e-4 0.7177386 0.6979374 9.19999e-5 0.7161588 0.6989482 2.6044e-5 0.7151723 0.7004171 1.07113e-6 0.7137339 0.7002444 1.67734e-6 0.7139032 0.7007562 0 0.7134009 0.7007562 0 0.7134008 0.7003929 -1.19024e-6 0.7137575 0.6992913 -1.7289e-5 0.7148368 0.6981323 -7.86818e-5 0.7159688 0.6966714 -1.79878e-4 0.7173904 0.6943591 -4.80176e-4 0.7196285 0.6924687 -8.73884e-4 0.7214475 0.6892293 -0.001710176 0.7245413 0.6831047 -0.004545211 0.7303063 0.6795169 -0.007628917 0.7336202 0.6901777 0.001861631 0.7236375 0.6703972 -9.5635e-4 0.7420018 0.6656238 -0.003676116 0.7462784 0.660115 -0.007144451 0.7511306 0.6549217 -0.013691 0.7555727 0.6593438 -0.007708251 0.751802 0.643864 4.41394e-4 0.7651399 0.6369031 -1.06722e-4 0.7709439 0.6283701 -0.001315534 0.7779135 0.6295072 -0.002398431 0.776991 0.6199001 -2.06348e-7 0.7846809 0.6153849 7.07518e-7 0.7882267 0.5404481 0 0.8413773 0.5590215 0.02488481 0.8287796 0.5701248 0.04633873 0.8202502 0.5753009 0.0340169 0.8172342 0.6023274 -0.003217041 0.7982428 0.4849984 0.03940057 0.873627 0.5031747 0.006141304 0.8641629 0.5235512 0 0.8519943 0.4665689 0.07252562 0.8815063 0.478515 0.03530991 0.8773692 0.440029 0 0.8979836 0.3202178 0 0.947344 0.3337501 0 0.9426617 0.3785467 0.02436995 0.9252613 0.3705573 0.05134761 0.9273892 0.4152476 0 0.9097084 0.2453888 0.004773259 0.969413 0.2734872 0.05110329 0.9605172 0.2837659 0.02790462 0.9584875 0.3083028 0.005935013 0.9512697 0.1916761 -0.06133997 0.9795395 0.1760133 -0.02032715 0.9841779 0.2122464 0 0.9772161 0.2218707 0 0.9750761 0.2248391 3.82429e-4 0.9743958 0.1780275 -0.03412514 0.9834337 0.1712055 -0.02326214 0.9849607 0.1651605 -0.01527255 0.9861484 0.13551 -0.00523746 0.9907621 0.1596261 -0.009902656 0.9871279 0.1544411 -0.005882024 0.9879845 0.1211949 0.01093447 0.9925686 0.1437499 -0.01110404 0.9895517 0.1394946 -0.007584452 0.9901938 0.1318449 -0.003403007 0.9912645 0.1283278 -0.002219915 0.9917293 0.1253535 -0.001363456 0.9921112 0.1225253 -8.43607e-4 0.992465 0.1204589 -5.10297e-4 0.9927182 0.1183568 -3.02016e-4 0.9929711 0.1171038 -1.89545e-4 0.9931197 0.1155331 -9.50874e-5 0.9933037 0.1148964 -5.83099e-5 0.9933775 0.1137875 0 0.9935051 0.1159167 1.11972e-4 0.9932589 0.1178039 2.47536e-4 0.9930369 0.11946 4.11629e-4 0.9928389 0.1216576 6.83842e-4 0.9925719 0.1239815 0.00111097 0.9922839 0.1271135 0.001810014 0.9918866 0.1301535 0.002832472 0.9914898 0.1339808 0.004339456 0.9909744 0.1375883 0.006463885 0.9904684 0.1419643 0.009356498 0.9898276 0.1250999 -0.007126867 0.9921185 0.1536598 0.002287149 0.9881212 0.1437405 -0.001605331 0.9896141 0.1607318 0.001649677 0.9869968 0.1660161 0.004407823 0.9861131 0.1722353 0.00802505 0.9850232 0.1781597 0.01432335 0.9838973 0.1841459 0.02097886 0.982675 0.186093 0.01860439 0.982356 0.1954879 0.01069217 0.9806478 0.200292 0.006733298 0.9797131 0.2122465 0 0.9772161 0.2299242 0 0.9732086 0.1137875 0 0.9935051 0.1050821 0 0.9944636 0.07465916 -0.001187622 0.9972084 0.0793876 -0.002180099 0.9968414 0.05714857 -5.89463e-4 0.9983655 0.0192489 0.00155884 0.9998134 -0.1159083 -1.11772e-4 0.9932599 -0.1736051 0.01544725 0.9846943 -0.1614336 1.13276e-5 0.9868836 -0.1675608 0.009265005 0.9858182 -0.1619097 0.005308032 0.9867913 -0.1365926 -0.007921755 0.9905956 -0.1544383 0.005886673 0.9879849 -0.1211765 -0.01095139 0.9925705 -0.1437479 0.01110172 0.989552 -0.1394949 0.007584214 0.9901938 -0.1355131 0.005239069 0.9907617 -0.1318447 0.003403127 0.9912645 -0.1283232 0.002218663 0.9917299 -0.1253533 0.001363575 0.9921112 -0.1225324 8.45095e-4 0.9924642 -0.1204581 5.10572e-4 0.9927183 -0.1137825 0 0.9935057 -0.1183409 3.00836e-4 0.992973 -0.1171028 1.89717e-4 0.9931198 -0.1155806 9.82035e-5 0.9932981 -0.1148712 5.72342e-5 0.9933804 -0.1137825 0 0.9935057 -0.07465016 0 0.9972098 -0.08289408 0.002052545 0.9965562 -0.02982783 -9.58074e-4 0.9995546 -0.02750605 -0.00122714 0.9996209 -0.01060503 0 0.9999437 0.02751588 0 0.9996214 -0.1178026 -2.47816e-4 0.9930371 -0.1194651 -4.12518e-4 0.9928384 -0.1216572 -6.84004e-4 0.992572 -0.1239767 -0.001110255 0.9922845 -0.127115 -0.001810669 0.9918864 -0.1301535 -0.002832531 0.9914898 -0.1339807 -0.004339456 0.9909744 -0.1375845 -0.00646156 0.990469 -0.115075 0.008380353 0.9933214 -0.1675231 -0.001012563 0.9858676 -0.1534463 0.002140998 0.9881547 -0.1607272 -0.001658141 0.9869974 -0.133718 0.003523945 0.9910131 -0.1488495 -0.009499132 0.9888142 -0.1445384 -0.00611931 0.9894803 -0.1740454 -0.002820014 0.9847336 -0.180049 -0.007113039 0.9836319 -0.1785882 -0.006005108 0.9839056 -0.189176 -5.77819e-4 0.9819431 -0.1963987 -5.33954e-5 0.9805241 -0.20058 1.59417e-4 0.9796773 -0.2091609 -0.001736462 0.9778797 -0.2122396 0 0.9772176 -0.2286459 0 0.9735097 -0.273778 0.02273446 0.9615242 -0.2768253 0.03359246 0.9603329 -0.2384544 0.006071209 0.9711347 -0.4271999 0 0.9041572 -0.4205697 0.001208961 0.9072595 -0.4023511 0.0112816 0.915416 -0.3781722 0.05070543 0.9243456 -0.3591396 0.003073573 0.9332788 -0.3215793 -6.26213e-4 0.9468824 -0.5130245 0 0.858374 -0.4973863 0.01985961 0.8673018 -0.4783043 0.04619753 0.8769782 -0.4779335 0.04504036 0.8772405 -0.4451699 0 0.8954461 -0.5525708 0 0.833466 -0.5701308 0.04613924 0.8202574 -0.5979349 -0.004298925 0.8015332 -0.6153804 -1.11704e-6 0.7882302 -0.6226244 -7.63863e-6 0.7825209 -0.6337356 -0.008216738 0.7735061 -0.639662 -8.55554e-4 0.7686558 -0.6251761 2.31447e-4 0.7804839 -0.619603 -0.001680791 0.7849135 -0.6408161 -0.002527952 0.7676903 -0.6474341 -1.92024e-4 0.7621214 -0.6766251 0.001411557 0.7363264 -0.663679 -0.02978819 0.7474242 -0.6688528 -0.02071297 0.7431063 -0.6735816 -0.01357877 0.7389881 -0.6780296 -0.008950769 0.7349801 -0.6817406 -0.00566709 0.731572 -0.6856117 -0.003392875 0.7279595 -0.688699 -0.001957178 0.7250447 -0.6918754 -9.97354e-4 0.7220163 -0.6940212 -5.50095e-4 0.7199544 -0.6963129 -2.04578e-4 0.7177382 -0.6979377 -9.21911e-5 0.7161585 -0.6989639 -2.52127e-5 0.715157 -0.7004235 8.83444e-7 0.7137275 -0.7003633 -1.38974e-6 0.7137866 -0.7016749 3.2454e-6 0.7124973 -0.7006914 0 0.7134644 -0.6992918 1.74438e-5 0.7148364 -0.6981074 8.02066e-5 0.7159931 -0.6966785 1.79211e-4 0.7173834 -0.6943595 4.80452e-4 0.7196282 -0.692459 8.7628e-4 0.7214568 -0.6892321 0.001709461 0.7245386 -0.6831051 0.004545748 0.730306 -0.6795175 0.007629334 0.7336196 -0.6900324 -0.001730263 0.7237764 -0.6703595 8.7618e-4 0.742036 -0.6655471 0.003561973 0.7463474 -0.6600556 0.006954491 0.7511846 -0.654834 0.01346588 0.7556528 -0.6591879 0.007635951 0.7519394 -0.6438678 -4.38863e-4 0.7651367 -0.6368682 1.06923e-4 0.7709727 -0.6283978 0.001300334 0.777891 -0.6295014 0.002346932 0.7769958 -0.6176956 -5.46505e-4 0.7864171 -0.7006915 0 0.7134645 -0.7044699 0 0.7097339 -0.7141178 -4.66233e-4 0.7000254 -0.7260615 -0.001039624 0.687629 -0.7347961 -0.002596735 0.6782832 -0.740547 -0.003941595 0.671993 -0.7650024 -3.19082e-5 0.6440274 -0.7662262 6.4018e-5 0.6425709 -0.7604144 -4.84214e-5 0.6494381 -0.7531811 3.32397e-4 0.6578132 -0.7455393 0.001249611 0.6664605 -0.737915 0.002644836 0.6748883 -0.7456513 -0.005422592 0.6663143 -0.7502828 -0.007044792 0.6610795 -0.7136224 0.007749021 0.7004876 -0.7560444 -0.005373716 0.6544982 -0.7231591 0.006596863 0.6906501 -0.7305216 0.004422426 0.6828753 -0.7783971 -3.61021e-4 0.6277722 -0.7739976 -3.75238e-4 0.6331884 -0.7778581 1.58829e-4 0.6284399 -0.7783647 -3.93711e-4 0.6278123 -0.7793292 1.40344e-6 0.6266147 -0.7804676 1.45985e-4 0.6251963 -0.7733905 -6.09134e-4 0.6339297 -0.7785518 2.81015e-4 0.6275804 -0.7767003 1.11318e-4 0.6298704 -0.7702066 -1.81532e-4 0.6377943 -0.773812 2.13796e-4 0.6334154 -0.7706322 2.13328e-5 0.6372803 -0.6198986 2.08674e-7 0.784682 -0.6153877 -7.06893e-7 0.7882245 -0.5913051 0.005902945 0.8064263 -0.5701256 -0.04633492 0.8202499 -0.5582259 -0.02338027 0.8293595 -0.5396398 0 0.8418959 -0.4204463 0 0.9073175 -0.4386557 0 0.8986552 -0.4785733 -0.03180634 0.8774714 -0.4643914 -0.07734256 0.8822464 -0.483649 -0.04187911 0.8742595 -0.3202215 0 0.9473427 -0.3506855 0 0.9364933 -0.3781417 -0.05227321 0.9242708 -0.3875182 -0.03214412 0.9213014 -0.4062151 -0.01056516 0.9137164 -0.2204146 0 0.9754063 -0.2122396 0 0.9772176 -0.2007335 0.006478309 0.9796245 -0.1967411 0.003191769 0.9804502 -0.1854608 -4.70778e-6 0.9826517 -0.2222638 -4.55077e-5 0.9749866 -0.2418093 -0.002554416 0.9703205 -0.273519 -0.04906135 0.9606146 -0.2791107 -0.03553622 0.9596011 -0.3061149 -0.007033586 0.9519686 0.422746 0 0.9062482 0.4128482 -0.005486428 0.9107833 0.3784487 -0.03333306 0.9250218 0.3900193 -0.07432818 0.9178019 0.3536735 -0.007087349 0.9353421 0.3320258 -3.89582e-4 0.9432703 0.3280857 0 0.9446479 0.273845 0 0.9617739 0.2916981 -0.0737403 0.9536638 0.2487851 -0.01345115 0.9684653 0.4646432 0 0.885498 0.4783626 -0.0433883 0.8770899 0.5130293 0 0.8583711 0.5525799 0 0.83346 0.5701304 -0.04612839 0.8202583 0.5806395 -0.0275343 0.813695 0.6153969 -3.69104e-6 0.7882174 0.6168464 -3.6409e-4 0.7870836 0.6000643 0.00232011 0.7999483 -0.07501113 -0.9943432 0.07519865 -0.07576954 -0.9953402 0.05963981 -0.131767 -0.9799948 0.1491566 -0.1486765 -0.9762153 0.1577945 -0.2176159 -0.9482674 0.231154 -0.1947041 -0.9550306 0.2236223 -0.2989154 -0.9039036 0.305954 -0.2680037 -0.9155805 0.2998106 -0.3568178 -0.8477322 0.3924681 -0.3551467 -0.848654 0.3919914 -0.4087669 -0.7802419 0.473426 -0.4085914 -0.7803831 0.4733446 -0.4438305 -0.733904 0.5141979 -0.4597367 -0.6984997 0.548398 -0.4673391 -0.6896877 0.5531049 -0.4986233 -0.6349449 0.5901015 -0.5067837 -0.6066884 0.6124536 -0.5172287 -0.5880823 0.6217988 -0.5498071 -0.5107543 0.6609404 -0.542765 -0.5218312 0.6581021 -0.5784451 -0.4074645 0.706664 -0.5817888 -0.4002673 0.708031 -0.5999637 -0.2941515 0.7439881 -0.6012576 -0.2904942 0.7443807 -0.6178156 -0.1824871 0.7648544 -0.5999256 -0.2203012 0.7691272 -0.6274787 -0.128368 0.7679793 -0.6167236 -0.1513487 0.7724931 -0.6239107 3.31797e-4 0.7814955 -0.6239178 3.13721e-4 0.7814899 -0.6239264 3.3571e-4 0.7814829 -0.1061044 0.988649 0.1063723 -0.09859001 0.9898483 0.1023731 -0.1556213 0.97451 0.1615927 -0.6211328 0.09452682 0.7779839 -0.6228553 0.08936005 0.7772169 -0.6118282 0.2068808 0.763457 -0.6150708 0.1959052 0.7637468 -0.5923836 0.3286492 0.7355756 -0.5989083 0.312346 0.7373933 -0.5655979 0.4417613 0.6963806 -0.5754681 0.4218232 0.7006438 -0.532432 0.5443276 0.6482467 -0.54602 0.5226707 0.6547347 -0.4916794 0.6408221 0.5895748 -0.5084269 0.6192681 0.5983387 -0.4506688 0.7180592 0.5303665 -0.4676544 0.6980225 0.5422766 -0.4040232 0.7856721 0.468492 -0.4226629 0.7681986 0.4808608 -0.3455117 0.8521179 0.3930864 -0.3635669 0.8384298 0.4060231 -0.2813028 0.9067398 0.3141525 -0.2976576 0.8971993 0.3262414 -0.2314879 0.9391703 0.2537175 -0.2239897 0.9428099 0.246856 -0.2005475 0.9556797 0.2155389 -0.1447797 0.9771524 0.1556023 2.86951e-5 1 1.87181e-5 2.89421e-5 1 1.87969e-5 2.76045e-5 1 2.76747e-5 2.51489e-5 1 2.41993e-5 2.54857e-5 1 2.12445e-5 2.24227e-5 1 1.76418e-5 2.60978e-5 1 2.16871e-5 2.58517e-5 1 2.08397e-5 2.72559e-5 1 2.19717e-5 2.78583e-5 1 2.27196e-5 2.74649e-5 1 1.84005e-5 2.71946e-5 1 1.79754e-5 3.10362e-5 1 1.4609e-5 3.24157e-5 1 1.68307e-5 2.72466e-5 1 1.41468e-5 3.03493e-5 1 1.72216e-5 3.01081e-5 1 1.71911e-5 2.53713e-5 1 1.44865e-5 2.75694e-5 1 1.55581e-5 2.91528e-5 1 1.87262e-5 2.90422e-5 1 1.86463e-5 3.02859e-5 1 1.41617e-5 3.05516e-5 1 1.43461e-5 3.14008e-5 1 1.47449e-5 2.91758e-5 1 1.2305e-5 3.2785e-5 1 1.38272e-5 3.22764e-5 1 1.3744e-5 3.13656e-5 1 1.20169e-5 3.08522e-5 1 1.15465e-5 3.56103e-5 1 1.17707e-5 3.00666e-5 1 9.9383e-6 3.35161e-5 1 8.81976e-6 3.92072e-5 1 1.51961e-5 4.00351e-5 1 1.60355e-5 3.25568e-5 1 7.94855e-6 3.39177e-5 1 8.28081e-6 3.38458e-5 1 8.23862e-6 3.60626e-5 1 5.80437e-6 3.44573e-5 1 5.371e-6 3.16964e-5 1 6.40944e-6 3.22922e-5 1 6.52991e-6 3.17382e-5 1 7.24851e-7 3.45865e-5 1 4.60996e-6 3.16677e-5 1 3.80843e-6 3.27423e-5 1 3.93766e-6 3.60416e-5 1 7.0272e-6 2.99012e-5 1 4.81267e-6 3.4236e-5 1 2.02222e-6 3.29331e-5 1 2.30409e-6 3.54437e-5 1 0 3.31351e-5 1 0 3.46819e-5 1 -1.99952e-6 3.30215e-5 1 -1.00979e-6 3.51588e-5 1 -4.07087e-6 3.27491e-5 1 -3.92269e-6 3.39939e-5 1 -4.99118e-6 3.32502e-5 1 -4.66249e-6 3.42777e-5 1 -5.49277e-6 3.16855e-5 1 -7.22978e-6 4.62581e-5 1 -2.18479e-6 3.20145e-5 1 -7.83641e-6 2.2645e-5 1 -5.25369e-6 3.21186e-5 1 -7.45159e-6 3.36524e-5 1 -9.23674e-6 3.29462e-5 1 -9.04291e-6 3.36233e-5 1 -9.33449e-6 3.11454e-5 1 -9.9007e-6 3.29463e-5 1 -1.04732e-5 3.4706e-5 1 -1.06804e-5 3.10813e-5 1 -1.10294e-5 3.18245e-5 1 -1.1533e-5 3.11405e-5 1 -1.12851e-5 3.25615e-5 1 -1.33087e-5 2.68236e-5 1 -1.35494e-5 3.00464e-5 1 -1.34997e-5 3.22415e-5 1 -1.5264e-5 2.9485e-5 1 -1.48315e-5 3.14753e-5 1 -1.91777e-5 2.86212e-5 1 -1.74387e-5 2.76777e-5 1 -1.53851e-5 4.07607e-5 1 -2.26575e-5 3.26629e-5 1 -1.79369e-5 3.14361e-5 1 -1.75237e-5 2.95744e-5 1 -1.4928e-5 2.94086e-5 1 -1.48443e-5 2.92094e-5 1 -1.81696e-5 2.74278e-5 1 -1.8252e-5 2.96914e-5 1 -1.97583e-5 2.71944e-5 1 -1.87705e-5 2.98297e-5 1 -2.10775e-5 2.86398e-5 1 -2.07548e-5 2.68504e-5 1 -1.9458e-5 2.50367e-5 1 -1.937e-5 2.8813e-5 1 -2.24777e-5 2.64117e-5 1 -2.18702e-5 2.22209e-5 1 -1.61634e-5 2.61403e-5 1 -2.377e-5 2.55142e-5 1 -2.36158e-5 2.59602e-5 1 -2.40287e-5 2.19248e-5 1 -2.28837e-5 1.97335e-5 1 -1.97833e-5 0.6191064 0.124114 0.7754373 0.6190728 0.1312331 0.7742911 0.6158936 0.1651977 0.7703148 0.6184152 0.1745619 0.7662185 0.6025393 0.2821565 0.7465482 0.6025862 0.2972109 0.7406454 0.577707 0.4025679 0.7100661 0.5756648 0.4219802 0.7003875 0.5457737 0.5110851 0.6640203 0.5412741 0.5326325 0.6506343 0.5080972 0.6073028 0.6107541 0.5017922 0.6289793 0.5937927 0.4615569 0.6990366 0.5461805 0.4541442 0.7190415 0.5260536 0.4083748 0.7806831 0.473037 0.3991737 0.7975704 0.4522629 0.3506803 0.8480331 0.39732 0.0637176 0.9959214 0.0638796 0.0662114 0.9954345 0.0687471 0.1301183 0.9822509 0.1351014 0.1358357 0.9801807 0.1442024 0.2062708 0.9536781 0.2189759 0.2146807 0.948533 0.2328032 0.2434449 0.9332958 0.2639957 0.2885475 0.9042518 0.3147523 0.2757682 0.9113688 0.3055467 0.3406451 0.8611087 0.3774291 0.6239305 4.74172e-4 0.7814796 0.6239209 4.49264e-4 0.7814874 0.6239094 4.78425e-4 0.7814965 0.6224376 -0.06865 0.7796529 0.6205496 -0.08937728 0.7790572 0.6243959 -0.110897 0.7731958 0.611528 -0.1954918 0.7666918 0.5014868 -0.6190891 0.6043507 0.5408459 -0.5426208 0.6426882 0.5424902 -0.5225373 0.6577684 0.5709475 -0.4314229 0.6984935 0.5716215 -0.4217081 0.7038546 0.587917 -0.3610395 0.7238813 0.5943762 -0.3121232 0.7411451 0.5982179 -0.3004099 0.7428925 0.6113213 -0.2236836 0.7591125 0.4450847 -0.7207151 0.5314784 0.4679418 -0.6911984 0.5507044 0.496533 -0.6418728 0.5843408 0.467615 -0.6980917 0.5422215 0.4179303 -0.7684782 0.4845365 0.4174014 -0.7699679 0.4826236 0.3633301 -0.8386631 0.405753 0.3630589 -0.8393234 0.4046289 0.2941254 -0.8973703 0.3289632 0.2863371 -0.9076928 0.3067651 0.2221885 -0.9429097 0.2480995 0.2151579 -0.9487972 0.231281 0.1526928 -0.9745639 0.1640427 0.1549299 -0.9693298 0.1907784 0.1142007 -0.9886155 0.09796792 0.1126247 -0.9872024 0.1129038 -3.22787e-5 -1 -1.37107e-5 -3.18897e-5 -1 1.51537e-5 -2.84876e-5 -1 2.13548e-5 -2.34682e-5 -1 2.27464e-5 -2.31098e-5 -1 2.43324e-5 -2.01971e-5 -1 2.96037e-5 -1.58024e-5 -1 1.58419e-5 -3.6415e-5 -1 -4.64648e-5 -3.04674e-5 -1 2.25213e-5 -3.21397e-5 -1 2.28939e-5 -2.71724e-5 -1 2.14454e-5 -2.47528e-5 -1 1.78e-5 -2.91856e-5 -1 2.09877e-5 -2.69755e-5 -1 2.20444e-5 -2.74982e-5 -1 1.93147e-5 -3.28951e-5 -1 1.92631e-5 -3.19783e-5 -1 1.52593e-5 -3.13014e-5 -1 1.53346e-5 -3.64484e-5 -1 1.97745e-5 -1.82475e-5 -1 6.48233e-6 -3.32198e-5 -1 1.18012e-5 -3.32641e-5 -1 1.35512e-5 -3.23362e-5 -1 1.27735e-5 -3.2589e-5 -1 1.51207e-5 -3.40892e-5 -1 1.53049e-5 -2.84858e-5 -1 1.27892e-5 -2.99304e-5 -1 1.2888e-5 -3.07694e-5 -1 2.36834e-5 -2.87638e-5 -1 1.81959e-5 -2.82322e-5 -1 1.20523e-5 -3.2968e-5 -1 1.14446e-5 -3.43782e-5 -1 9.17506e-6 -3.44864e-5 -1 9.20393e-6 -3.24415e-5 -1 5.82476e-6 -3.26764e-5 -1 5.7539e-6 -4.04296e-5 -1 1.18482e-5 -3.10801e-5 -1 1.04543e-5 -3.44507e-5 -1 5.83819e-6 -3.46721e-5 -1 6.39425e-6 -3.81875e-5 -1 5.37782e-6 -3.42901e-5 -1 4.82896e-6 -5.90934e-5 -1 5.51527e-5 -2.96579e-5 -1 -5.60705e-7 -3.26268e-5 -1 7.8278e-6 -3.59062e-5 -1 2.13316e-6 -3.17891e-5 -1 1.88857e-6 -5.25513e-5 -1 -1.14332e-5 -3.45182e-5 -1 -3.63861e-6 -3.4404e-5 -1 -3.92984e-6 -3.15261e-5 -1 -6.68369e-7 -3.58269e-5 -1 -7.59549e-7 -3.85376e-5 -1 -4.4701e-6 -3.4919e-5 -1 -2.94778e-6 -3.51549e-5 -1 -3.98746e-6 -3.68907e-5 -1 -3.36629e-6 -3.55813e-5 -1 -4.98686e-6 -3.32631e-5 -1 -3.86739e-6 -2.87626e-5 -1 -4.11185e-6 -3.22105e-5 -1 -4.60475e-6 -3.2616e-5 -1 -6.01278e-6 -3.59584e-5 -1 -6.62896e-6 -3.4122e-5 -1 -9.03754e-6 0 -1 0 -2.15355e-5 -1 -2.44747e-5 -3.48369e-5 -1 -8.20661e-6 -3.69049e-5 -1 -8.35409e-6 -3.24985e-5 -1 -1.14565e-5 -3.89191e-5 -1 -1.06226e-5 -3.66675e-5 -1 -9.24485e-6 -3.35486e-5 -1 -1.04955e-5 -3.16666e-5 -1 -9.90668e-6 -2.64608e-5 -1 -1.98978e-5 -3.59527e-5 -1 -1.62308e-5 -2.51319e-5 -1 -1.13458e-5 -2.67841e-5 -1 -1.13899e-5 -3.0681e-5 -1 -1.40471e-5 -3.22319e-5 -1 -1.30136e-5 -3.24998e-5 -1 -1.31218e-5 -3.15058e-5 -1 -1.5782e-5 -3.15487e-5 -1 -1.58035e-5 -3.14824e-5 -1 -1.73895e-5 -2.32653e-5 -1 -1.28507e-5 -2.79729e-6 -1 5.05647e-6 -3.05377e-5 -1 -1.58065e-5 -3.2127e-5 -1 -1.46089e-5 -3.40794e-5 -1 -1.46006e-5 -2.80364e-5 -1 -1.85791e-5 -2.82404e-5 -1 -1.87144e-5 -2.9956e-5 -1 -2.47692e-5 -2.73203e-5 -1 -2.25899e-5 -2.79039e-5 -1 -2.21472e-5 0 -1 0 -2.44007e-5 -1 -1.91666e-5 -2.4161e-5 -1 -2.19995e-5 -2.6238e-5 -1 -2.38907e-5 -2.61295e-5 -1 -2.41659e-5 -2.42772e-5 -1 -2.24528e-5 -2.33763e-5 -1 -2.26803e-5 -2.37301e-5 -1 -2.37889e-5 -0.0847994 0 0.996398 -0.0847994 0 0.996398 -0.2519839 0 0.9677314 -0.2519839 0 0.9677314 -0.4118899 0 0.9112336 -0.4118899 0 0.9112336 -0.5599829 0 0.8285042 -0.5599829 0 0.8285042 -0.6919417 0 0.7219534 -0.6919417 0 0.7219534 -0.8039959 0 0.5946349 -0.8039959 0 0.5946349 -0.8929252 0 0.4502051 -0.8929252 0 0.4502051 -0.9561645 0 0.2928301 -0.9561645 0 0.2928301 -0.9919006 0 0.127017 -0.9919006 0 0.127017 -0.9990988 0 -0.04244476 -0.9990988 0 -0.04244476 -0.9775542 0 -0.210684 -0.9775542 0 -0.210684 -0.9278917 0 -0.3728498 -0.9278917 0 -0.3728498 -0.8515273 0 -0.5243102 -0.8515273 0 -0.5243102 -0.7506687 0 -0.6606788 -0.7506687 0 -0.6606788 -0.6282258 0 -0.7780312 -0.6282258 0 -0.7780312 -0.4876925 0 -0.8730155 -0.4876925 0 -0.8730155 -0.3331476 0 -0.9428747 -0.3331476 0 -0.9428747 -0.1689882 0 -0.9856181 -0.1689882 0 -0.9856181 -0.04245972 0 -0.9990982 -0.04245972 0 -0.9990982 0.04245972 0 -0.9990982 0.04245972 0 -0.9990982 0.1689882 0 -0.9856181 0.1689882 0 -0.9856181 0.3331476 0 -0.9428747 0.3331476 0 -0.9428747 0.4876925 0 -0.8730155 0.4876925 0 -0.8730155 0.6282258 0 -0.7780312 0.6282258 0 -0.7780312 0.7506687 0 -0.6606788 0.7506687 0 -0.6606788 0.8515273 0 -0.5243102 0.8515273 0 -0.5243102 0.9278917 0 -0.3728498 0.9278917 0 -0.3728498 0.9775561 0 -0.2106754 0.9775561 0 -0.2106754 0.9990988 0 -0.04244476 0.9990988 0 -0.04244476 0.9919017 0 0.1270081 0.9919017 0 0.1270081 0.9561645 0 0.2928301 0.9561645 0 0.2928301 0.8929252 0 0.4502051 0.8929252 0 0.4502051 0.8039959 0 0.5946349 0.8039959 0 0.5946349 0.6919417 0 0.7219534 0.6919417 0 0.7219534 0.5599829 0 0.8285042 0.5599829 0 0.8285042 0.4118899 0 0.9112336 0.4118899 0 0.9112336 0.2519839 0 0.9677314 0.2519839 0 0.9677314 0.0847994 0 0.996398 0.0847994 0 0.996398 -0.2127015 -0.8563452 0.4705645 -0.1301255 -0.856345 0.4997404 -0.04379075 -0.856345 0.514544 -0.415187 -0.8563448 0.3070721 -0.3573217 -0.8563449 0.3728199 -0.2891773 -0.8563452 0.4278427 -0.5122214 -0.8563451 0.06559205 -0.4937673 -0.8563451 0.1512187 -0.4611104 -0.8563448 0.2324878 -0.4791673 -0.8563449 -0.1925413 -0.5048133 -0.8563448 -0.1087981 -0.5159388 -0.856345 -0.02191865 -0.3244186 -0.8563448 -0.4017788 -0.3876487 -0.8563447 -0.3411775 -0.4397323 -0.8563449 -0.270756 -0.08726626 -0.8563449 -0.5089775 -0.1720389 -0.8563449 -0.4869046 -0.2518466 -0.8563448 -0.450829 0.1720389 -0.8563449 -0.4869046 0.08726626 -0.8563449 -0.5089775 0.02188283 -0.856962 -0.5149147 0.3876487 -0.8563447 -0.3411775 0.3244186 -0.8563448 -0.4017788 0.2518466 -0.8563448 -0.450829 0.5048146 -0.8563446 -0.1087937 0.4791673 -0.8563449 -0.1925413 0.4397323 -0.8563449 -0.270756 0.4937673 -0.8563451 0.1512187 0.5122223 -0.8563449 0.06558752 0.5159393 -0.8563446 -0.02191865 0.3573217 -0.8563449 0.3728199 0.415187 -0.8563448 0.3070721 0.4611104 -0.8563449 0.2324878 0.1301255 -0.856345 0.4997404 0.2127015 -0.8563452 0.4705645 0.2891773 -0.8563452 0.4278427 0.04379075 -0.856345 0.514544 -0.02188283 -0.856962 -0.5149147 -0.08480834 0 0.9963973 -0.08480834 0 0.9963973 -0.251967 0 0.9677358 -0.251967 0 0.9677358 -0.4119123 0 0.9112235 -0.4119123 0 0.9112235 -0.5599768 0 0.8285083 -0.5599768 0 0.8285083 -0.691937 0 0.7219579 -0.691937 0 0.7219579 -0.8039959 0 0.5946349 -0.8039959 0 0.5946349 -0.8929271 0 0.4502015 -0.8929271 0 0.4502015 -0.9561645 0 0.2928301 -0.9561645 0 0.2928301 -0.9919003 0 0.1270181 -0.9919003 0 0.1270181 -0.9990988 0 -0.0424444 -0.9990988 0 -0.0424444 -0.9775542 0 -0.210684 -0.9775542 0 -0.210684 -0.9278892 0 -0.372856 -0.9278892 0 -0.372856 -0.8515323 0 -0.5243022 -0.8515323 0 -0.5243022 -0.7506687 0 -0.6606788 -0.7506687 0 -0.6606788 -0.6282203 0 -0.7780355 -0.6282203 0 -0.7780355 -0.4876993 0 -0.8730117 -0.4876993 0 -0.8730117 -0.3331316 0 -0.9428803 -0.3331316 0 -0.9428803 -0.1690145 0 -0.9856136 -0.1690145 0 -0.9856136 -0.04242384 0 -0.9990997 -0.04242384 0 -0.9990997 0.04242384 0 -0.9990997 0.04242384 0 -0.9990997 0.1690145 0 -0.9856136 0.1690145 0 -0.9856136 0.3331316 0 -0.9428803 0.3331316 0 -0.9428803 0.4876993 0 -0.8730117 0.4876993 0 -0.8730117 0.6282203 0 -0.7780355 0.6282203 0 -0.7780355 0.7506687 0 -0.6606788 0.7506687 0 -0.6606788 0.8515323 0 -0.5243022 0.8515323 0 -0.5243022 0.9278892 0 -0.372856 0.9278892 0 -0.372856 0.9775561 0 -0.2106754 0.9775561 0 -0.2106754 0.9990988 0 -0.0424444 0.9990988 0 -0.0424444 0.9919015 0 0.1270093 0.9919015 0 0.1270093 0.9561645 0 0.2928301 0.9561645 0 0.2928301 0.8929271 0 0.4502015 0.8929271 0 0.4502015 0.8039959 0 0.5946349 0.8039959 0 0.5946349 0.691937 0 0.7219579 0.691937 0 0.7219579 0.5599768 0 0.8285083 0.5599768 0 0.8285083 0.4119123 0 0.9112235 0.4119123 0 0.9112235 0.251967 0 0.9677358 0.251967 0 0.9677358 0.08480834 0 0.9963973 0.08480834 0 0.9963973 -0.2127132 -0.8563451 0.4705595 -0.1301168 -0.8563451 0.4997427 -0.0437954 -0.8563448 0.5145439 -0.415187 -0.8563448 0.3070721 -0.3573194 -0.8563448 0.3728223 -0.2891746 -0.8563448 0.4278455 -0.5122213 -0.8563451 0.06559264 -0.4937674 -0.8563449 0.1512187 -0.4611114 -0.8563448 0.232486 -0.479166 -0.8563449 -0.1925445 -0.5048131 -0.8563449 -0.1087981 -0.5159387 -0.8563451 -0.02191841 -0.3244157 -0.8563449 -0.401781 -0.3876484 -0.8563449 -0.3411772 -0.4397348 -0.856345 -0.2707518 -0.08727979 -0.8563451 -0.5089749 -0.1720306 -0.8563449 -0.4869075 -0.25185 -0.8563449 -0.4508268 0.1720306 -0.8563449 -0.4869075 0.08727979 -0.8563451 -0.5089749 0.02186435 -0.8569623 -0.5149149 0.3876484 -0.8563449 -0.3411772 0.3244157 -0.8563449 -0.401781 0.25185 -0.8563449 -0.4508268 0.5048144 -0.8563447 -0.1087937 0.479166 -0.8563449 -0.1925445 0.4397348 -0.856345 -0.2707518 0.4937674 -0.8563449 0.1512187 0.5122222 -0.8563449 0.06558811 0.5159393 -0.8563447 -0.02191847 0.3573194 -0.8563448 0.3728223 0.415187 -0.8563448 0.3070721 0.4611114 -0.8563448 0.232486 0.1301168 -0.8563451 0.4997427 0.2127132 -0.8563451 0.4705595 0.2891746 -0.8563448 0.4278455 0.0437954 -0.8563448 0.5145439 -0.02186435 -0.8569623 -0.5149149 -0.08480834 0 0.9963973 -0.08480834 0 0.9963973 -0.2519692 0 0.9677352 -0.2519692 0 0.9677352 -0.411909 0 0.911225 -0.411909 0 0.911225 -0.5599768 0 0.8285083 -0.5599768 0 0.8285083 -0.691937 0 0.7219579 -0.691937 0 0.7219579 -0.8039959 0 0.5946349 -0.8039959 0 0.5946349 -0.8929307 0 0.4501943 -0.8929307 0 0.4501943 -0.9561645 0 0.2928301 -0.9561645 0 0.2928301 -0.9919015 0 0.1270093 -0.9919015 0 0.1270093 -0.9990988 0 -0.0424444 -0.9990988 0 -0.0424444 -0.9775598 0 -0.2106581 -0.9775598 0 -0.2106581 -0.9278861 0 -0.3728638 -0.9278861 0 -0.3728638 -0.8515323 0 -0.5243022 -0.8515323 0 -0.5243022 -0.7506643 0 -0.6606839 -0.7506643 0 -0.6606839 -0.6282203 0 -0.7780355 -0.6282203 0 -0.7780355 -0.4877032 0 -0.8730095 -0.4877032 0 -0.8730095 -0.3331316 0 -0.9428803 -0.3331316 0 -0.9428803 -0.169013 0 -0.9856138 -0.169013 0 -0.9856138 -0.04242461 0 -0.9990997 -0.04242461 0 -0.9990997 0.04242461 0 -0.9990997 0.04242461 0 -0.9990997 0.169013 0 -0.9856138 0.169013 0 -0.9856138 0.3331316 0 -0.9428803 0.3331316 0 -0.9428803 0.4876955 0 -0.8730137 0.4876955 0 -0.8730137 0.6282203 0 -0.7780355 0.6282203 0 -0.7780355 0.7506732 0 -0.6606737 0.7506732 0 -0.6606737 0.8515323 0 -0.5243022 0.8515323 0 -0.5243022 0.9278861 0 -0.3728638 0.9278861 0 -0.3728638 0.9775561 0 -0.2106754 0.9775561 0 -0.2106754 0.9990988 0 -0.0424444 0.9990988 0 -0.0424444 0.9919015 0 0.1270093 0.9919015 0 0.1270093 0.9561645 0 0.2928301 0.9561645 0 0.2928301 0.8929234 0 0.4502086 0.8929234 0 0.4502086 0.8039959 0 0.5946349 0.8039959 0 0.5946349 0.691937 0 0.7219579 0.691937 0 0.7219579 0.5599768 0 0.8285083 0.5599768 0 0.8285083 0.411909 0 0.911225 0.411909 0 0.911225 0.2519692 0 0.9677352 0.2519692 0 0.9677352 0.08480834 0 0.9963973 0.08480834 0 0.9963973 -0.2127115 -0.856345 0.4705604 -0.1301179 -0.8563449 0.4997425 -0.0437954 -0.8563448 0.5145439 -0.415187 -0.8563448 0.3070721 -0.3573194 -0.8563448 0.3728223 -0.2891746 -0.8563448 0.4278455 -0.5122228 -0.8563446 0.06558823 -0.493768 -0.8563446 0.1512188 -0.4611135 -0.8563446 0.2324824 -0.4791641 -0.856345 -0.1925483 -0.5048164 -0.8563447 -0.1087848 -0.5159398 -0.8563444 -0.02191847 -0.3244159 -0.8563446 -0.4017812 -0.3876463 -0.8563449 -0.34118 -0.4397348 -0.856345 -0.2707518 -0.08727902 -0.8563451 -0.5089752 -0.1720306 -0.8563449 -0.4869075 -0.251852 -0.8563449 -0.4508259 0.1720306 -0.8563449 -0.4869075 0.08727902 -0.8563451 -0.5089752 0.02186471 -0.8569624 -0.5149149 0.3876506 -0.8563451 -0.3411746 0.3244155 -0.8563451 -0.4017807 0.2518479 -0.8563451 -0.4508278 0.5048139 -0.8563451 -0.1087936 0.4791641 -0.856345 -0.1925483 0.4397348 -0.856345 -0.2707518 0.4937669 -0.8563453 0.1512185 0.5122217 -0.8563452 0.06558805 0.5159387 -0.8563451 -0.02191841 0.3573194 -0.8563448 0.3728223 0.415187 -0.8563448 0.3070721 0.4611093 -0.8563449 0.2324896 0.1301179 -0.8563449 0.4997425 0.2127115 -0.856345 0.4705604 0.2891746 -0.8563448 0.4278455 0.0437954 -0.8563448 0.5145439 -0.02186471 -0.8569624 -0.5149149 0 0 -1 0 0 -1 1 0 0 1 0 0 -1 0 0 -1 0 0 0 -1 0 0 -1 0 0 -1 0 0 -1 0 0 -1 0 0 -1 0 0 -1 0 -0.0847994 0 0.996398 -0.0847994 0 0.996398 -0.2519861 0 0.9677309 -0.2519861 0 0.9677309 -0.4118865 0 0.9112352 -0.4118865 0 0.9112352 -0.5599829 0 0.8285042 -0.5599829 0 0.8285042 -0.6919417 0 0.7219534 -0.6919417 0 0.7219534 -0.8039959 0 0.5946349 -0.8039959 0 0.5946349 -0.8929288 0 0.4501979 -0.8929288 0 0.4501979 -0.9561645 0 0.2928301 -0.9561645 0 0.2928301 -0.9919017 0 0.1270081 -0.9919017 0 0.1270081 -0.9990988 0 -0.04244476 -0.9990988 0 -0.04244476 -0.9775598 0 -0.2106581 -0.9775598 0 -0.2106581 -0.9278886 0 -0.3728575 -0.9278886 0 -0.3728575 -0.8515273 0 -0.5243102 -0.8515273 0 -0.5243102 -0.7506643 0 -0.6606839 -0.7506643 0 -0.6606839 -0.6282258 0 -0.7780312 -0.6282258 0 -0.7780312 -0.4876963 0 -0.8730133 -0.4876963 0 -0.8730133 -0.3331476 0 -0.9428747 -0.3331476 0 -0.9428747 -0.1689867 0 -0.9856184 -0.1689867 0 -0.9856184 -0.0424605 0 -0.9990982 -0.0424605 0 -0.9990982 0.0424605 0 -0.9990982 0.0424605 0 -0.9990982 0.1689867 0 -0.9856184 0.1689867 0 -0.9856184 0.3331476 0 -0.9428747 0.3331476 0 -0.9428747 0.4876887 0 -0.8730176 0.4876887 0 -0.8730176 0.6282258 0 -0.7780312 0.6282258 0 -0.7780312 0.7506732 0 -0.6606737 0.7506732 0 -0.6606737 0.8515273 0 -0.5243102 0.8515273 0 -0.5243102 0.9278886 0 -0.3728575 0.9278886 0 -0.3728575 0.9775561 0 -0.2106754 0.9775561 0 -0.2106754 0.9990988 0 -0.04244476 0.9990988 0 -0.04244476 0.9919017 0 0.1270081 0.9919017 0 0.1270081 0.9561645 0 0.2928301 0.9561645 0 0.2928301 0.8929216 0 0.4502122 0.8929216 0 0.4502122 0.8039959 0 0.5946349 0.8039959 0 0.5946349 0.6919417 0 0.7219534 0.6919417 0 0.7219534 0.5599829 0 0.8285042 0.5599829 0 0.8285042 0.4118865 0 0.9112352 0.4118865 0 0.9112352 0.2519861 0 0.9677309 0.2519861 0 0.9677309 0.0847994 0 0.996398 0.0847994 0 0.996398 -0.2126998 -0.8563451 0.4705654 -0.1301266 -0.856345 0.4997403 -0.04379075 -0.856345 0.514544 -0.415187 -0.8563448 0.3070721 -0.3573217 -0.8563449 0.3728199 -0.2891773 -0.8563452 0.4278427 -0.5122228 -0.8563446 0.06558763 -0.4937678 -0.8563447 0.1512188 -0.4611125 -0.8563448 0.2324842 -0.4791654 -0.8563451 -0.1925451 -0.5048165 -0.8563447 -0.1087849 -0.51594 -0.8563444 -0.02191871 -0.3244189 -0.8563445 -0.4017791 -0.3876466 -0.8563446 -0.3411803 -0.4397323 -0.8563449 -0.270756 -0.08726549 -0.8563448 -0.5089777 -0.1720389 -0.8563449 -0.4869046 -0.2518486 -0.8563447 -0.4508281 0.1720389 -0.8563449 -0.4869046 0.08726549 -0.8563448 -0.5089777 0.02188324 -0.856962 -0.5149148 0.3876509 -0.8563449 -0.3411748 0.3244184 -0.8563449 -0.4017785 0.2518445 -0.8563449 -0.4508301 0.504814 -0.856345 -0.1087936 0.4791654 -0.8563451 -0.1925451 0.4397323 -0.8563449 -0.270756 0.4937668 -0.8563454 0.1512185 0.5122217 -0.8563453 0.06558746 0.5159387 -0.856345 -0.02191865 0.3573217 -0.8563449 0.3728199 0.415187 -0.8563448 0.3070721 0.4611083 -0.8563451 0.2324914 0.1301266 -0.856345 0.4997403 0.2126998 -0.8563451 0.4705654 0.2891773 -0.8563452 0.4278427 0.04379075 -0.856345 0.514544 -0.02188324 -0.856962 -0.5149148 0 -1 0 0 -1 0 0 -1 0 0 -1 0 0 -1 0 0 -1 0 0 -1 0 0 -1 0 0 -1 0 0 -1 0 0 -1 0 0 -1 0 0 -1 0 0 -1 0 0 -1 0 0 -1 0 0 -1 0 0 -1 0 0 -1 0 0 -1 0 0 -1 0 0 -1 0 0 -1 0 0 -1 0 0 -1 0 0 -1 0 0 -1 0 0 -1 0 0 -1 0 0 -1 0 0 -1 0 0 -1 0 0 -1 0 0 -1 0 0 -1 0 0 -1 0 0 -1 0 0 -1 0 -0.08480489 0 0.9963976 -0.08480489 0 0.9963976 -0.251986 0 0.9677308 -0.251986 0 0.9677308 -0.4118872 0 0.9112349 -0.4118872 0 0.9112349 -0.559983 0 0.8285043 -0.559983 0 0.8285043 -0.6919386 0 0.7219564 -0.6919386 0 0.7219564 -0.8039944 0 0.5946368 -0.8039944 0 0.5946368 -0.8929288 0 0.4501979 -0.8929288 0 0.4501979 -0.9561666 0 0.2928234 -0.9561666 0 0.2928234 -0.9919011 0 0.1270126 -0.9919011 0 0.1270126 -0.9990993 0 -0.04243254 -0.9990993 0 -0.04243254 -0.9775547 0 -0.2106819 -0.9775547 0 -0.2106819 -0.9278883 0 -0.3728585 -0.9278883 0 -0.3728585 -0.8515307 0 -0.5243049 -0.8515307 0 -0.5243049 -0.7506638 0 -0.6606844 -0.7506638 0 -0.6606844 -0.6282178 0 -0.7780376 -0.6282178 0 -0.7780376 -0.4877128 0 -0.8730042 -0.4877128 0 -0.8730042 -0.3331307 0 -0.9428807 -0.3331307 0 -0.9428807 -0.1690121 0 -0.985614 -0.1690121 0 -0.985614 -0.04242432 0 -0.9990997 -0.04242432 0 -0.9990997 0.04242432 0 -0.9990997 0.04242432 0 -0.9990997 0.1690096 0 -0.9856144 0.1690096 0 -0.9856144 0.3331354 0 -0.9428791 0.3331354 0 -0.9428791 0.4877128 0 -0.8730042 0.4877128 0 -0.8730042 0.6282104 0 -0.7780436 0.6282104 0 -0.7780436 0.7506638 0 -0.6606844 0.7506638 0 -0.6606844 0.8515307 0 -0.5243049 0.8515307 0 -0.5243049 0.9278934 0 -0.3728456 0.9278934 0 -0.3728456 0.9775547 0 -0.2106819 0.9775547 0 -0.2106819 0.9990987 0 -0.0424475 0.9990987 0 -0.0424475 0.9919011 0 0.1270126 0.9919011 0 0.1270126 0.9561666 0 0.2928234 0.9561666 0 0.2928234 0.8929228 0 0.4502099 0.8929228 0 0.4502099 0.8040016 0 0.5946271 0.8040016 0 0.5946271 0.6919311 0 0.7219636 0.6919311 0 0.7219636 0.5599899 0 0.8284996 0.5599899 0 0.8284996 0.4118816 0 0.9112374 0.4118816 0 0.9112374 0.251986 0 0.9677308 0.251986 0 0.9677308 0.08480489 0 0.9963976 0.08480489 0 0.9963976 0 -1 0 0 -1 0 0 -1 0 0 -1 0 0 -1 0 0 -1 0 0 -1 0 0 -1 0 0 -1 0 0 -1 0 0 -1 0 0 -1 0 0 -1 0 0 -1 0 0 -1 0 0 -1 0 0 -1 0 0 -1 0 0 -1 0 0 -1 0 0 -1 0 0 -1 0 0 -1 0 0 -1 0 0 -1 0 0 -1 0 0 -1 0 0 -1 0 0 -1 0 0 -1 0 0 -1 0 0 -1 0 0 -1 0 0 -1 0 0 -1 0 0 -1 0 0 -1 0 0 -1 0 0 -1 0 0 -1 0 0 -1 0 0 -1 0 0 -1 0 0 -1 0 0 -1 0 0 -1 0 0 -1 0 0 -1 0 0 -1 0 0 -1 0 0 -1 0 0 -1 0 0 -1 0 0 -1 0 0 -1 0 0 -1 0 0 -1 0 0 -1 0 0 -1 0 0 -1 0 0 -1 0 0 -1 0 0 -1 0 0 -1 0 0 -1 0 0 -1 0 0 -1 0 0 -1 0 0 -1 0 0 -1 0 0 -1 0 0 -1 0 0 -1 0 0 -1 0 0 -1 0 0 -1 0 0 -1 0 0 -1 0 0 -1 0 0 -1 0 0 -1 0 0 -1 0 0 -1 0 0 -1 0 0 -1 0 0 -1 0 0 -1 0 0 -1 0 0 -1 0 0 -1 0 0 -1 0 0 -1 0 0 -1 0 0 -1 0 0 -1 0 0 -1 0 0 -1 0 0 -1 0 0 -1 0 0 -1 0 0 -1 0 0 -1 0 0 -1 0 0 -1 0 0 -1 0 0 -1 0 0 -1 0 0 -1 0 0 -1 0 0 -1 0 0 -1 0 0 -1 0 0 -1 0 0 -1 0 0.1277617 -0.01394259 0.9917069 0.110008 -0.004525959 0.9939205 0.1560233 6.0729e-6 0.9877533 0.2684233 1.98124e-5 0.9633011 0.2454495 -0.001016855 0.9694089 0.2186733 -0.008434772 0.9757617 0.2065309 -0.00402677 0.9784318 0.1757266 6.07661e-6 0.984439 0.3770438 1.10405e-6 0.9261955 0.3585332 1.11278e-6 0.933517 0.3246884 -0.007772624 0.9457892 0.3218408 -0.006543159 0.9467712 0.2875706 1.98114e-5 0.9577594 0.4267677 -0.006588399 0.9043372 0.4327233 -0.009642183 0.9014752 0.396378 -2.07487e-4 0.9180874 0.5031463 -0.001613676 0.8641998 0.4808899 2.18819e-5 0.8767811 0.4633377 2.1873e-5 0.8861818 0.5371821 -0.01317739 0.8433634 0.5236666 -0.004929363 0.8519091 0.5619434 1.65594e-6 0.8271757 0.6531084 1.90085e-5 0.7572644 0.6341786 -0.001326858 0.7731855 0.6141904 -0.008491218 0.7891123 0.6028726 -0.003579258 0.7978295 0.5783804 1.66524e-6 0.8157672 0.7262741 -3.25714e-4 0.6874051 0.7144208 -0.002473771 0.6997119 0.6972747 -0.007960438 0.7167599 0.6937312 -0.005996227 0.7202091 0.6680501 1.90022e-5 0.7441164 0.7854144 -0.001984775 0.6189671 0.791921 -1.07681e-5 0.6106236 0.8037136 -0.02444487 0.594514 0.782553 -0.00277847 0.6225779 0.7793399 -0.003794491 0.6265898 0.7754598 -0.005215346 0.6313754 0.770626 -0.007316708 0.6372456 0.7657899 -0.009836196 0.6430157 0.7607237 -0.01281726 0.6489493 0.7547625 -0.01684749 0.6557819 0.7484131 -0.0216642 0.6628791 0.7719162 -0.00126338 0.635723 0.7372465 -2.78318e-7 0.675624 0.7339382 8.83576e-7 0.6792163 -0.7662931 -0.009513199 0.6424208 -0.759871 -0.01332026 0.6499373 -0.7716746 -0.006849348 0.6359806 -0.7757846 -0.005105853 0.6309772 -0.7792726 -0.003815948 0.6266736 -0.7958531 -0.004675209 0.6054717 -0.7950198 -0.002961814 0.6065763 -0.8037127 -0.02449983 0.594513 -0.7919189 -8.18427e-6 0.6106263 -0.7241889 -7.08624e-4 0.6896013 -0.714317 -0.002506375 0.6998178 -0.6833881 -0.01229703 0.7299517 -0.6972966 -5.48448e-4 0.7167825 -0.6574166 1.84156e-5 0.7535274 -0.7315437 -2.6461e-5 0.6817945 -0.7354565 4.74896e-7 0.677572 -0.7719173 -3.81625e-6 0.635723 -0.7459971 -0.02364611 0.6655293 -0.7530043 -0.01808428 0.657767 -0.614197 -0.007112979 0.7891207 -0.6119566 -0.008360445 0.7908472 -0.6422818 1.84214e-5 0.7664685 -0.5469009 -0.00102669 0.8371968 -0.5666825 1.65672e-6 0.8239362 -0.583056 1.66316e-6 0.812432 -0.5129862 -0.0117821 0.8583161 -0.5236643 -0.005616962 0.8519062 -0.4859068 2.20237e-5 0.8740106 -0.3824542 1.2159e-6 0.9239745 -0.4069497 -0.00200802 0.9134483 -0.4267616 -0.008577346 0.9043235 -0.4430494 -0.002742648 0.896493 -0.4684077 2.20153e-5 0.8835124 -0.2739431 1.98915e-5 0.9617459 -0.2948362 -4.45354e-4 0.9555478 -0.3246871 -0.008208274 0.9457859 -0.3326879 -0.005018472 0.9430236 -0.3638973 1.21532e-6 0.9314391 -0.1617033 6.07384e-6 0.9868395 -0.1813925 6.07688e-6 0.9834108 -0.2186753 -0.007357776 0.9757699 -0.2177667 -0.007758319 0.97597 -0.2547334 1.98824e-5 0.9670114 0.08817499 -0.001969814 0.996103 0.03420931 0.002077817 0.9994125 0.02755486 0 0.9996203 -0.02755481 0 0.9996203 -0.01998931 -0.002361774 0.9997975 -0.05985903 0.001077115 0.9982063 -0.1100072 -0.005954384 0.9939129 -0.099563 -0.01103812 0.99497 -0.1391299 -7.38959e-4 0.9902738 -0.07443988 0 -0.9972255 -0.05508708 -0.004404604 -0.9984718 -0.1130527 0 -0.9935891 -0.1645944 -0.0010131 -0.9863609 -0.1545166 -0.004390478 -0.9879804 -0.2721009 -0.004802048 -0.9622567 -0.243506 0 -0.9698994 -0.205716 0 -0.9786117 -0.4203028 0 -0.9073839 -0.3781995 -0.002086043 -0.9257218 -0.3763077 -0.002682328 -0.9264909 -0.3333711 0 -0.9427958 -0.296567 0 -0.9550121 -0.455172 0 -0.8904036 -0.4759419 -0.004722476 -0.879464 -0.5035316 0 -0.8639768 -0.5366532 0 -0.8438029 -0.5698033 -0.00387448 -0.821772 -0.5814916 -2.58331e-4 -0.8135524 -0.6567467 -0.004166007 -0.7540997 -0.6435694 0 -0.7653878 -0.6134087 0 -0.7897657 -0.7357164 -0.004589855 -0.6772743 -0.7124994 0 -0.7016727 -0.684756 0 -0.7287725 -0.830973 0 -0.5563128 -0.802118 -0.003569364 -0.5971549 -0.805764 -0.001622438 -0.5922346 -0.7751511 0 -0.6317757 -0.7500705 0 -0.6613579 -0.8519198 0 -0.5236723 -0.8660156 -0.004828393 -0.4999936 -0.8794741 0 -0.4759469 -0.8972678 0 -0.4414868 -0.9157683 -0.003132462 -0.4016945 -0.9182147 -0.001423776 -0.3960804 -0.954395 -0.004589617 -0.2985113 -0.9477885 0 -0.3188997 -0.9347077 0 -0.3554173 -0.9814429 -0.004165709 -0.1917093 -0.973514 0 -0.2286272 -0.9639158 0 -0.2662073 -0.9990811 0 -0.04285818 -0.9952891 -0.005263745 -0.09680932 -0.9965844 -3.50698e-4 -0.08257949 -0.9906673 0 -0.1363024 -0.9846298 0 -0.1746546 -0.9999917 0 -0.004081845 -0.9996092 -0.004722416 0.02755451 -0.9986981 0 0.05101114 -0.9959688 0 0.08970034 -0.9905197 -0.002178668 0.1373535 -0.9907966 -0.002801477 0.13533 -0.9693892 -0.004801928 0.2454825 -0.975348 0 0.2206723 -0.9831706 0 0.1826898 -0.9169993 0 0.3988889 -0.9328831 -8.14626e-4 0.3601783 -0.9365055 -0.003530263 0.3506352 -0.9503611 0 0.3111492 -0.9617106 0 0.2740671 -0.9008423 0 0.4341466 -0.8922455 -0.004404485 0.4515292 -0.8755579 0 0.4831131 -0.856167 0 0.5166993 -0.837158 -0.004404544 0.5469434 -0.8264025 0 0.5630799 -0.7909718 0 0.6118525 -0.8021699 -0.01283586 0.5969579 0.7946731 -0.002123177 0.6070339 0.7932243 0 0.6089295 0.8264028 0 0.5630794 0.8371585 -0.004404544 0.5469427 0.8922451 -0.004404664 0.45153 0.8755568 0 0.4831152 0.8561676 0 0.5166983 0.9503611 0 0.3111492 0.932874 -0.004390716 0.3601762 0.9365108 -0.001012861 0.3506372 0.9170055 0 0.3988744 0.9008423 0 0.4341466 0.9617112 0 0.2740652 0.9693894 -0.00480175 0.2454816 0.975348 0 0.2206723 0.9831706 0 0.1826898 0.9905183 -0.002682268 0.1373543 0.9907982 -0.002086043 0.1353316 0.9996092 -0.004722595 0.02755355 0.9986981 0 0.05101114 0.9959688 0 0.08970034 0.9906673 0 -0.1363024 0.9953027 -2.58051e-4 -0.09681063 0.996577 -0.003874123 -0.08257883 0.9990811 0 -0.04285818 0.9999917 0 -0.00408411 0.98463 0 -0.1746532 0.9814431 -0.004165828 -0.1917083 0.973514 0 -0.2286272 0.9639158 0 -0.2662073 0.9543948 -0.004589736 -0.2985123 0.947788 0 -0.3189011 0.9347077 0 -0.3554173 0.915772 -0.001622259 -0.4016951 0.9182103 -0.003569304 -0.3960772 0.8660153 -0.004828274 -0.4999943 0.8794732 0 -0.4759484 0.8972678 0 -0.4414868 0.7751511 0 -0.6317757 0.8021222 -0.001423895 -0.5971581 0.8057615 -0.00313276 -0.5922319 0.8309751 0 -0.5563095 0.8519198 0 -0.5236723 0.7500705 0 -0.6613579 0.7357159 -0.004590034 -0.6772748 0.7124981 0 -0.701674 0.684756 0 -0.7287725 0.6567466 -0.004166007 -0.7540999 0.6435694 0 -0.7653878 0.6134087 0 -0.7897657 0.569808 -3.50978e-4 -0.8217778 0.5814839 -0.005264103 -0.8135409 0.4759419 -0.004722297 -0.879464 0.5035306 0 -0.8639774 0.536654 0 -0.8438024 0.3333719 0 -0.9427954 0.3781986 -0.002801418 -0.9257203 0.376308 -0.002178668 -0.9264921 0.4203014 0 -0.9073845 0.4551727 0 -0.8904032 0.296567 0 -0.9550121 0.2721009 -0.004802048 -0.9622567 0.243506 0 -0.9698994 0.2057157 0 -0.9786118 0.1645934 -0.003530144 -0.9863552 0.1545181 -8.14607e-4 -0.9879897 -0.01938992 0 -0.999812 0.01938998 0 -0.999812 0.05508714 -0.004404604 -0.9984719 0.07443988 0 -0.9972255 0.1130527 0 -0.9935891 0.05606973 0 -0.9984269 0.1675065 0 -0.985871 0.1675065 0 -0.985871 0.2768362 0 -0.9609171 0.2768362 0 -0.9609171 0.3826827 0 -0.9238799 0.3826827 0 -0.9238799 0.4837188 0 -0.8752235 0.4837188 0 -0.8752235 0.5786715 0 -0.8155608 0.5786715 0 -0.8155608 0.6663466 0 -0.7456422 0.6663466 0 -0.7456422 0.7456424 0 -0.6663463 0.7456424 0 -0.6663463 0.8155606 0 -0.5786716 0.8155606 0 -0.5786716 0.8752231 0 -0.4837196 0.8752231 0 -0.4837196 0.9238802 0 -0.3826819 0.9238802 0 -0.3826819 0.9609172 0 -0.276836 0.9609172 0 -0.276836 0.9858708 0 -0.1675075 0.9858708 0 -0.1675075 0.9984269 0 -0.05606967 0.9984269 0 -0.05606967 0.9984269 0 0.05606973 0.9984269 0 0.05606973 0.9858708 0 0.1675074 0.9858708 0 0.1675074 0.9609171 0 0.2768362 0.9609171 0 0.2768362 0.9238802 0 0.3826819 0.9238802 0 0.3826819 0.8752231 0 0.4837196 0.8752231 0 0.4837196 0.8155608 0 0.5786715 0.8155608 0 0.5786715 0.7456427 0 0.6663461 0.7456427 0 0.6663461 0.6663461 0 0.7456427 0.6663461 0 0.7456427 0.5786715 0 0.8155608 0.5786715 0 0.8155608 0.4837196 0 0.8752231 0.4837196 0 0.8752231 0.3826819 0 0.9238802 0.3826819 0 0.9238802 0.2768362 0 0.9609171 0.2768362 0 0.9609171 0.1675074 0 0.9858708 0.1675074 0 0.9858708 0.05606973 0 0.9984269 0.05606973 0 0.9984269 -0.05606967 0 0.9984269 -0.05606967 0 0.9984269 -0.1675075 0 0.9858708 -0.1675075 0 0.9858708 -0.276836 0 0.9609172 -0.276836 0 0.9609172 -0.3826819 0 0.9238802 -0.3826819 0 0.9238802 -0.4837196 0 0.8752231 -0.4837196 0 0.8752231 -0.5786716 0 0.8155606 -0.5786716 0 0.8155606 -0.6663463 0 0.7456424 -0.6663463 0 0.7456424 -0.7456422 0 0.6663466 -0.7456422 0 0.6663466 -0.8155608 0 0.5786715 -0.8155608 0 0.5786715 -0.8752235 0 0.4837188 -0.8752235 0 0.4837188 -0.9238799 0 0.3826827 -0.9238799 0 0.3826827 -0.9609171 0 0.2768362 -0.9609171 0 0.2768362 -0.985871 0 0.1675065 -0.985871 0 0.1675065 -0.9984269 0 0.05606973 -0.9984269 0 0.05606973 -0.9984269 0 -0.05606967 -0.9984269 0 -0.05606967 -0.985871 0 -0.1675066 -0.985871 0 -0.1675066 -0.9609172 0 -0.276836 -0.9609172 0 -0.276836 -0.9238799 0 -0.3826827 -0.9238799 0 -0.3826827 -0.8752235 0 -0.4837188 -0.8752235 0 -0.4837188 -0.8155606 0 -0.5786716 -0.8155606 0 -0.5786716 -0.745642 0 -0.6663469 -0.745642 0 -0.6663469 -0.6663469 0 -0.745642 -0.6663469 0 -0.745642 -0.5786716 0 -0.8155606 -0.5786716 0 -0.8155606 -0.4837188 0 -0.8752235 -0.4837188 0 -0.8752235 -0.3826827 0 -0.9238799 -0.3826827 0 -0.9238799 -0.276836 0 -0.9609172 -0.276836 0 -0.9609172 -0.1675066 0 -0.985871 -0.1675066 0 -0.985871 -0.05606967 0 -0.9984269 -0.05606967 0 -0.9984269 0.05606973 0 -0.9984269 0 -1 0 0 -1 0 0 -1 0 0 -1 0 0 -1 0 0 -1 0 0 -1 0 0 -1 0 0 -1 0 0 -1 0 0 -1 0 0 -1 0 0 -1 0 0 -1 0 0 -1 0 0 -1 0 0 -1 0 0 -1 0 0 -1 0 0 -1 0 0 -1 0 0 -1 0 0 -1 0 0 -1 0 0 -1 0 0 -1 0 0 -1 0 0 -1 0 0 -1 0 0 -1 0 0 -1 0 0 -1 0 0 -1 0 0 -1 0 0 -1 0 0 -1 0 0 -1 0 0 -1 0 0 -1 0 0 -1 0 0 -1 0 0 -1 0 0 -1 0 0 -1 0 0 -1 0 0 -1 0 0 -1 0 0 -1 0 0 -1 0 0 -1 0 0 -1 0 0 -1 0 0 -1 0 0 -1 0 0 -1 0 0 -1 0 0 -1 0 0 -1 0 0 -1 0 0 -1 0 0 -1 0 0 -1 0 0 -1 0 0 -1 0 0 -1 0 0 -1 0 0 -1 0 0 -1 0 0 -1 0 0 -1 0 0 -1 0 0 -1 0 0 -1 0 0 -1 0 0 -1 0 0 -1 0 0 -1 0 0 -1 0 0 -1 0 0 -1 0 0 -1 0 0 -1 0 0 -1 0 0 -1 0 0 -1 0 0 -1 0 0 -1 0 0 -1 0 0 -1 0 0 -1 0 0 -1 0 0 -1 0 0 -1 0 0 -1 0 0 -1 0 0 -1 0 0 -1 0 0 -1 0 0 -1 0 0 -1 0 0 -1 0 0 -1 0 0 -1 0 0 -1 0 0 -1 0 0 -1 0 0 -1 0 0 -1 0 0 -1 0 0 -1 0 0 -1 0 0 -1 0 0 -1 0 0 -1 0 0 -1 0 0 -1 0 0 -1 0 0 -1 0 0 -1 0 0 -1 0 0 -1 0 0 -1 0 0 -1 0 0 -1 0 0 -1 0 0 -1 0 0 -1 0 0 -1 0 0 -1 0 0 -1 0 0 -1 0 0 -1 0 0 -1 0 0 -1 0 0 -1 0 0 -1 0 0 -1 0 0 -1 0 0 -1 0 0 -1 0 0 -1 0 0 -1 0 0 -1 0 0 -1 0 0 -1 0 0 -1 0 0 -1 0 0 -1 0 0 -1 0 0 -1 0 0 -1 0 0 -1 0 0 -1 0 0 -1 0 0 -1 0 0 -1 0 0 -1 0 0 -1 0 0 -1 0 0 -1 0 0 -1 0 0 -1 0 0 -1 0 0 -1 0 0 -1 0 0 -1 0 0 -1 0 0 -1 0 0 -1 0 0 -1 0 0 -1 0 0 -1 0 0 -1 0 0 -1 0 0 -1 0 0 -1 0 0 -1 0 0 -1 0 0 -1 0 0 -1 0 0 -1 0 0 -1 0 0 -1 0 0 -1 0 0 -1 0 0 -1 0 0 -1 0 0 -1 0 0 -1 0 0 -1 0 0 -1 0 0 -1 0 0 -1 0 0 -1 0 0 -1 0 0 -1 0 0 -1 0 0 -1 0 0 -1 0 0 -1 0 0 -1 0 0 -1 0 0 -1 0 0 -1 0 0 -1 0 0 -1 0 0 -1 0 0 -1 0 0 -1 0 0 -1 0 0 -1 0 0 -1 0 0 -1 0 0 -1 0 0 -1 0 0 -1 0 0 -1 0 0 -1 0 0 -1 0 0 -1 0 0 -1 0 0 -1 0 0 -1 0 0 -1 0 0 -1 0 0 -1 0 0 -1 0 0 -1 0 0 -1 0 0 -1 0 0 -1 0 0 -1 0 0 -1 0 0 -1 0 0 -1 0 0 -1 0 0 -1 0 0 -1 0 0 -1 0 0 -1 0 0 -1 0 0 -1 0 0 -1 0 0 -1 0 0 -1 0 0 -1 0 0 -1 0 0 -1 0 0 -1 0 0 -1 0 0 -1 0 0 -1 0 0 -1 0 0 -1 0 0 -1 0 0 -1 0 0 -1 0 0 -1 0 0 -1 0 0 -1 0 0 -1 0 0 -1 0 0 -1 0 0 1 0 0 1 0 0 1 0 0 1 0 0 1 0 0 1 0 0 1 0 0 1 0 0 1 0 0 1 0 0 1 0 0 1 0 0 1 0 0 1 0 0 1 0 0 1 0 0 1 0 0 1 0 0 1 0 0 1 0 0 1 0 0 1 0 0 1 0 0 1 0 0 1 0 0 1 0 0 1 0 0 1 0 0 1 0 0 1 0 0 1 0 0 1 0 0 1 0 0 1 0 0 1 0 0 1 0 0 1 0 0 1 0 0 1 0 0 1 0 0 1 0 0 1 0 0 1 0 0 1 0 0 1 0 0 1 0 0 1 0 0 1 0 0 1 0 0 1 0 0 1 0 0 1 0 0 1 0 0 1 0 0 1 0 0 1 0 0 1 0 0 1 0 0 1 0 0 1 0 0 1 0 0 1 0 0 1 0 0 1 0 0 1 0 0 1 0 0 1 0 0 1 0 0 1 0 0 1 0 0 1 0 0 1 0 0 1 0 0 1 0 0 1 0 0 1 0 0 1 0 0 1 0 0 1 0 0 1 0 0 1 0 0 1 0 0 1 0 0 1 0 0 1 0 0 1 0 0 1 0 0 1 0 0 1 0 0 1 0 0 1 0 0 1 0 0 1 0 0 1 0 0 1 0 0 1 0 0 1 0 0 1 0 0 1 0 0 1 0 0 1 0 0 1 0 0 1 0 0 1 0 0 1 0 0 1 0 0 1 0 0 1 0 0 1 0 0 1 0 0 1 0 0 1 0 0 1 0 0 1 0 0 1 0 0 1 0 -0.2705069 0 -0.962718 -0.2807504 0.001235246 -0.95978 -0.2373476 0.007908582 -0.9713926 -0.2631028 0 -0.9647678 -0.1590628 0 -0.9872685 -0.1590628 0 -0.9872685 -0.05322235 0 -0.9985827 -0.05322235 0 -0.9985827 0.05322241 0 -0.9985827 0.05322241 0 -0.9985827 0.1590627 0 -0.9872685 0.2887194 0 -0.9574138 -0.2960131 0 -0.9551839 -0.3641605 0 -0.9313362 -0.3641605 0 -0.9313362 -0.4610926 0 -0.8873521 -0.4610926 0 -0.8873521 -0.5527999 0 -0.8333141 -0.5527999 0 -0.8333141 -0.6382441 0 -0.7698341 -0.6382441 0 -0.7698341 -0.7164569 0 -0.6976314 -0.7164569 0 -0.6976314 -0.7865516 0 -0.6175246 -0.7865516 0 -0.6175246 -0.8477346 0 -0.5304207 -0.8477346 0 -0.5304207 -0.8993123 0 -0.4373071 -0.8993123 0 -0.4373071 -0.9407001 0 -0.3392394 -0.9407001 0 -0.3392394 -0.9714298 0 -0.237327 -0.9714298 0 -0.237327 -0.9911529 0 -0.132725 -0.9911529 0 -0.132725 -0.9992021 0 -0.03993886 -0.9996433 0.002173006 -0.02662056 -0.9999116 0 0.01329642 -0.9968119 0 0.07978647 -0.9968119 0 0.07978647 -0.9826843 0 0.1852882 -0.9826843 0 0.1852882 -0.957422 0 0.2886917 -0.957422 0 0.2886917 -0.9213119 0 0.3888244 -0.9213119 0 0.3888244 -0.8747632 0 0.4845507 -0.8747632 0 0.4845507 -0.8183029 0 0.5747872 -0.8183029 0 0.5747872 -0.7525703 0 0.6585119 -0.7525703 0 0.6585119 -0.6783125 0 0.7347735 -0.6783125 0 0.7347735 -0.5963662 0 0.8027125 -0.5963662 0 0.8027125 -0.5076662 0 0.8615539 -0.5076662 0 0.8615539 -0.4132134 0 0.9106341 -0.4132134 0 0.9106341 -0.3214013 0 0.9469431 -0.3140755 0.001436471 0.9493969 -0.2705531 0 0.9627051 -0.2113827 0 0.9774034 -0.2113827 0 0.9774034 -0.106294 0 0.9943348 -0.106294 0 0.9943348 -0.02661961 0 0.9996456 -0.02661961 0 0.9996456 0.02661967 0 0.9996456 0.02661967 0 0.9996456 0.106294 0 0.9943348 0.106294 0 0.9943348 0.2113825 0 0.9774035 0.2113825 0 0.9774035 0.3140761 0 0.9493978 0.3140761 0 0.9493978 0.4132133 0 0.9106343 0.4132133 0 0.9106343 0.5076662 0 0.8615539 0.5076662 0 0.8615539 0.5963665 0 0.8027123 0.5963665 0 0.8027123 0.6783121 0 0.7347739 0.6783121 0 0.7347739 0.7525703 0 0.6585119 0.7525703 0 0.6585119 0.8183034 0 0.5747866 0.8183034 0 0.5747866 0.8747632 0 0.4845507 0.8747632 0 0.4845507 0.9213116 0 0.3888252 0.9213116 0 0.3888252 0.957422 0 0.2886917 0.957422 0 0.2886917 0.9826843 0 0.1852872 0.9826843 0 0.1852872 0.9968119 0 0.07978743 0.9968119 0 0.07978743 0.9999116 0 0.01329642 0.9996432 0.002173066 -0.02662152 0.9992021 0 -0.03994011 0.9911529 0 -0.132725 0.9911529 0 -0.132725 0.9714298 0 -0.237327 0.9714298 0 -0.237327 0.9407001 0 -0.3392394 0.9407001 0 -0.3392394 0.8993126 0 -0.4373063 0.8993126 0 -0.4373063 0.8477344 0 -0.5304209 0.8477344 0 -0.5304209 0.7865513 0 -0.6175249 0.7865513 0 -0.6175249 0.7164569 0 -0.6976314 0.7164569 0 -0.6976314 0.6382441 0 -0.7698341 0.6382441 0 -0.7698341 0.5527999 0 -0.8333141 0.5527999 0 -0.8333141 0.4610926 0 -0.8873521 0.4610926 0 -0.8873521 0.3641607 0 -0.9313361 0.3641607 0 -0.9313361 0.2887194 0 -0.9574137 0.2631008 0.003960013 -0.9647603 0.237355 0 -0.971423 0.1590627 0 -0.9872685 0 1 0 0 1 0 0 1 0 0 1 0 0 1 0 0 1 0 0 1 0 0 1 0 0 1 0 0 1 0 0 1 0 0 1 0 0 1 0 0 1 0 0 1 0 0 1 0 0 1 0 0 1 0 0 1 0 0 1 0 0 1 0 0 1 0 0 1 0 0 1 0 0 1 0 0 1 0 0 1 0 0 1 0 0 1 0 0 1 0 0 1 0 0 1 0 0 1 0 0 1 0 0 1 0 0 1 0 0 1 0 0 1 0 0 1 0 0 1 0 0 1 0 0 1 0 0 1 0 0 1 0 0 1 0 0 1 0 0 1 0 0 1 0 0 1 0 0 1 0 0 1 0 0 1 0 0 1 0 0 1 0 0 1 0 0 1 0 0 1 0 0 1 0 0 1 0 0 1 0 0 1 0 0 1 0 0 1 0 0 1 0 0 1 0 0 1 0 0 1 0 0 1 0 0 1 0 0 1 0 0 1 0 0 1 0 0 1 0 0 1 0 0 1 0 0 1 0 0 1 0 0 1 0 0 1 0 0 1 0 0 1 0 0 1 0 0 1 0 0 1 0 0 1 0 0 1 0 0 1 0 0 1 0 0 1 0 0 1 0 0 1 0 0 1 0 0 1 0 0 1 0 0 1 0 0 1 0 0 1 0 0 1 0 0 1 0 0 1 0 0 1 0 0 1 0 0 1 0 0 1 0 0 1 0 0 1 0 0 1 0 0 1 0 0 1 0 0 1 0 0 1 0 0 1 0 0 1 0 0 1 0 0 1 0 0 1 0 0 1 0 0 1 0 0 1 0 0 1 0 0 1 0 0 1 0 0 1 0 0 1 0 0 1 0 0 1 0</float_array>
          <technique_common>
            <accessor source="#RP_LIDAR-mesh-normals-array" count="7866" stride="3">
              <param name="X" type="float"/>
              <param name="Y" type="float"/>
              <param name="Z" type="float"/>
            </accessor>
          </technique_common>
        </source>
        <vertices id="RP_LIDAR-mesh-vertices">
          <input semantic="POSITION" source="#RP_LIDAR-mesh-positions"/>
        </vertices>
        <triangles material="Material_001-material" count="7866">
          <input semantic="VERTEX" source="#RP_LIDAR-mesh-vertices" offset="0"/>
          <input semantic="NORMAL" source="#RP_LIDAR-mesh-normals" offset="1"/>
          <p>0 0 1 0 2 0 3 1 4 1 5 1 6 2 7 2 8 2 3 3 5 3 9 3 9 4 5 4 10 4 9 5 10 5 11 5 4 6 12 6 5 6 5 7 12 7 13 7 5 8 13 8 14 8 7 9 15 9 8 9 8 10 15 10 16 10 8 11 16 11 17 11 18 12 19 12 20 12 21 13 22 13 20 13 20 14 22 14 23 14 20 15 23 15 18 15 19 16 24 16 20 16 20 17 24 17 25 17 20 18 25 18 26 18 26 19 27 19 20 19 20 20 27 20 28 20 20 21 28 21 29 21 30 22 31 22 8 22 8 23 31 23 32 23 33 24 34 24 35 24 35 25 34 25 36 25 37 26 38 26 35 26 35 27 38 27 39 27 35 28 39 28 33 28 36 29 40 29 35 29 35 30 40 30 41 30 35 31 41 31 42 31 42 32 43 32 35 32 35 33 43 33 21 33 35 34 21 34 44 34 44 35 21 35 20 35 44 36 20 36 45 36 11 37 6 37 9 37 9 38 6 38 8 38 9 39 8 39 46 39 46 40 8 40 32 40 46 41 32 41 35 41 35 42 32 42 47 42 35 43 47 43 37 43 48 44 49 44 50 44 51 45 52 45 53 45 53 46 52 46 54 46 53 47 54 47 55 47 55 48 56 48 53 48 53 49 56 49 57 49 53 50 57 50 58 50 58 51 59 51 53 51 53 52 59 52 60 52 53 53 60 53 61 53 62 54 63 54 64 54 64 55 63 55 65 55 64 56 65 56 66 56 67 57 68 57 62 57 62 58 68 58 69 58 62 59 69 59 63 59 70 60 71 60 72 60 66 61 73 61 64 61 64 62 73 62 74 62 64 63 74 63 75 63 75 64 74 64 76 64 75 65 76 65 77 65 77 66 76 66 78 66 77 67 78 67 79 67 70 68 72 68 80 68 51 69 53 69 70 69 70 70 53 70 81 70 70 71 81 71 71 71 79 72 78 72 82 72 82 73 78 73 83 73 82 74 83 74 84 74 72 75 85 75 80 75 80 76 85 76 86 76 80 77 86 77 83 77 83 78 86 78 87 78 83 79 87 79 84 79 88 80 89 80 53 80 53 81 89 81 90 81 53 82 90 82 91 82 91 83 92 83 53 83 53 84 92 84 93 84 53 85 93 85 81 85 94 86 95 86 89 86 89 87 95 87 96 87 89 88 96 88 97 88 97 89 96 89 98 89 97 90 98 90 99 90 100 91 101 91 8 91 8 92 101 92 44 92 8 93 44 93 30 93 30 94 44 94 45 94 30 95 45 95 102 95 102 96 45 96 103 96 17 97 104 97 8 97 8 98 104 98 105 98 8 99 105 99 106 99 106 100 107 100 8 100 8 101 107 101 108 101 8 102 108 102 100 102 49 103 67 103 50 103 50 104 67 104 62 104 50 105 62 105 109 105 110 106 111 106 112 106 112 107 111 107 113 107 109 108 112 108 50 108 50 109 112 109 113 109 50 110 113 110 114 110 114 111 113 111 115 111 114 112 115 112 116 112 116 113 115 113 117 113 116 114 117 114 62 114 62 115 117 115 118 115 62 116 118 116 109 116 119 117 120 117 116 117 121 118 122 118 114 118 114 119 122 119 123 119 114 120 123 120 124 120 125 121 126 121 127 121 127 122 126 122 114 122 127 123 114 123 128 123 128 124 114 124 124 124 125 125 129 125 126 125 126 126 129 126 130 126 126 127 130 127 131 127 131 128 130 128 132 128 131 129 132 129 116 129 116 130 132 130 133 130 116 131 133 131 119 131 120 132 134 132 116 132 116 133 134 133 135 133 116 134 135 134 136 134 137 135 138 135 114 135 114 136 138 136 139 136 114 137 139 137 121 137 136 138 140 138 116 138 116 139 140 139 141 139 116 140 141 140 142 140 142 141 143 141 116 141 116 142 143 142 144 142 116 143 144 143 114 143 114 144 144 144 145 144 114 145 145 145 137 145 146 146 147 146 148 146 149 147 146 147 150 147 150 148 151 148 149 148 149 149 151 149 152 149 149 150 152 150 153 150 153 151 152 151 154 151 152 152 155 152 154 152 154 153 155 153 156 153 154 154 156 154 157 154 147 155 146 155 158 155 158 156 146 156 126 156 158 157 126 157 159 157 159 158 126 158 131 158 159 159 131 159 148 159 148 160 131 160 154 160 148 161 154 161 146 161 146 162 154 162 157 162 146 163 157 163 150 163 44 164 149 164 2 164 160 165 161 165 153 165 153 166 161 166 162 166 153 167 162 167 163 167 164 168 165 168 153 168 164 169 153 169 166 169 165 170 167 170 153 170 153 171 167 171 168 171 153 172 168 172 160 172 169 173 170 173 149 173 149 174 170 174 171 174 172 175 173 175 149 175 149 176 173 176 174 176 149 177 174 177 169 177 171 178 175 178 149 178 149 179 175 179 176 179 149 180 176 180 2 180 2 181 176 181 177 181 2 182 177 182 0 182 2 183 178 183 44 183 44 184 178 184 179 184 44 185 179 185 35 185 35 186 179 186 180 186 35 187 180 187 153 187 153 188 180 188 181 188 153 189 181 189 166 189 163 190 182 190 153 190 153 191 182 191 183 191 153 192 183 192 149 192 149 193 183 193 184 193 149 194 184 194 172 194 101 195 185 195 44 195 44 196 185 196 186 196 44 197 186 197 149 197 149 198 186 198 187 198 149 199 187 199 146 199 146 200 187 200 188 200 146 201 188 201 126 201 126 202 188 202 189 202 126 203 189 203 114 203 114 204 189 204 94 204 114 205 94 205 50 205 50 206 94 206 89 206 50 207 89 207 48 207 48 208 89 208 88 208 48 209 88 209 190 209 190 210 88 210 191 210 192 211 193 211 30 211 30 212 193 212 31 212 193 213 194 213 31 213 31 214 194 214 32 214 194 215 195 215 32 215 32 216 195 216 47 216 196 217 22 217 21 217 196 218 21 218 197 218 197 219 21 219 43 219 197 220 43 220 198 220 198 221 43 221 42 221 198 222 42 222 199 222 199 223 42 223 41 223 199 224 41 224 200 224 200 225 41 225 40 225 200 226 40 226 201 226 201 227 40 227 36 227 201 228 36 228 202 228 202 229 36 229 34 229 202 230 34 230 203 230 203 231 34 231 33 231 203 232 33 232 204 232 204 233 33 233 39 233 204 234 39 234 205 234 205 235 39 235 38 235 205 236 38 236 206 236 206 237 38 237 37 237 206 238 37 238 207 238 207 239 37 239 47 239 207 240 47 240 195 240 208 241 29 241 28 241 208 242 28 242 209 242 209 243 28 243 27 243 209 244 27 244 210 244 210 245 27 245 26 245 210 246 26 246 211 246 211 247 26 247 25 247 211 248 25 248 212 248 212 249 25 249 24 249 212 250 24 250 213 250 213 251 24 251 19 251 213 252 19 252 214 252 214 253 19 253 18 253 214 254 18 254 215 254 215 255 18 255 23 255 215 256 23 256 216 256 216 257 23 257 22 257 216 258 22 258 196 258 208 259 217 259 29 259 29 260 217 260 20 260 217 261 218 261 20 261 20 262 218 262 45 262 218 263 219 263 45 263 45 264 219 264 103 264 219 265 220 265 103 265 103 266 220 266 102 266 220 267 192 267 102 267 102 268 192 268 30 268 221 269 222 269 150 269 150 270 222 270 151 270 222 271 223 271 151 271 151 272 223 272 152 272 223 273 224 273 152 273 152 274 224 274 155 274 224 275 225 275 155 275 155 276 225 276 156 276 225 277 226 277 156 277 156 278 226 278 157 278 226 279 221 279 157 279 157 280 221 280 150 280 227 281 228 281 158 281 158 282 228 282 147 282 228 283 229 283 147 283 147 284 229 284 148 284 229 285 230 285 148 285 148 286 230 286 159 286 230 287 227 287 159 287 159 288 227 288 158 288 231 289 232 289 125 289 125 290 232 290 129 290 232 291 233 291 129 291 129 292 233 292 130 292 233 293 234 293 130 293 130 294 234 294 132 294 235 295 144 295 143 295 235 296 143 296 236 296 236 297 143 297 142 297 236 298 142 298 237 298 237 299 142 299 141 299 237 300 141 300 238 300 238 301 141 301 140 301 238 302 140 302 239 302 239 303 140 303 136 303 239 304 136 304 240 304 240 305 136 305 135 305 240 306 135 306 241 306 241 307 135 307 134 307 241 308 134 308 242 308 242 309 134 309 120 309 242 310 120 310 243 310 243 311 120 311 119 311 243 312 119 312 244 312 244 313 119 313 133 313 244 314 133 314 245 314 245 315 133 315 132 315 245 316 132 316 234 316 231 317 125 317 127 317 231 318 127 318 246 318 246 319 127 319 128 319 246 320 128 320 247 320 247 321 128 321 124 321 247 322 124 322 248 322 248 323 124 323 123 323 248 324 123 324 249 324 249 325 123 325 122 325 249 326 122 326 250 326 250 327 122 327 121 327 250 328 121 328 251 328 251 329 121 329 139 329 251 330 139 330 252 330 252 331 139 331 138 331 252 332 138 332 253 332 253 333 138 333 137 333 253 334 137 334 254 334 254 335 137 335 145 335 254 336 145 336 255 336 255 337 145 337 144 337 255 338 144 338 235 338 256 339 257 339 48 339 48 340 257 340 49 340 257 341 258 341 49 341 49 342 258 342 67 342 258 343 259 343 67 343 67 344 259 344 68 344 260 345 51 345 70 345 260 346 70 346 261 346 261 347 70 347 80 347 261 348 80 348 262 348 262 349 80 349 83 349 262 350 83 350 263 350 263 351 83 351 78 351 263 352 78 352 264 352 264 353 78 353 76 353 264 354 76 354 265 354 265 355 76 355 74 355 265 356 74 356 266 356 266 357 74 357 73 357 266 358 73 358 267 358 267 359 73 359 66 359 267 360 66 360 268 360 268 361 66 361 65 361 268 362 65 362 269 362 269 363 65 363 63 363 269 364 63 364 270 364 270 365 63 365 69 365 270 366 69 366 271 366 271 367 69 367 68 367 271 368 68 368 259 368 272 369 61 369 60 369 272 370 60 370 273 370 273 371 60 371 59 371 273 372 59 372 274 372 274 373 59 373 58 373 274 374 58 374 275 374 275 375 58 375 57 375 275 376 57 376 276 376 276 377 57 377 56 377 276 378 56 378 277 378 277 379 56 379 55 379 277 380 55 380 278 380 278 381 55 381 54 381 278 382 54 382 279 382 279 383 54 383 52 383 279 384 52 384 280 384 280 385 52 385 51 385 280 386 51 386 260 386 272 387 281 387 61 387 61 388 281 388 53 388 281 389 282 389 53 389 53 390 282 390 88 390 282 391 283 391 88 391 88 392 283 392 191 392 283 393 284 393 191 393 191 394 284 394 190 394 284 395 256 395 190 395 190 396 256 396 48 396 285 397 286 397 113 397 113 398 286 398 115 398 286 399 287 399 115 399 115 400 287 400 117 400 287 401 288 401 117 401 117 402 288 402 118 402 288 403 289 403 118 403 118 404 289 404 109 404 289 405 290 405 109 405 109 406 290 406 112 406 290 407 291 407 112 407 112 408 291 408 110 408 291 409 292 409 110 409 110 410 292 410 111 410 292 411 285 411 111 411 111 412 285 412 113 412 293 413 294 413 2 413 2 414 294 414 178 414 294 415 295 415 178 415 178 416 295 416 179 416 295 417 296 417 179 417 179 418 296 418 180 418 297 419 183 419 182 419 297 420 182 420 298 420 298 421 182 421 163 421 298 422 163 422 299 422 299 423 163 423 162 423 299 424 162 424 300 424 300 425 162 425 161 425 300 426 161 426 301 426 301 427 161 427 160 427 301 428 160 428 302 428 302 429 160 429 168 429 302 430 168 430 303 430 303 431 168 431 167 431 303 432 167 432 304 432 304 433 167 433 165 433 304 434 165 434 305 434 305 435 165 435 164 435 305 436 164 436 306 436 306 437 164 437 166 437 306 438 166 438 307 438 307 439 166 439 181 439 307 440 181 440 308 440 308 441 181 441 180 441 308 442 180 442 296 442 309 443 176 443 175 443 309 444 175 444 310 444 310 445 175 445 171 445 310 446 171 446 311 446 311 447 171 447 170 447 311 448 170 448 312 448 312 449 170 449 169 449 312 450 169 450 313 450 313 451 169 451 174 451 313 452 174 452 314 452 314 453 174 453 173 453 314 454 173 454 315 454 315 455 173 455 172 455 315 456 172 456 316 456 316 457 172 457 184 457 316 458 184 458 317 458 317 459 184 459 183 459 317 460 183 460 297 460 318 461 1 461 0 461 318 462 0 462 319 462 319 463 0 463 177 463 319 464 177 464 320 464 320 465 177 465 176 465 320 466 176 466 309 466 318 467 293 467 1 467 1 468 293 468 2 468 216 469 196 469 321 469 194 470 193 470 220 470 220 471 193 471 192 471 322 472 323 472 208 472 323 473 324 473 208 473 208 474 324 474 325 474 208 475 325 475 326 475 326 476 327 476 208 476 208 477 327 477 328 477 208 478 328 478 329 478 329 479 330 479 208 479 208 480 330 480 219 480 208 481 219 481 217 481 217 482 219 482 218 482 331 483 201 483 332 483 332 484 201 484 202 484 332 485 202 485 333 485 333 486 202 486 203 486 333 487 203 487 334 487 334 488 203 488 204 488 334 489 204 489 335 489 335 490 204 490 205 490 335 491 205 491 336 491 330 492 337 492 219 492 219 493 337 493 338 493 219 494 338 494 220 494 220 495 338 495 339 495 220 496 339 496 194 496 194 497 339 497 340 497 194 498 340 498 195 498 195 499 340 499 341 499 195 500 341 500 207 500 207 501 341 501 336 501 207 502 336 502 206 502 206 503 336 503 205 503 321 504 196 504 342 504 342 505 196 505 197 505 342 506 197 506 343 506 343 507 197 507 198 507 343 508 198 508 344 508 344 509 198 509 199 509 344 510 199 510 331 510 331 511 199 511 200 511 331 512 200 512 201 512 322 513 208 513 321 513 321 514 208 514 209 514 321 515 209 515 210 515 213 516 214 516 321 516 321 517 214 517 215 517 321 518 215 518 216 518 210 519 211 519 321 519 321 520 211 520 212 520 321 521 212 521 213 521 224 522 223 522 225 522 225 523 223 523 222 523 225 524 222 524 226 524 226 525 222 525 221 525 227 526 230 526 228 526 228 527 230 527 229 527 345 528 346 528 246 528 347 529 241 529 348 529 348 530 241 530 242 530 348 531 242 531 349 531 349 532 242 532 243 532 349 533 243 533 350 533 350 534 243 534 244 534 350 535 244 535 351 535 351 536 244 536 245 536 351 537 245 537 352 537 352 538 245 538 234 538 352 539 234 539 353 539 353 540 234 540 233 540 353 541 233 541 354 541 354 542 233 542 232 542 354 543 232 543 346 543 346 544 232 544 231 544 346 545 231 545 246 545 345 546 246 546 355 546 355 547 246 547 247 547 355 548 247 548 356 548 356 549 247 549 248 549 356 550 248 550 357 550 357 551 248 551 249 551 357 552 249 552 358 552 358 553 249 553 250 553 358 554 250 554 359 554 359 555 250 555 251 555 359 556 251 556 360 556 360 557 251 557 252 557 360 558 252 558 361 558 361 559 252 559 253 559 361 560 253 560 362 560 362 561 253 561 254 561 362 562 254 562 363 562 363 563 254 563 255 563 363 564 255 564 364 564 364 565 255 565 235 565 364 566 235 566 365 566 365 567 235 567 236 567 365 568 236 568 366 568 366 569 236 569 237 569 366 570 237 570 367 570 367 571 237 571 238 571 367 572 238 572 368 572 368 573 238 573 239 573 368 574 239 574 347 574 347 575 239 575 240 575 347 576 240 576 241 576 280 577 260 577 369 577 258 578 257 578 284 578 284 579 257 579 256 579 370 580 371 580 272 580 371 581 372 581 272 581 272 582 372 582 373 582 272 583 373 583 374 583 374 584 375 584 272 584 272 585 375 585 376 585 272 586 376 586 377 586 377 587 378 587 272 587 272 588 378 588 283 588 272 589 283 589 281 589 281 590 283 590 282 590 379 591 265 591 380 591 380 592 265 592 266 592 380 593 266 593 381 593 381 594 266 594 267 594 381 595 267 595 382 595 382 596 267 596 268 596 382 597 268 597 383 597 383 598 268 598 269 598 383 599 269 599 384 599 378 600 385 600 283 600 283 601 385 601 386 601 283 602 386 602 284 602 284 603 386 603 387 603 284 604 387 604 258 604 258 605 387 605 388 605 258 606 388 606 259 606 259 607 388 607 389 607 259 608 389 608 271 608 271 609 389 609 384 609 271 610 384 610 270 610 270 611 384 611 269 611 369 612 260 612 390 612 390 613 260 613 261 613 390 614 261 614 391 614 391 615 261 615 262 615 391 616 262 616 392 616 392 617 262 617 263 617 392 618 263 618 379 618 379 619 263 619 264 619 379 620 264 620 265 620 370 621 272 621 369 621 369 622 272 622 273 622 369 623 273 623 274 623 277 624 278 624 369 624 369 625 278 625 279 625 369 626 279 626 280 626 274 627 275 627 369 627 369 628 275 628 276 628 369 629 276 629 277 629 393 630 292 630 394 630 394 631 292 631 291 631 285 632 292 632 286 632 286 633 292 633 393 633 286 634 393 634 287 634 287 635 393 635 395 635 287 636 395 636 288 636 288 637 395 637 394 637 288 638 394 638 289 638 289 639 394 639 291 639 289 640 291 640 290 640 294 641 293 641 318 641 396 642 304 642 397 642 397 643 304 643 305 643 397 644 305 644 398 644 398 645 305 645 306 645 398 646 306 646 399 646 399 647 306 647 307 647 399 648 307 648 400 648 400 649 307 649 308 649 400 650 308 650 401 650 401 651 308 651 296 651 401 652 296 652 402 652 402 653 296 653 295 653 402 654 295 654 403 654 295 655 294 655 403 655 403 656 294 656 318 656 403 657 318 657 404 657 404 658 318 658 319 658 404 659 319 659 405 659 405 660 319 660 320 660 405 661 320 661 406 661 406 662 320 662 309 662 406 663 309 663 407 663 407 664 309 664 408 664 408 665 309 665 310 665 408 666 310 666 409 666 409 667 310 667 311 667 409 668 311 668 410 668 410 669 311 669 312 669 410 670 312 670 411 670 411 671 312 671 313 671 411 672 313 672 412 672 412 673 313 673 314 673 412 674 314 674 413 674 413 675 314 675 315 675 413 676 315 676 414 676 414 677 315 677 316 677 414 678 316 678 415 678 415 679 316 679 317 679 415 680 317 680 416 680 416 681 317 681 297 681 416 682 297 682 417 682 417 683 297 683 298 683 417 684 298 684 418 684 418 685 298 685 299 685 418 686 299 686 419 686 419 687 299 687 300 687 419 688 300 688 420 688 420 689 300 689 301 689 420 690 301 690 421 690 421 691 301 691 302 691 421 692 302 692 396 692 396 693 302 693 303 693 396 694 303 694 304 694 341 695 340 695 422 695 422 696 340 696 423 696 341 697 422 697 424 697 341 698 424 698 336 698 336 699 424 699 425 699 336 700 425 700 335 700 335 701 425 701 426 701 335 702 426 702 334 702 334 703 426 703 427 703 334 704 427 704 333 704 333 705 427 705 428 705 333 706 428 706 332 706 332 707 428 707 429 707 332 708 429 708 331 708 331 709 429 709 430 709 331 710 430 710 344 710 344 711 430 711 431 711 344 712 431 712 343 712 343 713 431 713 432 713 343 714 432 714 342 714 342 715 432 715 433 715 342 716 433 716 321 716 321 717 433 717 434 717 321 718 434 718 322 718 322 719 434 719 435 719 322 720 435 720 323 720 323 721 435 721 436 721 323 722 436 722 324 722 324 723 436 723 437 723 324 724 437 724 325 724 325 725 437 725 438 725 325 726 438 726 326 726 326 727 438 727 439 727 326 728 439 728 327 728 327 729 439 729 440 729 327 730 440 730 328 730 328 731 440 731 441 731 328 732 441 732 329 732 329 733 441 733 442 733 329 734 442 734 330 734 330 735 442 735 443 735 330 736 443 736 337 736 337 737 443 737 444 737 337 738 444 738 338 738 339 739 338 739 445 739 445 740 338 740 444 740 340 741 339 741 423 741 423 742 339 742 445 742 352 743 446 743 447 743 352 744 447 744 351 744 351 745 447 745 448 745 351 746 448 746 350 746 350 747 448 747 449 747 350 748 449 748 349 748 349 749 449 749 450 749 349 750 450 750 348 750 348 751 450 751 451 751 348 752 451 752 347 752 347 753 451 753 452 753 347 754 452 754 368 754 368 755 452 755 453 755 368 756 453 756 367 756 367 757 453 757 454 757 367 758 454 758 366 758 366 759 454 759 455 759 366 760 455 760 365 760 365 761 455 761 456 761 365 762 456 762 364 762 364 763 456 763 457 763 364 764 457 764 363 764 363 765 457 765 458 765 363 766 458 766 362 766 362 767 458 767 459 767 362 768 459 768 361 768 361 769 459 769 460 769 361 770 460 770 360 770 360 771 460 771 461 771 360 772 461 772 359 772 359 773 461 773 462 773 359 774 462 774 358 774 358 775 462 775 463 775 358 776 463 776 357 776 357 777 463 777 464 777 357 778 464 778 356 778 356 779 464 779 465 779 356 780 465 780 355 780 355 781 465 781 466 781 355 782 466 782 345 782 345 783 466 783 467 783 345 784 467 784 346 784 354 785 346 785 468 785 468 786 346 786 467 786 353 787 354 787 469 787 469 788 354 788 468 788 352 789 353 789 446 789 446 790 353 790 469 790 389 791 388 791 470 791 470 792 388 792 471 792 389 793 470 793 472 793 389 794 472 794 384 794 384 795 472 795 473 795 384 796 473 796 383 796 383 797 473 797 474 797 383 798 474 798 382 798 382 799 474 799 475 799 382 800 475 800 381 800 381 801 475 801 476 801 381 802 476 802 380 802 380 803 476 803 477 803 380 804 477 804 379 804 379 805 477 805 478 805 379 806 478 806 392 806 392 807 478 807 479 807 392 808 479 808 391 808 391 809 479 809 480 809 391 810 480 810 390 810 390 811 480 811 481 811 390 812 481 812 369 812 369 813 481 813 482 813 369 814 482 814 370 814 370 815 482 815 483 815 370 816 483 816 371 816 371 817 483 817 484 817 371 818 484 818 372 818 372 819 484 819 485 819 372 820 485 820 373 820 373 821 485 821 486 821 373 822 486 822 374 822 374 823 486 823 487 823 374 824 487 824 375 824 375 825 487 825 488 825 375 826 488 826 376 826 376 827 488 827 489 827 376 828 489 828 377 828 377 829 489 829 490 829 377 830 490 830 378 830 378 831 490 831 491 831 378 832 491 832 385 832 385 833 491 833 492 833 385 834 492 834 386 834 387 835 386 835 493 835 493 836 386 836 492 836 388 837 387 837 471 837 471 838 387 838 493 838 394 839 395 839 494 839 494 840 395 840 495 840 393 841 394 841 496 841 496 842 394 842 494 842 395 843 393 843 495 843 495 844 393 844 496 844 401 845 402 845 497 845 497 846 402 846 498 846 401 847 497 847 499 847 401 848 499 848 400 848 400 849 499 849 500 849 400 850 500 850 399 850 399 851 500 851 501 851 399 852 501 852 398 852 398 853 501 853 502 853 398 854 502 854 397 854 397 855 502 855 503 855 397 856 503 856 396 856 396 857 503 857 504 857 396 858 504 858 421 858 421 859 504 859 505 859 421 860 505 860 420 860 420 861 505 861 506 861 420 862 506 862 419 862 419 863 506 863 507 863 419 864 507 864 418 864 418 865 507 865 508 865 418 866 508 866 417 866 417 867 508 867 509 867 417 868 509 868 416 868 416 869 509 869 510 869 416 870 510 870 415 870 415 871 510 871 511 871 415 872 511 872 414 872 414 873 511 873 512 873 414 874 512 874 413 874 413 875 512 875 513 875 413 876 513 876 412 876 412 877 513 877 514 877 412 878 514 878 411 878 411 879 514 879 515 879 411 880 515 880 410 880 410 881 515 881 516 881 410 882 516 882 409 882 409 883 516 883 517 883 409 884 517 884 408 884 408 885 517 885 518 885 408 886 518 886 407 886 407 887 518 887 519 887 407 888 519 888 406 888 406 889 519 889 520 889 406 890 520 890 405 890 405 891 520 891 521 891 405 892 521 892 404 892 403 893 404 893 522 893 522 894 404 894 521 894 402 895 403 895 498 895 498 896 403 896 522 896 434 897 433 897 443 897 443 898 433 898 432 898 443 899 442 899 434 899 434 900 442 900 441 900 434 901 441 901 435 901 435 902 441 902 436 902 432 903 431 903 443 903 443 904 431 904 430 904 443 905 430 905 429 905 429 906 428 906 443 906 443 907 428 907 427 907 443 908 427 908 426 908 423 909 445 909 422 909 422 910 445 910 444 910 422 911 444 911 424 911 424 912 444 912 443 912 424 913 443 913 425 913 425 914 443 914 426 914 441 915 440 915 436 915 436 916 440 916 439 916 436 917 439 917 437 917 437 918 439 918 438 918 447 919 446 919 456 919 446 920 469 920 468 920 462 921 461 921 446 921 446 922 461 922 460 922 446 923 460 923 459 923 459 924 458 924 446 924 446 925 458 925 457 925 446 926 457 926 456 926 455 927 449 927 456 927 456 928 449 928 448 928 456 929 448 929 447 929 468 930 467 930 446 930 446 931 467 931 466 931 446 932 466 932 465 932 465 933 464 933 446 933 446 934 464 934 463 934 446 935 463 935 462 935 455 936 454 936 449 936 449 937 454 937 453 937 449 938 453 938 450 938 450 939 453 939 452 939 450 940 452 940 451 940 482 941 481 941 491 941 491 942 481 942 480 942 491 943 490 943 482 943 482 944 490 944 489 944 482 945 489 945 483 945 483 946 489 946 484 946 480 947 479 947 491 947 491 948 479 948 478 948 491 949 478 949 477 949 477 950 476 950 491 950 491 951 476 951 475 951 491 952 475 952 474 952 471 953 493 953 470 953 470 954 493 954 492 954 470 955 492 955 472 955 472 956 492 956 491 956 472 957 491 957 473 957 473 958 491 958 474 958 489 959 488 959 484 959 484 960 488 960 487 960 484 961 487 961 485 961 485 962 487 962 486 962 494 963 495 963 496 963 498 964 522 964 497 964 497 965 522 965 521 965 497 966 521 966 499 966 499 967 521 967 520 967 499 968 520 968 500 968 511 969 510 969 500 969 510 970 509 970 500 970 500 971 509 971 508 971 500 972 508 972 507 972 520 973 519 973 500 973 500 974 519 974 518 974 500 975 518 975 517 975 507 976 506 976 500 976 500 977 506 977 505 977 500 978 505 978 504 978 504 979 503 979 500 979 500 980 503 980 502 980 500 981 502 981 501 981 517 982 516 982 500 982 500 983 516 983 515 983 500 984 515 984 514 984 514 985 513 985 500 985 500 986 513 986 512 986 500 987 512 987 511 987 523 988 95 988 94 988 94 989 189 989 523 989 523 990 189 990 188 990 523 991 188 991 524 991 524 992 188 992 187 992 187 993 186 993 524 993 524 994 186 994 185 994 524 995 185 995 101 995 525 996 81 996 93 996 525 997 93 997 526 997 526 998 93 998 92 998 526 999 92 999 527 999 527 1000 92 1000 91 1000 527 1001 91 1001 528 1001 528 1002 91 1002 90 1002 528 1003 90 1003 529 1003 529 1004 90 1004 89 1004 529 1005 89 1005 530 1005 530 1006 89 1006 97 1006 530 1007 97 1007 531 1007 531 1008 97 1008 99 1008 531 1009 99 1009 532 1009 532 1010 99 1010 98 1010 532 1011 98 1011 533 1011 533 1012 98 1012 96 1012 533 1013 96 1013 534 1013 534 1014 96 1014 95 1014 534 1015 95 1015 523 1015 525 1016 535 1016 81 1016 81 1017 535 1017 71 1017 536 1018 64 1018 75 1018 536 1019 75 1019 537 1019 537 1020 75 1020 77 1020 537 1021 77 1021 538 1021 538 1022 77 1022 79 1022 538 1023 79 1023 539 1023 539 1024 79 1024 82 1024 539 1025 82 1025 540 1025 540 1026 82 1026 84 1026 540 1027 84 1027 541 1027 541 1028 84 1028 87 1028 541 1029 87 1029 542 1029 542 1030 87 1030 86 1030 542 1031 86 1031 543 1031 543 1032 86 1032 85 1032 543 1033 85 1033 544 1033 544 1034 85 1034 72 1034 544 1035 72 1035 545 1035 545 1036 72 1036 71 1036 545 1037 71 1037 535 1037 62 1038 64 1038 536 1038 46 1039 35 1039 546 1039 546 1040 35 1040 153 1040 153 1041 154 1041 546 1041 546 1042 154 1042 131 1042 546 1043 131 1043 536 1043 536 1044 131 1044 116 1044 536 1045 116 1045 62 1045 547 1046 6 1046 11 1046 547 1047 11 1047 548 1047 548 1048 11 1048 10 1048 548 1049 10 1049 549 1049 549 1050 10 1050 5 1050 549 1051 5 1051 550 1051 550 1052 5 1052 14 1052 550 1053 14 1053 551 1053 551 1054 14 1054 13 1054 551 1055 13 1055 552 1055 552 1056 13 1056 12 1056 552 1057 12 1057 553 1057 553 1058 12 1058 4 1058 553 1059 4 1059 554 1059 554 1060 4 1060 3 1060 554 1061 3 1061 555 1061 555 1062 3 1062 9 1062 555 1063 9 1063 556 1063 556 1064 9 1064 46 1064 556 1065 46 1065 546 1065 547 1066 557 1066 6 1066 6 1067 557 1067 7 1067 524 1068 101 1068 100 1068 524 1069 100 1069 558 1069 558 1070 100 1070 108 1070 558 1071 108 1071 559 1071 559 1072 108 1072 107 1072 559 1073 107 1073 560 1073 560 1074 107 1074 106 1074 560 1075 106 1075 561 1075 561 1076 106 1076 105 1076 561 1077 105 1077 562 1077 562 1078 105 1078 104 1078 562 1079 104 1079 563 1079 563 1080 104 1080 17 1080 563 1081 17 1081 564 1081 564 1082 17 1082 16 1082 564 1083 16 1083 565 1083 565 1084 16 1084 15 1084 565 1085 15 1085 566 1085 566 1086 15 1086 7 1086 566 1087 7 1087 557 1087 546 1088 567 1088 556 1088 556 1089 567 1089 568 1089 556 1090 568 1090 555 1090 555 1091 568 1091 569 1091 555 1092 569 1092 554 1092 554 1093 569 1093 570 1093 554 1094 570 1094 553 1094 553 1095 570 1095 571 1095 553 1096 571 1096 552 1096 552 1097 571 1097 572 1097 552 1098 572 1098 551 1098 551 1099 572 1099 573 1099 551 1100 573 1100 550 1100 550 1101 573 1101 574 1101 550 1102 574 1102 549 1102 549 1103 574 1103 575 1103 549 1104 575 1104 548 1104 548 1105 575 1105 576 1105 548 1106 576 1106 547 1106 547 1107 576 1107 577 1107 547 1108 577 1108 557 1108 557 1109 577 1109 578 1109 557 1110 578 1110 566 1110 566 1111 578 1111 579 1111 566 1112 579 1112 565 1112 565 1113 579 1113 580 1113 565 1114 580 1114 564 1114 564 1115 580 1115 581 1115 564 1116 581 1116 563 1116 563 1117 581 1117 582 1117 563 1118 582 1118 562 1118 562 1119 582 1119 583 1119 562 1120 583 1120 561 1120 561 1121 583 1121 584 1121 561 1122 584 1122 560 1122 560 1123 584 1123 585 1123 560 1124 585 1124 559 1124 559 1125 585 1125 586 1125 559 1126 586 1126 558 1126 558 1127 586 1127 587 1127 558 1128 587 1128 524 1128 524 1129 587 1129 588 1129 524 1130 588 1130 523 1130 523 1131 588 1131 589 1131 523 1132 589 1132 534 1132 534 1133 589 1133 590 1133 534 1134 590 1134 533 1134 533 1135 590 1135 591 1135 533 1136 591 1136 532 1136 532 1137 591 1137 592 1137 532 1138 592 1138 531 1138 531 1139 592 1139 593 1139 531 1140 593 1140 530 1140 530 1141 593 1141 594 1141 530 1142 594 1142 529 1142 529 1143 594 1143 595 1143 529 1144 595 1144 528 1144 528 1145 595 1145 596 1145 528 1146 596 1146 527 1146 527 1147 596 1147 597 1147 527 1148 597 1148 526 1148 526 1149 597 1149 598 1149 526 1150 598 1150 525 1150 525 1151 598 1151 599 1151 525 1152 599 1152 535 1152 535 1153 599 1153 600 1153 535 1154 600 1154 545 1154 545 1155 600 1155 601 1155 545 1156 601 1156 544 1156 544 1157 601 1157 602 1157 544 1158 602 1158 543 1158 543 1159 602 1159 603 1159 543 1160 603 1160 542 1160 542 1161 603 1161 604 1161 542 1162 604 1162 541 1162 541 1163 604 1163 605 1163 541 1164 605 1164 540 1164 540 1165 605 1165 606 1165 540 1166 606 1166 539 1166 539 1167 606 1167 607 1167 539 1168 607 1168 538 1168 538 1169 607 1169 608 1169 538 1170 608 1170 537 1170 537 1171 608 1171 609 1171 537 1172 609 1172 536 1172 536 1173 609 1173 610 1173 536 1174 610 1174 546 1174 546 1175 610 1175 567 1175 589 1176 588 1176 611 1176 611 1177 588 1177 612 1177 589 1178 611 1178 590 1178 590 1179 611 1179 613 1179 590 1180 613 1180 591 1180 591 1181 613 1181 614 1181 591 1182 614 1182 592 1182 592 1183 614 1183 615 1183 592 1184 615 1184 593 1184 593 1185 615 1185 616 1185 593 1186 616 1186 594 1186 594 1187 616 1187 617 1187 594 1188 617 1188 595 1188 595 1189 617 1189 618 1189 595 1190 618 1190 596 1190 596 1191 618 1191 619 1191 596 1192 619 1192 597 1192 597 1193 619 1193 620 1193 597 1194 620 1194 598 1194 598 1195 620 1195 621 1195 598 1196 621 1196 599 1196 599 1197 621 1197 622 1197 600 1198 599 1198 623 1198 623 1199 599 1199 622 1199 600 1200 623 1200 601 1200 601 1201 623 1201 624 1201 601 1202 624 1202 602 1202 602 1203 624 1203 625 1203 602 1204 625 1204 603 1204 603 1205 625 1205 626 1205 603 1206 626 1206 604 1206 604 1207 626 1207 627 1207 604 1208 627 1208 605 1208 605 1209 627 1209 628 1209 605 1210 628 1210 606 1210 606 1211 628 1211 629 1211 606 1212 629 1212 607 1212 607 1213 629 1213 630 1213 607 1214 630 1214 608 1214 608 1215 630 1215 631 1215 608 1216 631 1216 609 1216 609 1217 631 1217 632 1217 609 1218 632 1218 610 1218 610 1219 632 1219 633 1219 567 1220 610 1220 634 1220 634 1221 610 1221 633 1221 567 1222 634 1222 568 1222 568 1223 634 1223 635 1223 568 1224 635 1224 569 1224 569 1225 635 1225 636 1225 569 1226 636 1226 570 1226 570 1227 636 1227 637 1227 570 1228 637 1228 571 1228 571 1229 637 1229 638 1229 571 1230 638 1230 572 1230 572 1231 638 1231 639 1231 572 1232 639 1232 573 1232 573 1233 639 1233 640 1233 573 1234 640 1234 574 1234 574 1235 640 1235 641 1235 574 1236 641 1236 575 1236 575 1237 641 1237 642 1237 575 1238 642 1238 576 1238 576 1239 642 1239 643 1239 576 1240 643 1240 577 1240 577 1241 643 1241 644 1241 578 1242 577 1242 645 1242 645 1243 577 1243 644 1243 578 1244 645 1244 579 1244 579 1245 645 1245 646 1245 579 1246 646 1246 580 1246 580 1247 646 1247 647 1247 580 1248 647 1248 581 1248 581 1249 647 1249 648 1249 581 1250 648 1250 582 1250 582 1251 648 1251 649 1251 582 1252 649 1252 583 1252 583 1253 649 1253 650 1253 583 1254 650 1254 584 1254 584 1255 650 1255 651 1255 584 1256 651 1256 585 1256 585 1257 651 1257 652 1257 585 1258 652 1258 586 1258 586 1259 652 1259 653 1259 586 1260 653 1260 587 1260 587 1261 653 1261 654 1261 587 1262 654 1262 588 1262 588 1263 654 1263 612 1263 655 1264 656 1264 657 1264 658 1265 659 1265 660 1265 661 1266 662 1266 663 1266 664 1267 665 1267 666 1267 667 1268 668 1268 669 1268 670 1269 671 1269 672 1269 673 1270 674 1270 675 1270 676 1271 677 1271 678 1271 679 1272 680 1272 681 1272 682 1273 683 1273 684 1273 685 1274 686 1274 687 1274 688 1275 689 1275 690 1275 691 1276 692 1276 693 1276 694 1277 695 1277 696 1277 697 1278 698 1278 699 1278 700 1279 701 1279 702 1279 703 1280 704 1280 705 1280 706 1281 707 1281 708 1281 709 1282 710 1282 711 1282 712 1283 713 1283 714 1283 715 1284 716 1284 717 1284 717 1285 716 1285 718 1285 717 1286 718 1286 719 1286 719 1287 718 1287 720 1287 719 1288 720 1288 721 1288 721 1289 720 1289 722 1289 721 1290 722 1290 723 1290 723 1291 722 1291 724 1291 723 1292 724 1292 725 1292 725 1293 724 1293 726 1293 725 1294 726 1294 727 1294 727 1295 726 1295 728 1295 727 1296 728 1296 729 1296 729 1297 728 1297 730 1297 729 1298 730 1298 731 1298 731 1299 730 1299 732 1299 731 1300 732 1300 733 1300 733 1301 732 1301 734 1301 733 1302 734 1302 735 1302 735 1303 734 1303 736 1303 737 1304 738 1304 739 1304 739 1305 738 1305 740 1305 739 1306 740 1306 741 1306 741 1307 740 1307 742 1307 741 1308 742 1308 743 1308 743 1309 742 1309 744 1309 743 1310 744 1310 745 1310 745 1311 744 1311 746 1311 745 1312 746 1312 747 1312 747 1313 746 1313 748 1313 747 1314 748 1314 749 1314 749 1315 748 1315 750 1315 749 1316 750 1316 751 1316 752 1317 737 1317 753 1317 753 1318 737 1318 739 1318 753 1319 739 1319 754 1319 754 1320 739 1320 741 1320 754 1321 741 1321 755 1321 755 1322 741 1322 743 1322 755 1323 743 1323 756 1323 756 1324 743 1324 745 1324 756 1325 745 1325 757 1325 757 1326 745 1326 747 1326 757 1327 747 1327 758 1327 758 1328 747 1328 749 1328 758 1329 749 1329 759 1329 759 1330 749 1330 751 1330 759 1331 751 1331 760 1331 761 1332 752 1332 762 1332 762 1333 752 1333 753 1333 762 1334 753 1334 763 1334 763 1335 753 1335 754 1335 763 1336 754 1336 764 1336 764 1337 754 1337 755 1337 764 1338 755 1338 765 1338 765 1339 755 1339 756 1339 765 1340 756 1340 766 1340 766 1341 756 1341 757 1341 766 1342 757 1342 767 1342 767 1343 757 1343 758 1343 767 1344 758 1344 768 1344 768 1345 758 1345 759 1345 768 1346 759 1346 769 1346 769 1347 759 1347 760 1347 769 1348 760 1348 678 1348 770 1349 771 1349 772 1349 772 1350 771 1350 773 1350 772 1351 773 1351 774 1351 774 1352 773 1352 775 1352 774 1353 775 1353 776 1353 776 1354 775 1354 777 1354 776 1355 777 1355 778 1355 778 1356 777 1356 779 1356 778 1357 779 1357 780 1357 780 1358 779 1358 781 1358 780 1359 781 1359 782 1359 782 1360 781 1360 783 1360 782 1361 783 1361 784 1361 784 1362 783 1362 785 1362 784 1363 785 1363 786 1363 786 1364 785 1364 787 1364 786 1365 787 1365 788 1365 788 1366 787 1366 789 1366 790 1367 791 1367 792 1367 792 1368 791 1368 793 1368 792 1369 793 1369 794 1369 794 1370 793 1370 795 1370 794 1371 795 1371 796 1371 796 1372 795 1372 797 1372 796 1373 797 1373 798 1373 798 1374 797 1374 799 1374 798 1375 799 1375 800 1375 800 1376 799 1376 801 1376 800 1377 801 1377 802 1377 802 1378 801 1378 803 1378 802 1379 803 1379 804 1379 804 1380 803 1380 805 1380 804 1381 805 1381 806 1381 806 1382 805 1382 807 1382 806 1383 807 1383 808 1383 808 1384 807 1384 699 1384 809 1385 810 1385 811 1385 811 1386 810 1386 812 1386 811 1387 812 1387 813 1387 813 1388 812 1388 814 1388 813 1389 814 1389 815 1389 815 1390 814 1390 816 1390 815 1391 816 1391 817 1391 817 1392 816 1392 818 1392 817 1393 818 1393 819 1393 819 1394 818 1394 820 1394 819 1395 820 1395 821 1395 821 1396 820 1396 822 1396 821 1397 822 1397 823 1397 823 1398 822 1398 824 1398 823 1399 824 1399 825 1399 825 1400 824 1400 826 1400 825 1401 826 1401 827 1401 827 1402 826 1402 696 1402 828 1403 829 1403 830 1403 831 1404 832 1404 833 1404 833 1405 832 1405 834 1405 833 1406 834 1406 835 1406 835 1407 834 1407 836 1407 835 1408 836 1408 837 1408 837 1409 836 1409 838 1409 837 1410 838 1410 839 1410 839 1411 838 1411 840 1411 839 1412 840 1412 841 1412 841 1413 840 1413 842 1413 841 1414 842 1414 843 1414 843 1415 842 1415 844 1415 843 1416 844 1416 845 1416 845 1417 844 1417 846 1417 845 1418 846 1418 847 1418 847 1419 846 1419 848 1419 847 1420 848 1420 849 1420 849 1421 848 1421 666 1421 850 1422 851 1422 852 1422 852 1423 851 1423 853 1423 852 1424 853 1424 854 1424 854 1425 853 1425 855 1425 854 1426 855 1426 856 1426 856 1427 855 1427 857 1427 856 1428 857 1428 858 1428 858 1429 857 1429 859 1429 858 1430 859 1430 860 1430 860 1431 859 1431 861 1431 860 1432 861 1432 862 1432 862 1433 861 1433 863 1433 862 1434 863 1434 864 1434 864 1435 863 1435 865 1435 864 1436 865 1436 866 1436 866 1437 865 1437 867 1437 866 1438 867 1438 868 1438 868 1439 867 1439 869 1439 870 1440 871 1440 872 1440 872 1441 871 1441 873 1441 872 1442 873 1442 874 1442 874 1443 873 1443 875 1443 874 1444 875 1444 876 1444 876 1445 875 1445 877 1445 876 1446 877 1446 878 1446 878 1447 877 1447 879 1447 878 1448 879 1448 880 1448 880 1449 879 1449 881 1449 880 1450 881 1450 882 1450 882 1451 881 1451 883 1451 882 1452 883 1452 884 1452 884 1453 883 1453 885 1453 884 1454 885 1454 886 1454 886 1455 885 1455 887 1455 886 1456 887 1456 888 1456 888 1457 887 1457 660 1457 889 1458 890 1458 891 1458 891 1459 890 1459 892 1459 891 1460 892 1460 893 1460 893 1461 892 1461 894 1461 893 1462 894 1462 895 1462 895 1463 894 1463 896 1463 895 1464 896 1464 897 1464 897 1465 896 1465 898 1465 897 1466 898 1466 899 1466 899 1467 898 1467 900 1467 899 1468 900 1468 901 1468 901 1469 900 1469 902 1469 901 1470 902 1470 903 1470 903 1471 902 1471 904 1471 903 1472 904 1472 905 1472 905 1473 904 1473 906 1473 905 1474 906 1474 907 1474 907 1475 906 1475 657 1475 908 1476 909 1476 910 1476 910 1477 909 1477 911 1477 910 1478 911 1478 912 1478 912 1479 911 1479 913 1479 912 1480 913 1480 914 1480 914 1481 913 1481 915 1481 914 1482 915 1482 916 1482 916 1483 915 1483 917 1483 916 1484 917 1484 918 1484 918 1485 917 1485 919 1485 918 1486 919 1486 920 1486 920 1487 919 1487 921 1487 920 1488 921 1488 922 1488 922 1489 921 1489 923 1489 922 1490 923 1490 924 1490 924 1491 923 1491 925 1491 924 1492 925 1492 926 1492 926 1493 925 1493 714 1493 926 1494 714 1494 927 1494 927 1495 714 1495 713 1495 710 1496 712 1496 711 1496 711 1497 712 1497 714 1497 711 1498 714 1498 928 1498 928 1499 714 1499 925 1499 928 1500 925 1500 929 1500 929 1501 925 1501 923 1501 929 1502 923 1502 930 1502 930 1503 923 1503 921 1503 930 1504 921 1504 931 1504 931 1505 921 1505 919 1505 931 1506 919 1506 932 1506 932 1507 919 1507 917 1507 932 1508 917 1508 933 1508 933 1509 917 1509 915 1509 933 1510 915 1510 934 1510 934 1511 915 1511 913 1511 934 1512 913 1512 935 1512 935 1513 913 1513 911 1513 935 1514 911 1514 936 1514 936 1515 911 1515 909 1515 937 1516 709 1516 788 1516 788 1517 709 1517 711 1517 788 1518 711 1518 786 1518 786 1519 711 1519 928 1519 786 1520 928 1520 784 1520 784 1521 928 1521 929 1521 784 1522 929 1522 782 1522 782 1523 929 1523 930 1523 782 1524 930 1524 780 1524 780 1525 930 1525 931 1525 780 1526 931 1526 778 1526 778 1527 931 1527 932 1527 778 1528 932 1528 776 1528 776 1529 932 1529 933 1529 776 1530 933 1530 774 1530 774 1531 933 1531 934 1531 774 1532 934 1532 772 1532 772 1533 934 1533 935 1533 772 1534 935 1534 770 1534 770 1535 935 1535 936 1535 938 1536 939 1536 940 1536 940 1537 939 1537 789 1537 940 1538 789 1538 941 1538 941 1539 789 1539 787 1539 941 1540 787 1540 942 1540 942 1541 787 1541 785 1541 942 1542 785 1542 943 1542 943 1543 785 1543 783 1543 943 1544 783 1544 944 1544 944 1545 783 1545 781 1545 944 1546 781 1546 945 1546 945 1547 781 1547 779 1547 945 1548 779 1548 946 1548 946 1549 779 1549 777 1549 946 1550 777 1550 947 1550 947 1551 777 1551 775 1551 947 1552 775 1552 948 1552 948 1553 775 1553 773 1553 948 1554 773 1554 949 1554 949 1555 773 1555 771 1555 939 1556 950 1556 789 1556 789 1557 950 1557 951 1557 789 1558 951 1558 788 1558 788 1559 951 1559 952 1559 788 1560 952 1560 937 1560 707 1561 938 1561 708 1561 708 1562 938 1562 940 1562 708 1563 940 1563 953 1563 953 1564 940 1564 941 1564 953 1565 941 1565 954 1565 954 1566 941 1566 942 1566 954 1567 942 1567 955 1567 955 1568 942 1568 943 1568 955 1569 943 1569 956 1569 956 1570 943 1570 944 1570 956 1571 944 1571 957 1571 957 1572 944 1572 945 1572 957 1573 945 1573 958 1573 958 1574 945 1574 946 1574 958 1575 946 1575 959 1575 959 1576 946 1576 947 1576 959 1577 947 1577 960 1577 960 1578 947 1578 948 1578 960 1579 948 1579 961 1579 961 1580 948 1580 949 1580 704 1581 706 1581 705 1581 705 1582 706 1582 708 1582 705 1583 708 1583 962 1583 962 1584 708 1584 953 1584 962 1585 953 1585 963 1585 963 1586 953 1586 954 1586 963 1587 954 1587 964 1587 964 1588 954 1588 955 1588 964 1589 955 1589 965 1589 965 1590 955 1590 956 1590 965 1591 956 1591 966 1591 966 1592 956 1592 957 1592 966 1593 957 1593 967 1593 967 1594 957 1594 958 1594 967 1595 958 1595 968 1595 968 1596 958 1596 959 1596 968 1597 959 1597 969 1597 969 1598 959 1598 960 1598 969 1599 960 1599 970 1599 970 1600 960 1600 961 1600 701 1601 703 1601 702 1601 702 1602 703 1602 705 1602 702 1603 705 1603 971 1603 971 1604 705 1604 962 1604 971 1605 962 1605 972 1605 972 1606 962 1606 963 1606 972 1607 963 1607 973 1607 973 1608 963 1608 964 1608 973 1609 964 1609 974 1609 974 1610 964 1610 965 1610 974 1611 965 1611 975 1611 975 1612 965 1612 966 1612 975 1613 966 1613 976 1613 976 1614 966 1614 967 1614 976 1615 967 1615 977 1615 977 1616 967 1616 968 1616 977 1617 968 1617 978 1617 978 1618 968 1618 969 1618 978 1619 969 1619 979 1619 979 1620 969 1620 970 1620 980 1621 700 1621 808 1621 808 1622 700 1622 702 1622 808 1623 702 1623 806 1623 806 1624 702 1624 971 1624 806 1625 971 1625 804 1625 804 1626 971 1626 972 1626 804 1627 972 1627 802 1627 802 1628 972 1628 973 1628 802 1629 973 1629 800 1629 800 1630 973 1630 974 1630 800 1631 974 1631 798 1631 798 1632 974 1632 975 1632 798 1633 975 1633 796 1633 796 1634 975 1634 976 1634 796 1635 976 1635 794 1635 794 1636 976 1636 977 1636 794 1637 977 1637 792 1637 792 1638 977 1638 978 1638 792 1639 978 1639 790 1639 790 1640 978 1640 979 1640 699 1641 698 1641 808 1641 808 1642 698 1642 981 1642 808 1643 981 1643 980 1643 982 1644 697 1644 827 1644 827 1645 697 1645 699 1645 827 1646 699 1646 825 1646 825 1647 699 1647 807 1647 825 1648 807 1648 823 1648 823 1649 807 1649 805 1649 823 1650 805 1650 821 1650 821 1651 805 1651 803 1651 821 1652 803 1652 819 1652 819 1653 803 1653 801 1653 819 1654 801 1654 817 1654 817 1655 801 1655 799 1655 817 1656 799 1656 815 1656 815 1657 799 1657 797 1657 815 1658 797 1658 813 1658 813 1659 797 1659 795 1659 813 1660 795 1660 811 1660 811 1661 795 1661 793 1661 811 1662 793 1662 809 1662 809 1663 793 1663 791 1663 696 1664 695 1664 827 1664 827 1665 695 1665 983 1665 827 1666 983 1666 982 1666 692 1667 694 1667 693 1667 693 1668 694 1668 696 1668 693 1669 696 1669 984 1669 984 1670 696 1670 826 1670 984 1671 826 1671 985 1671 985 1672 826 1672 824 1672 985 1673 824 1673 986 1673 986 1674 824 1674 822 1674 986 1675 822 1675 987 1675 987 1676 822 1676 820 1676 987 1677 820 1677 988 1677 988 1678 820 1678 818 1678 988 1679 818 1679 989 1679 989 1680 818 1680 816 1680 989 1681 816 1681 990 1681 990 1682 816 1682 814 1682 990 1683 814 1683 991 1683 991 1684 814 1684 812 1684 991 1685 812 1685 992 1685 992 1686 812 1686 810 1686 689 1687 691 1687 690 1687 690 1688 691 1688 693 1688 690 1689 693 1689 993 1689 993 1690 693 1690 984 1690 993 1691 984 1691 994 1691 994 1692 984 1692 985 1692 994 1693 985 1693 995 1693 995 1694 985 1694 986 1694 995 1695 986 1695 996 1695 996 1696 986 1696 987 1696 996 1697 987 1697 997 1697 997 1698 987 1698 988 1698 997 1699 988 1699 998 1699 998 1700 988 1700 989 1700 998 1701 989 1701 999 1701 999 1702 989 1702 990 1702 999 1703 990 1703 1000 1703 1000 1704 990 1704 991 1704 1000 1705 991 1705 1001 1705 1001 1706 991 1706 992 1706 686 1707 688 1707 687 1707 687 1708 688 1708 690 1708 687 1709 690 1709 1002 1709 1002 1710 690 1710 993 1710 1002 1711 993 1711 1003 1711 1003 1712 993 1712 994 1712 1003 1713 994 1713 1004 1713 1004 1714 994 1714 995 1714 1004 1715 995 1715 1005 1715 1005 1716 995 1716 996 1716 1005 1717 996 1717 1006 1717 1006 1718 996 1718 997 1718 1006 1719 997 1719 1007 1719 1007 1720 997 1720 998 1720 1007 1721 998 1721 1008 1721 1008 1722 998 1722 999 1722 1008 1723 999 1723 1009 1723 1009 1724 999 1724 1000 1724 1009 1725 1000 1725 1010 1725 1010 1726 1000 1726 1001 1726 683 1727 685 1727 684 1727 684 1728 685 1728 687 1728 684 1729 687 1729 1011 1729 1011 1730 687 1730 1002 1730 1011 1731 1002 1731 1012 1731 1012 1732 1002 1732 1003 1732 1012 1733 1003 1733 1013 1733 1013 1734 1003 1734 1004 1734 1013 1735 1004 1735 1014 1735 1014 1736 1004 1736 1005 1736 1014 1737 1005 1737 1015 1737 1015 1738 1005 1738 1006 1738 1015 1739 1006 1739 1016 1739 1016 1740 1006 1740 1007 1740 1016 1741 1007 1741 1017 1741 1017 1742 1007 1742 1008 1742 1017 1743 1008 1743 1018 1743 1018 1744 1008 1744 1009 1744 1018 1745 1009 1745 1019 1745 1019 1746 1009 1746 1010 1746 680 1747 682 1747 681 1747 681 1748 682 1748 684 1748 681 1749 684 1749 1020 1749 1020 1750 684 1750 1011 1750 1020 1751 1011 1751 1021 1751 1021 1752 1011 1752 1012 1752 1021 1753 1012 1753 1022 1753 1022 1754 1012 1754 1013 1754 1022 1755 1013 1755 1023 1755 1023 1756 1013 1756 1014 1756 1023 1757 1014 1757 1024 1757 1024 1758 1014 1758 1015 1758 1024 1759 1015 1759 1025 1759 1025 1760 1015 1760 1016 1760 1025 1761 1016 1761 1026 1761 1026 1762 1016 1762 1017 1762 1026 1763 1017 1763 1027 1763 1027 1764 1017 1764 1018 1764 1027 1765 1018 1765 1028 1765 1028 1766 1018 1766 1019 1766 735 1767 679 1767 733 1767 733 1768 679 1768 681 1768 733 1769 681 1769 731 1769 731 1770 681 1770 1020 1770 731 1771 1020 1771 729 1771 729 1772 1020 1772 1021 1772 729 1773 1021 1773 727 1773 727 1774 1021 1774 1022 1774 727 1775 1022 1775 725 1775 725 1776 1022 1776 1023 1776 725 1777 1023 1777 723 1777 723 1778 1023 1778 1024 1778 723 1779 1024 1779 721 1779 721 1780 1024 1780 1025 1780 721 1781 1025 1781 719 1781 719 1782 1025 1782 1026 1782 719 1783 1026 1783 717 1783 717 1784 1026 1784 1027 1784 717 1785 1027 1785 715 1785 715 1786 1027 1786 1028 1786 716 1787 761 1787 718 1787 718 1788 761 1788 762 1788 718 1789 762 1789 720 1789 720 1790 762 1790 763 1790 720 1791 763 1791 722 1791 722 1792 763 1792 764 1792 722 1793 764 1793 724 1793 724 1794 764 1794 765 1794 724 1795 765 1795 726 1795 726 1796 765 1796 766 1796 726 1797 766 1797 728 1797 728 1798 766 1798 767 1798 728 1799 767 1799 730 1799 730 1800 767 1800 768 1800 730 1801 768 1801 732 1801 732 1802 768 1802 769 1802 732 1803 769 1803 734 1803 734 1804 769 1804 678 1804 734 1805 678 1805 736 1805 736 1806 678 1806 677 1806 750 1807 1029 1807 751 1807 751 1808 1029 1808 1030 1808 751 1809 1030 1809 760 1809 760 1810 1030 1810 675 1810 760 1811 675 1811 678 1811 678 1812 675 1812 674 1812 678 1813 674 1813 676 1813 1029 1814 828 1814 1030 1814 1030 1815 828 1815 830 1815 1030 1816 830 1816 675 1816 675 1817 830 1817 1031 1817 675 1818 1031 1818 673 1818 1032 1819 1033 1819 1034 1819 1034 1820 1033 1820 829 1820 1034 1821 829 1821 1035 1821 1035 1822 829 1822 828 1822 1035 1823 828 1823 1036 1823 1036 1824 828 1824 1029 1824 1036 1825 1029 1825 1037 1825 1037 1826 1029 1826 750 1826 1037 1827 750 1827 1038 1827 1038 1828 750 1828 748 1828 1038 1829 748 1829 1039 1829 1039 1830 748 1830 746 1830 1039 1831 746 1831 1040 1831 1040 1832 746 1832 744 1832 1040 1833 744 1833 1041 1833 1041 1834 744 1834 742 1834 1041 1835 742 1835 1042 1835 1042 1836 742 1836 740 1836 1042 1837 740 1837 1043 1837 1043 1838 740 1838 738 1838 1033 1839 1044 1839 829 1839 829 1840 1044 1840 1045 1840 829 1841 1045 1841 830 1841 830 1842 1045 1842 1046 1842 830 1843 1046 1843 1031 1843 671 1844 1032 1844 672 1844 672 1845 1032 1845 1034 1845 672 1846 1034 1846 1047 1846 1047 1847 1034 1847 1035 1847 1047 1848 1035 1848 1048 1848 1048 1849 1035 1849 1036 1849 1048 1850 1036 1850 1049 1850 1049 1851 1036 1851 1037 1851 1049 1852 1037 1852 1050 1852 1050 1853 1037 1853 1038 1853 1050 1854 1038 1854 1051 1854 1051 1855 1038 1855 1039 1855 1051 1856 1039 1856 1052 1856 1052 1857 1039 1857 1040 1857 1052 1858 1040 1858 1053 1858 1053 1859 1040 1859 1041 1859 1053 1860 1041 1860 1054 1860 1054 1861 1041 1861 1042 1861 1054 1862 1042 1862 1055 1862 1055 1863 1042 1863 1043 1863 668 1864 670 1864 669 1864 669 1865 670 1865 672 1865 669 1866 672 1866 1056 1866 1056 1867 672 1867 1047 1867 1056 1868 1047 1868 1057 1868 1057 1869 1047 1869 1048 1869 1057 1870 1048 1870 1058 1870 1058 1871 1048 1871 1049 1871 1058 1872 1049 1872 1059 1872 1059 1873 1049 1873 1050 1873 1059 1874 1050 1874 1060 1874 1060 1875 1050 1875 1051 1875 1060 1876 1051 1876 1061 1876 1061 1877 1051 1877 1052 1877 1061 1878 1052 1878 1062 1878 1062 1879 1052 1879 1053 1879 1062 1880 1053 1880 1063 1880 1063 1881 1053 1881 1054 1881 1063 1882 1054 1882 1064 1882 1064 1883 1054 1883 1055 1883 1065 1884 667 1884 849 1884 849 1885 667 1885 669 1885 849 1886 669 1886 847 1886 847 1887 669 1887 1056 1887 847 1888 1056 1888 845 1888 845 1889 1056 1889 1057 1889 845 1890 1057 1890 843 1890 843 1891 1057 1891 1058 1891 843 1892 1058 1892 841 1892 841 1893 1058 1893 1059 1893 841 1894 1059 1894 839 1894 839 1895 1059 1895 1060 1895 839 1896 1060 1896 837 1896 837 1897 1060 1897 1061 1897 837 1898 1061 1898 835 1898 835 1899 1061 1899 1062 1899 835 1900 1062 1900 833 1900 833 1901 1062 1901 1063 1901 833 1902 1063 1902 831 1902 831 1903 1063 1903 1064 1903 666 1904 665 1904 849 1904 849 1905 665 1905 1066 1905 849 1906 1066 1906 1065 1906 1067 1907 664 1907 868 1907 868 1908 664 1908 666 1908 868 1909 666 1909 866 1909 866 1910 666 1910 848 1910 866 1911 848 1911 864 1911 864 1912 848 1912 846 1912 864 1913 846 1913 862 1913 862 1914 846 1914 844 1914 862 1915 844 1915 860 1915 860 1916 844 1916 842 1916 860 1917 842 1917 858 1917 858 1918 842 1918 840 1918 858 1919 840 1919 856 1919 856 1920 840 1920 838 1920 856 1921 838 1921 854 1921 854 1922 838 1922 836 1922 854 1923 836 1923 852 1923 852 1924 836 1924 834 1924 852 1925 834 1925 850 1925 850 1926 834 1926 832 1926 1068 1927 1069 1927 1070 1927 1070 1928 1069 1928 869 1928 1070 1929 869 1929 1071 1929 1071 1930 869 1930 867 1930 1071 1931 867 1931 1072 1931 1072 1932 867 1932 865 1932 1072 1933 865 1933 1073 1933 1073 1934 865 1934 863 1934 1073 1935 863 1935 1074 1935 1074 1936 863 1936 861 1936 1074 1937 861 1937 1075 1937 1075 1938 861 1938 859 1938 1075 1939 859 1939 1076 1939 1076 1940 859 1940 857 1940 1076 1941 857 1941 1077 1941 1077 1942 857 1942 855 1942 1077 1943 855 1943 1078 1943 1078 1944 855 1944 853 1944 1078 1945 853 1945 1079 1945 1079 1946 853 1946 851 1946 1069 1947 1080 1947 869 1947 869 1948 1080 1948 1081 1948 869 1949 1081 1949 868 1949 868 1950 1081 1950 1082 1950 868 1951 1082 1951 1067 1951 662 1952 1068 1952 663 1952 663 1953 1068 1953 1070 1953 663 1954 1070 1954 1083 1954 1083 1955 1070 1955 1071 1955 1083 1956 1071 1956 1084 1956 1084 1957 1071 1957 1072 1957 1084 1958 1072 1958 1085 1958 1085 1959 1072 1959 1073 1959 1085 1960 1073 1960 1086 1960 1086 1961 1073 1961 1074 1961 1086 1962 1074 1962 1087 1962 1087 1963 1074 1963 1075 1963 1087 1964 1075 1964 1088 1964 1088 1965 1075 1965 1076 1965 1088 1966 1076 1966 1089 1966 1089 1967 1076 1967 1077 1967 1089 1968 1077 1968 1090 1968 1090 1969 1077 1969 1078 1969 1090 1970 1078 1970 1091 1970 1091 1971 1078 1971 1079 1971 1092 1972 661 1972 888 1972 888 1973 661 1973 663 1973 888 1974 663 1974 886 1974 886 1975 663 1975 1083 1975 886 1976 1083 1976 884 1976 884 1977 1083 1977 1084 1977 884 1978 1084 1978 882 1978 882 1979 1084 1979 1085 1979 882 1980 1085 1980 880 1980 880 1981 1085 1981 1086 1981 880 1982 1086 1982 878 1982 878 1983 1086 1983 1087 1983 878 1984 1087 1984 876 1984 876 1985 1087 1985 1088 1985 876 1986 1088 1986 874 1986 874 1987 1088 1987 1089 1987 874 1988 1089 1988 872 1988 872 1989 1089 1989 1090 1989 872 1990 1090 1990 870 1990 870 1991 1090 1991 1091 1991 660 1992 659 1992 888 1992 888 1993 659 1993 1093 1993 888 1994 1093 1994 1092 1994 1094 1995 658 1995 907 1995 907 1996 658 1996 660 1996 907 1997 660 1997 905 1997 905 1998 660 1998 887 1998 905 1999 887 1999 903 1999 903 2000 887 2000 885 2000 903 2001 885 2001 901 2001 901 2002 885 2002 883 2002 901 2003 883 2003 899 2003 899 2004 883 2004 881 2004 899 2005 881 2005 897 2005 897 2006 881 2006 879 2006 897 2007 879 2007 895 2007 895 2008 879 2008 877 2008 895 2009 877 2009 893 2009 893 2010 877 2010 875 2010 893 2011 875 2011 891 2011 891 2012 875 2012 873 2012 891 2013 873 2013 889 2013 889 2014 873 2014 871 2014 657 2015 656 2015 907 2015 907 2016 656 2016 1095 2016 907 2017 1095 2017 1094 2017 1096 2018 655 2018 1097 2018 1097 2019 655 2019 657 2019 1097 2020 657 2020 1098 2020 1098 2021 657 2021 906 2021 1098 2022 906 2022 1099 2022 1099 2023 906 2023 904 2023 1099 2024 904 2024 1100 2024 1100 2025 904 2025 902 2025 1100 2026 902 2026 1101 2026 1101 2027 902 2027 900 2027 1101 2028 900 2028 1102 2028 1102 2029 900 2029 898 2029 1102 2030 898 2030 1103 2030 1103 2031 898 2031 896 2031 1103 2032 896 2032 1104 2032 1104 2033 896 2033 894 2033 1104 2034 894 2034 1105 2034 1105 2035 894 2035 892 2035 1105 2036 892 2036 1106 2036 1106 2037 892 2037 890 2037 1106 2038 908 2038 1105 2038 1105 2039 908 2039 910 2039 1105 2040 910 2040 1104 2040 1104 2041 910 2041 912 2041 1104 2042 912 2042 1103 2042 1103 2043 912 2043 914 2043 1103 2044 914 2044 1102 2044 1102 2045 914 2045 916 2045 1102 2046 916 2046 1101 2046 1101 2047 916 2047 918 2047 1101 2048 918 2048 1100 2048 1100 2049 918 2049 920 2049 1100 2050 920 2050 1099 2050 1099 2051 920 2051 922 2051 1099 2052 922 2052 1098 2052 1098 2053 922 2053 924 2053 1098 2054 924 2054 1097 2054 1097 2055 924 2055 926 2055 1097 2056 926 2056 1096 2056 1096 2057 926 2057 927 2057 1107 2058 1108 2058 1109 2058 1110 2059 1111 2059 1112 2059 1113 2060 1114 2060 1115 2060 1116 2061 1117 2061 1118 2061 1119 2062 1120 2062 1121 2062 1122 2063 1123 2063 1124 2063 1125 2064 1126 2064 1127 2064 1128 2065 1129 2065 1130 2065 1131 2066 1132 2066 1133 2066 1134 2067 1135 2067 1136 2067 1137 2068 1138 2068 1139 2068 1140 2069 1141 2069 1142 2069 1143 2070 1144 2070 1145 2070 1146 2071 1147 2071 1148 2071 1149 2072 1150 2072 1151 2072 1152 2073 1153 2073 1154 2073 1155 2074 1156 2074 1157 2074 1158 2075 1159 2075 1160 2075 1161 2076 1162 2076 1163 2076 1164 2077 1165 2077 1166 2077 1167 2078 1168 2078 1169 2078 1170 2079 1171 2079 1172 2079 1173 2080 1174 2080 1175 2080 1176 2081 1177 2081 1178 2081 1179 2082 1180 2082 1181 2082 1182 2083 1183 2083 1184 2083 1185 2084 1186 2084 1187 2084 1188 2085 1189 2085 1190 2085 1191 2086 1192 2086 1193 2086 1194 2087 1195 2087 1196 2087 1197 2088 1198 2088 1199 2088 1200 2089 1201 2089 1202 2089 1203 2090 1204 2090 1205 2090 1206 2091 1207 2091 1208 2091 1209 2092 1210 2092 1211 2092 1211 2093 1210 2093 1212 2093 1211 2094 1212 2094 1213 2094 1213 2095 1212 2095 1214 2095 1213 2096 1214 2096 1215 2096 1215 2097 1214 2097 1216 2097 1215 2098 1216 2098 1217 2098 1217 2099 1216 2099 1218 2099 1217 2100 1218 2100 1219 2100 1219 2101 1218 2101 1220 2101 1219 2102 1220 2102 1221 2102 1221 2103 1220 2103 1222 2103 1221 2104 1222 2104 1223 2104 1223 2105 1222 2105 1224 2105 1223 2106 1224 2106 1225 2106 1225 2107 1224 2107 1226 2107 1225 2108 1226 2108 1227 2108 1227 2109 1226 2109 1228 2109 1227 2110 1228 2110 1229 2110 1229 2111 1228 2111 1230 2111 1231 2112 1232 2112 1233 2112 1233 2113 1232 2113 1234 2113 1233 2114 1234 2114 1235 2114 1235 2115 1234 2115 1236 2115 1235 2116 1236 2116 1237 2116 1237 2117 1236 2117 1238 2117 1237 2118 1238 2118 1239 2118 1239 2119 1238 2119 1240 2119 1239 2120 1240 2120 1241 2120 1241 2121 1240 2121 1242 2121 1241 2122 1242 2122 1243 2122 1243 2123 1242 2123 1244 2123 1243 2124 1244 2124 1245 2124 1245 2125 1244 2125 1246 2125 1245 2126 1246 2126 1247 2126 1247 2127 1246 2127 1248 2127 1247 2128 1248 2128 1249 2128 1249 2129 1248 2129 1208 2129 1249 2130 1208 2130 1250 2130 1250 2131 1208 2131 1207 2131 1232 2132 1251 2132 1234 2132 1234 2133 1251 2133 1252 2133 1234 2134 1252 2134 1236 2134 1236 2135 1252 2135 1253 2135 1236 2136 1253 2136 1238 2136 1238 2137 1253 2137 1254 2137 1238 2138 1254 2138 1240 2138 1240 2139 1254 2139 1255 2139 1240 2140 1255 2140 1242 2140 1242 2141 1255 2141 1256 2141 1242 2142 1256 2142 1244 2142 1244 2143 1256 2143 1257 2143 1244 2144 1257 2144 1246 2144 1246 2145 1257 2145 1258 2145 1246 2146 1258 2146 1248 2146 1248 2147 1258 2147 1259 2147 1248 2148 1259 2148 1208 2148 1208 2149 1259 2149 1205 2149 1208 2150 1205 2150 1206 2150 1206 2151 1205 2151 1204 2151 1201 2152 1203 2152 1202 2152 1202 2153 1203 2153 1205 2153 1202 2154 1205 2154 1260 2154 1260 2155 1205 2155 1259 2155 1260 2156 1259 2156 1261 2156 1261 2157 1259 2157 1258 2157 1261 2158 1258 2158 1262 2158 1262 2159 1258 2159 1257 2159 1262 2160 1257 2160 1263 2160 1263 2161 1257 2161 1256 2161 1263 2162 1256 2162 1264 2162 1264 2163 1256 2163 1255 2163 1264 2164 1255 2164 1265 2164 1265 2165 1255 2165 1254 2165 1265 2166 1254 2166 1266 2166 1266 2167 1254 2167 1253 2167 1266 2168 1253 2168 1267 2168 1267 2169 1253 2169 1252 2169 1267 2170 1252 2170 1268 2170 1268 2171 1252 2171 1251 2171 1268 2172 1269 2172 1267 2172 1267 2173 1269 2173 1270 2173 1267 2174 1270 2174 1266 2174 1266 2175 1270 2175 1271 2175 1266 2176 1271 2176 1265 2176 1265 2177 1271 2177 1272 2177 1265 2178 1272 2178 1264 2178 1264 2179 1272 2179 1273 2179 1264 2180 1273 2180 1263 2180 1263 2181 1273 2181 1274 2181 1263 2182 1274 2182 1262 2182 1262 2183 1274 2183 1275 2183 1262 2184 1275 2184 1261 2184 1261 2185 1275 2185 1276 2185 1261 2186 1276 2186 1260 2186 1260 2187 1276 2187 1277 2187 1260 2188 1277 2188 1202 2188 1202 2189 1277 2189 1199 2189 1202 2190 1199 2190 1200 2190 1200 2191 1199 2191 1198 2191 1269 2192 1278 2192 1270 2192 1270 2193 1278 2193 1279 2193 1270 2194 1279 2194 1271 2194 1271 2195 1279 2195 1280 2195 1271 2196 1280 2196 1272 2196 1272 2197 1280 2197 1281 2197 1272 2198 1281 2198 1273 2198 1273 2199 1281 2199 1282 2199 1273 2200 1282 2200 1274 2200 1274 2201 1282 2201 1283 2201 1274 2202 1283 2202 1275 2202 1275 2203 1283 2203 1284 2203 1275 2204 1284 2204 1276 2204 1276 2205 1284 2205 1285 2205 1276 2206 1285 2206 1277 2206 1277 2207 1285 2207 1286 2207 1277 2208 1286 2208 1199 2208 1199 2209 1286 2209 1196 2209 1199 2210 1196 2210 1197 2210 1197 2211 1196 2211 1195 2211 1278 2212 1287 2212 1279 2212 1279 2213 1287 2213 1288 2213 1279 2214 1288 2214 1280 2214 1280 2215 1288 2215 1289 2215 1280 2216 1289 2216 1281 2216 1281 2217 1289 2217 1290 2217 1281 2218 1290 2218 1282 2218 1282 2219 1290 2219 1291 2219 1282 2220 1291 2220 1283 2220 1283 2221 1291 2221 1292 2221 1283 2222 1292 2222 1284 2222 1284 2223 1292 2223 1293 2223 1284 2224 1293 2224 1285 2224 1285 2225 1293 2225 1294 2225 1285 2226 1294 2226 1286 2226 1286 2227 1294 2227 1295 2227 1286 2228 1295 2228 1196 2228 1196 2229 1295 2229 1193 2229 1196 2230 1193 2230 1194 2230 1194 2231 1193 2231 1192 2231 1287 2232 1296 2232 1288 2232 1288 2233 1296 2233 1297 2233 1288 2234 1297 2234 1289 2234 1289 2235 1297 2235 1298 2235 1289 2236 1298 2236 1290 2236 1290 2237 1298 2237 1299 2237 1290 2238 1299 2238 1291 2238 1291 2239 1299 2239 1300 2239 1291 2240 1300 2240 1292 2240 1292 2241 1300 2241 1301 2241 1292 2242 1301 2242 1293 2242 1293 2243 1301 2243 1302 2243 1293 2244 1302 2244 1294 2244 1294 2245 1302 2245 1303 2245 1294 2246 1303 2246 1295 2246 1295 2247 1303 2247 1304 2247 1295 2248 1304 2248 1193 2248 1193 2249 1304 2249 1190 2249 1193 2250 1190 2250 1191 2250 1191 2251 1190 2251 1189 2251 1186 2252 1188 2252 1187 2252 1187 2253 1188 2253 1190 2253 1187 2254 1190 2254 1305 2254 1305 2255 1190 2255 1304 2255 1305 2256 1304 2256 1306 2256 1306 2257 1304 2257 1303 2257 1306 2258 1303 2258 1307 2258 1307 2259 1303 2259 1302 2259 1307 2260 1302 2260 1308 2260 1308 2261 1302 2261 1301 2261 1308 2262 1301 2262 1309 2262 1309 2263 1301 2263 1300 2263 1309 2264 1300 2264 1310 2264 1310 2265 1300 2265 1299 2265 1310 2266 1299 2266 1311 2266 1311 2267 1299 2267 1298 2267 1311 2268 1298 2268 1312 2268 1312 2269 1298 2269 1297 2269 1312 2270 1297 2270 1313 2270 1313 2271 1297 2271 1296 2271 1313 2272 1314 2272 1312 2272 1312 2273 1314 2273 1315 2273 1312 2274 1315 2274 1311 2274 1311 2275 1315 2275 1316 2275 1311 2276 1316 2276 1310 2276 1310 2277 1316 2277 1317 2277 1310 2278 1317 2278 1309 2278 1309 2279 1317 2279 1318 2279 1309 2280 1318 2280 1308 2280 1308 2281 1318 2281 1319 2281 1308 2282 1319 2282 1307 2282 1307 2283 1319 2283 1320 2283 1307 2284 1320 2284 1306 2284 1306 2285 1320 2285 1321 2285 1306 2286 1321 2286 1305 2286 1305 2287 1321 2287 1322 2287 1305 2288 1322 2288 1187 2288 1187 2289 1322 2289 1184 2289 1187 2290 1184 2290 1185 2290 1185 2291 1184 2291 1183 2291 1314 2292 1323 2292 1315 2292 1315 2293 1323 2293 1324 2293 1315 2294 1324 2294 1316 2294 1316 2295 1324 2295 1325 2295 1316 2296 1325 2296 1317 2296 1317 2297 1325 2297 1326 2297 1317 2298 1326 2298 1318 2298 1318 2299 1326 2299 1327 2299 1318 2300 1327 2300 1319 2300 1319 2301 1327 2301 1328 2301 1319 2302 1328 2302 1320 2302 1320 2303 1328 2303 1329 2303 1320 2304 1329 2304 1321 2304 1321 2305 1329 2305 1330 2305 1321 2306 1330 2306 1322 2306 1322 2307 1330 2307 1331 2307 1322 2308 1331 2308 1184 2308 1184 2309 1331 2309 1181 2309 1184 2310 1181 2310 1182 2310 1182 2311 1181 2311 1180 2311 1177 2312 1179 2312 1178 2312 1178 2313 1179 2313 1181 2313 1178 2314 1181 2314 1332 2314 1332 2315 1181 2315 1331 2315 1332 2316 1331 2316 1333 2316 1333 2317 1331 2317 1330 2317 1333 2318 1330 2318 1334 2318 1334 2319 1330 2319 1329 2319 1334 2320 1329 2320 1335 2320 1335 2321 1329 2321 1328 2321 1335 2322 1328 2322 1336 2322 1336 2323 1328 2323 1327 2323 1336 2324 1327 2324 1337 2324 1337 2325 1327 2325 1326 2325 1337 2326 1326 2326 1338 2326 1338 2327 1326 2327 1325 2327 1338 2328 1325 2328 1339 2328 1339 2329 1325 2329 1324 2329 1339 2330 1324 2330 1340 2330 1340 2331 1324 2331 1323 2331 1340 2332 1341 2332 1339 2332 1339 2333 1341 2333 1342 2333 1339 2334 1342 2334 1338 2334 1338 2335 1342 2335 1343 2335 1338 2336 1343 2336 1337 2336 1337 2337 1343 2337 1344 2337 1337 2338 1344 2338 1336 2338 1336 2339 1344 2339 1345 2339 1336 2340 1345 2340 1335 2340 1335 2341 1345 2341 1346 2341 1335 2342 1346 2342 1334 2342 1334 2343 1346 2343 1347 2343 1334 2344 1347 2344 1333 2344 1333 2345 1347 2345 1348 2345 1333 2346 1348 2346 1332 2346 1332 2347 1348 2347 1349 2347 1332 2348 1349 2348 1178 2348 1178 2349 1349 2349 1175 2349 1178 2350 1175 2350 1176 2350 1176 2351 1175 2351 1174 2351 1171 2352 1173 2352 1172 2352 1172 2353 1173 2353 1175 2353 1172 2354 1175 2354 1350 2354 1350 2355 1175 2355 1349 2355 1350 2356 1349 2356 1351 2356 1351 2357 1349 2357 1348 2357 1351 2358 1348 2358 1352 2358 1352 2359 1348 2359 1347 2359 1352 2360 1347 2360 1353 2360 1353 2361 1347 2361 1346 2361 1353 2362 1346 2362 1354 2362 1354 2363 1346 2363 1345 2363 1354 2364 1345 2364 1355 2364 1355 2365 1345 2365 1344 2365 1355 2366 1344 2366 1356 2366 1356 2367 1344 2367 1343 2367 1356 2368 1343 2368 1357 2368 1357 2369 1343 2369 1342 2369 1357 2370 1342 2370 1358 2370 1358 2371 1342 2371 1341 2371 1168 2372 1170 2372 1169 2372 1169 2373 1170 2373 1172 2373 1169 2374 1172 2374 1359 2374 1359 2375 1172 2375 1350 2375 1359 2376 1350 2376 1360 2376 1360 2377 1350 2377 1351 2377 1360 2378 1351 2378 1361 2378 1361 2379 1351 2379 1352 2379 1361 2380 1352 2380 1362 2380 1362 2381 1352 2381 1353 2381 1362 2382 1353 2382 1363 2382 1363 2383 1353 2383 1354 2383 1363 2384 1354 2384 1364 2384 1364 2385 1354 2385 1355 2385 1364 2386 1355 2386 1365 2386 1365 2387 1355 2387 1356 2387 1365 2388 1356 2388 1366 2388 1366 2389 1356 2389 1357 2389 1366 2390 1357 2390 1367 2390 1367 2391 1357 2391 1358 2391 1165 2392 1167 2392 1166 2392 1166 2393 1167 2393 1169 2393 1166 2394 1169 2394 1368 2394 1368 2395 1169 2395 1359 2395 1368 2396 1359 2396 1369 2396 1369 2397 1359 2397 1360 2397 1369 2398 1360 2398 1370 2398 1370 2399 1360 2399 1361 2399 1370 2400 1361 2400 1371 2400 1371 2401 1361 2401 1362 2401 1371 2402 1362 2402 1372 2402 1372 2403 1362 2403 1363 2403 1372 2404 1363 2404 1373 2404 1373 2405 1363 2405 1364 2405 1373 2406 1364 2406 1374 2406 1374 2407 1364 2407 1365 2407 1374 2408 1365 2408 1375 2408 1375 2409 1365 2409 1366 2409 1375 2410 1366 2410 1376 2410 1376 2411 1366 2411 1367 2411 1162 2412 1164 2412 1163 2412 1163 2413 1164 2413 1166 2413 1163 2414 1166 2414 1377 2414 1377 2415 1166 2415 1368 2415 1377 2416 1368 2416 1378 2416 1378 2417 1368 2417 1369 2417 1378 2418 1369 2418 1379 2418 1379 2419 1369 2419 1370 2419 1379 2420 1370 2420 1380 2420 1380 2421 1370 2421 1371 2421 1380 2422 1371 2422 1381 2422 1381 2423 1371 2423 1372 2423 1381 2424 1372 2424 1382 2424 1382 2425 1372 2425 1373 2425 1382 2426 1373 2426 1383 2426 1383 2427 1373 2427 1374 2427 1383 2428 1374 2428 1384 2428 1384 2429 1374 2429 1375 2429 1384 2430 1375 2430 1385 2430 1385 2431 1375 2431 1376 2431 1385 2432 1386 2432 1384 2432 1384 2433 1386 2433 1387 2433 1384 2434 1387 2434 1383 2434 1383 2435 1387 2435 1388 2435 1383 2436 1388 2436 1382 2436 1382 2437 1388 2437 1389 2437 1382 2438 1389 2438 1381 2438 1381 2439 1389 2439 1390 2439 1381 2440 1390 2440 1380 2440 1380 2441 1390 2441 1391 2441 1380 2442 1391 2442 1379 2442 1379 2443 1391 2443 1392 2443 1379 2444 1392 2444 1378 2444 1378 2445 1392 2445 1393 2445 1378 2446 1393 2446 1377 2446 1377 2447 1393 2447 1394 2447 1377 2448 1394 2448 1163 2448 1163 2449 1394 2449 1160 2449 1163 2450 1160 2450 1161 2450 1161 2451 1160 2451 1159 2451 1386 2452 1209 2452 1387 2452 1387 2453 1209 2453 1211 2453 1387 2454 1211 2454 1388 2454 1388 2455 1211 2455 1213 2455 1388 2456 1213 2456 1389 2456 1389 2457 1213 2457 1215 2457 1389 2458 1215 2458 1390 2458 1390 2459 1215 2459 1217 2459 1390 2460 1217 2460 1391 2460 1391 2461 1217 2461 1219 2461 1391 2462 1219 2462 1392 2462 1392 2463 1219 2463 1221 2463 1392 2464 1221 2464 1393 2464 1393 2465 1221 2465 1223 2465 1393 2466 1223 2466 1394 2466 1394 2467 1223 2467 1225 2467 1394 2468 1225 2468 1160 2468 1160 2469 1225 2469 1227 2469 1160 2470 1227 2470 1158 2470 1158 2471 1227 2471 1229 2471 1210 2472 1395 2472 1212 2472 1212 2473 1395 2473 1396 2473 1212 2474 1396 2474 1214 2474 1214 2475 1396 2475 1397 2475 1214 2476 1397 2476 1216 2476 1216 2477 1397 2477 1398 2477 1216 2478 1398 2478 1218 2478 1218 2479 1398 2479 1399 2479 1218 2480 1399 2480 1220 2480 1220 2481 1399 2481 1400 2481 1220 2482 1400 2482 1222 2482 1222 2483 1400 2483 1401 2483 1222 2484 1401 2484 1224 2484 1224 2485 1401 2485 1402 2485 1224 2486 1402 2486 1226 2486 1226 2487 1402 2487 1403 2487 1226 2488 1403 2488 1228 2488 1228 2489 1403 2489 1157 2489 1228 2490 1157 2490 1230 2490 1230 2491 1157 2491 1156 2491 1153 2492 1155 2492 1154 2492 1154 2493 1155 2493 1157 2493 1154 2494 1157 2494 1404 2494 1404 2495 1157 2495 1403 2495 1404 2496 1403 2496 1405 2496 1405 2497 1403 2497 1402 2497 1405 2498 1402 2498 1406 2498 1406 2499 1402 2499 1401 2499 1406 2500 1401 2500 1407 2500 1407 2501 1401 2501 1400 2501 1407 2502 1400 2502 1408 2502 1408 2503 1400 2503 1399 2503 1408 2504 1399 2504 1409 2504 1409 2505 1399 2505 1398 2505 1409 2506 1398 2506 1410 2506 1410 2507 1398 2507 1397 2507 1410 2508 1397 2508 1411 2508 1411 2509 1397 2509 1396 2509 1411 2510 1396 2510 1412 2510 1412 2511 1396 2511 1395 2511 1150 2512 1152 2512 1151 2512 1151 2513 1152 2513 1154 2513 1151 2514 1154 2514 1413 2514 1413 2515 1154 2515 1404 2515 1413 2516 1404 2516 1414 2516 1414 2517 1404 2517 1405 2517 1414 2518 1405 2518 1415 2518 1415 2519 1405 2519 1406 2519 1415 2520 1406 2520 1416 2520 1416 2521 1406 2521 1407 2521 1416 2522 1407 2522 1417 2522 1417 2523 1407 2523 1408 2523 1417 2524 1408 2524 1418 2524 1418 2525 1408 2525 1409 2525 1418 2526 1409 2526 1419 2526 1419 2527 1409 2527 1410 2527 1419 2528 1410 2528 1420 2528 1420 2529 1410 2529 1411 2529 1420 2530 1411 2530 1421 2530 1421 2531 1411 2531 1412 2531 1421 2532 1422 2532 1420 2532 1420 2533 1422 2533 1423 2533 1420 2534 1423 2534 1419 2534 1419 2535 1423 2535 1424 2535 1419 2536 1424 2536 1418 2536 1418 2537 1424 2537 1425 2537 1418 2538 1425 2538 1417 2538 1417 2539 1425 2539 1426 2539 1417 2540 1426 2540 1416 2540 1416 2541 1426 2541 1427 2541 1416 2542 1427 2542 1415 2542 1415 2543 1427 2543 1428 2543 1415 2544 1428 2544 1414 2544 1414 2545 1428 2545 1429 2545 1414 2546 1429 2546 1413 2546 1413 2547 1429 2547 1430 2547 1413 2548 1430 2548 1151 2548 1151 2549 1430 2549 1148 2549 1151 2550 1148 2550 1149 2550 1149 2551 1148 2551 1147 2551 1422 2552 1431 2552 1423 2552 1423 2553 1431 2553 1432 2553 1423 2554 1432 2554 1424 2554 1424 2555 1432 2555 1433 2555 1424 2556 1433 2556 1425 2556 1425 2557 1433 2557 1434 2557 1425 2558 1434 2558 1426 2558 1426 2559 1434 2559 1435 2559 1426 2560 1435 2560 1427 2560 1427 2561 1435 2561 1436 2561 1427 2562 1436 2562 1428 2562 1428 2563 1436 2563 1437 2563 1428 2564 1437 2564 1429 2564 1429 2565 1437 2565 1438 2565 1429 2566 1438 2566 1430 2566 1430 2567 1438 2567 1439 2567 1430 2568 1439 2568 1148 2568 1148 2569 1439 2569 1145 2569 1148 2570 1145 2570 1146 2570 1146 2571 1145 2571 1144 2571 1431 2572 1440 2572 1432 2572 1432 2573 1440 2573 1441 2573 1432 2574 1441 2574 1433 2574 1433 2575 1441 2575 1442 2575 1433 2576 1442 2576 1434 2576 1434 2577 1442 2577 1443 2577 1434 2578 1443 2578 1435 2578 1435 2579 1443 2579 1444 2579 1435 2580 1444 2580 1436 2580 1436 2581 1444 2581 1445 2581 1436 2582 1445 2582 1437 2582 1437 2583 1445 2583 1446 2583 1437 2584 1446 2584 1438 2584 1438 2585 1446 2585 1447 2585 1438 2586 1447 2586 1439 2586 1439 2587 1447 2587 1448 2587 1439 2588 1448 2588 1145 2588 1145 2589 1448 2589 1142 2589 1145 2590 1142 2590 1143 2590 1143 2591 1142 2591 1141 2591 1138 2592 1140 2592 1139 2592 1139 2593 1140 2593 1142 2593 1139 2594 1142 2594 1449 2594 1449 2595 1142 2595 1448 2595 1449 2596 1448 2596 1450 2596 1450 2597 1448 2597 1447 2597 1450 2598 1447 2598 1451 2598 1451 2599 1447 2599 1446 2599 1451 2600 1446 2600 1452 2600 1452 2601 1446 2601 1445 2601 1452 2602 1445 2602 1453 2602 1453 2603 1445 2603 1444 2603 1453 2604 1444 2604 1454 2604 1454 2605 1444 2605 1443 2605 1454 2606 1443 2606 1455 2606 1455 2607 1443 2607 1442 2607 1455 2608 1442 2608 1456 2608 1456 2609 1442 2609 1441 2609 1456 2610 1441 2610 1457 2610 1457 2611 1441 2611 1440 2611 1135 2612 1137 2612 1136 2612 1136 2613 1137 2613 1139 2613 1136 2614 1139 2614 1458 2614 1458 2615 1139 2615 1449 2615 1458 2616 1449 2616 1459 2616 1459 2617 1449 2617 1450 2617 1459 2618 1450 2618 1460 2618 1460 2619 1450 2619 1451 2619 1460 2620 1451 2620 1461 2620 1461 2621 1451 2621 1452 2621 1461 2622 1452 2622 1462 2622 1462 2623 1452 2623 1453 2623 1462 2624 1453 2624 1463 2624 1463 2625 1453 2625 1454 2625 1463 2626 1454 2626 1464 2626 1464 2627 1454 2627 1455 2627 1464 2628 1455 2628 1465 2628 1465 2629 1455 2629 1456 2629 1465 2630 1456 2630 1466 2630 1466 2631 1456 2631 1457 2631 1466 2632 1467 2632 1465 2632 1465 2633 1467 2633 1468 2633 1465 2634 1468 2634 1464 2634 1464 2635 1468 2635 1469 2635 1464 2636 1469 2636 1463 2636 1463 2637 1469 2637 1470 2637 1463 2638 1470 2638 1462 2638 1462 2639 1470 2639 1471 2639 1462 2640 1471 2640 1461 2640 1461 2641 1471 2641 1472 2641 1461 2642 1472 2642 1460 2642 1460 2643 1472 2643 1473 2643 1460 2644 1473 2644 1459 2644 1459 2645 1473 2645 1474 2645 1459 2646 1474 2646 1458 2646 1458 2647 1474 2647 1475 2647 1458 2648 1475 2648 1136 2648 1136 2649 1475 2649 1133 2649 1136 2650 1133 2650 1134 2650 1134 2651 1133 2651 1132 2651 1129 2652 1131 2652 1130 2652 1130 2653 1131 2653 1133 2653 1130 2654 1133 2654 1476 2654 1476 2655 1133 2655 1475 2655 1476 2656 1475 2656 1477 2656 1477 2657 1475 2657 1474 2657 1477 2658 1474 2658 1478 2658 1478 2659 1474 2659 1473 2659 1478 2660 1473 2660 1479 2660 1479 2661 1473 2661 1472 2661 1479 2662 1472 2662 1480 2662 1480 2663 1472 2663 1471 2663 1480 2664 1471 2664 1481 2664 1481 2665 1471 2665 1470 2665 1481 2666 1470 2666 1482 2666 1482 2667 1470 2667 1469 2667 1482 2668 1469 2668 1483 2668 1483 2669 1469 2669 1468 2669 1483 2670 1468 2670 1484 2670 1484 2671 1468 2671 1467 2671 1484 2672 1485 2672 1483 2672 1483 2673 1485 2673 1486 2673 1483 2674 1486 2674 1482 2674 1482 2675 1486 2675 1487 2675 1482 2676 1487 2676 1481 2676 1481 2677 1487 2677 1488 2677 1481 2678 1488 2678 1480 2678 1480 2679 1488 2679 1489 2679 1480 2680 1489 2680 1479 2680 1479 2681 1489 2681 1490 2681 1479 2682 1490 2682 1478 2682 1478 2683 1490 2683 1491 2683 1478 2684 1491 2684 1477 2684 1477 2685 1491 2685 1492 2685 1477 2686 1492 2686 1476 2686 1476 2687 1492 2687 1493 2687 1476 2688 1493 2688 1130 2688 1130 2689 1493 2689 1127 2689 1130 2690 1127 2690 1128 2690 1128 2691 1127 2691 1126 2691 1485 2692 1494 2692 1486 2692 1486 2693 1494 2693 1495 2693 1486 2694 1495 2694 1487 2694 1487 2695 1495 2695 1496 2695 1487 2696 1496 2696 1488 2696 1488 2697 1496 2697 1497 2697 1488 2698 1497 2698 1489 2698 1489 2699 1497 2699 1498 2699 1489 2700 1498 2700 1490 2700 1490 2701 1498 2701 1499 2701 1490 2702 1499 2702 1491 2702 1491 2703 1499 2703 1500 2703 1491 2704 1500 2704 1492 2704 1492 2705 1500 2705 1501 2705 1492 2706 1501 2706 1493 2706 1493 2707 1501 2707 1502 2707 1493 2708 1502 2708 1127 2708 1127 2709 1502 2709 1124 2709 1127 2710 1124 2710 1125 2710 1125 2711 1124 2711 1123 2711 1120 2712 1122 2712 1121 2712 1121 2713 1122 2713 1124 2713 1121 2714 1124 2714 1503 2714 1503 2715 1124 2715 1502 2715 1503 2716 1502 2716 1504 2716 1504 2717 1502 2717 1501 2717 1504 2718 1501 2718 1505 2718 1505 2719 1501 2719 1500 2719 1505 2720 1500 2720 1506 2720 1506 2721 1500 2721 1499 2721 1506 2722 1499 2722 1507 2722 1507 2723 1499 2723 1498 2723 1507 2724 1498 2724 1508 2724 1508 2725 1498 2725 1497 2725 1508 2726 1497 2726 1509 2726 1509 2727 1497 2727 1496 2727 1509 2728 1496 2728 1510 2728 1510 2729 1496 2729 1495 2729 1510 2730 1495 2730 1511 2730 1511 2731 1495 2731 1494 2731 1511 2732 1512 2732 1510 2732 1510 2733 1512 2733 1513 2733 1510 2734 1513 2734 1509 2734 1509 2735 1513 2735 1514 2735 1509 2736 1514 2736 1508 2736 1508 2737 1514 2737 1515 2737 1508 2738 1515 2738 1507 2738 1507 2739 1515 2739 1516 2739 1507 2740 1516 2740 1506 2740 1506 2741 1516 2741 1517 2741 1506 2742 1517 2742 1505 2742 1505 2743 1517 2743 1518 2743 1505 2744 1518 2744 1504 2744 1504 2745 1518 2745 1519 2745 1504 2746 1519 2746 1503 2746 1503 2747 1519 2747 1520 2747 1503 2748 1520 2748 1121 2748 1121 2749 1520 2749 1118 2749 1121 2750 1118 2750 1119 2750 1119 2751 1118 2751 1117 2751 1114 2752 1116 2752 1115 2752 1115 2753 1116 2753 1118 2753 1115 2754 1118 2754 1521 2754 1521 2755 1118 2755 1520 2755 1521 2756 1520 2756 1522 2756 1522 2757 1520 2757 1519 2757 1522 2758 1519 2758 1523 2758 1523 2759 1519 2759 1518 2759 1523 2760 1518 2760 1524 2760 1524 2761 1518 2761 1517 2761 1524 2762 1517 2762 1525 2762 1525 2763 1517 2763 1516 2763 1525 2764 1516 2764 1526 2764 1526 2765 1516 2765 1515 2765 1526 2766 1515 2766 1527 2766 1527 2767 1515 2767 1514 2767 1527 2768 1514 2768 1528 2768 1528 2769 1514 2769 1513 2769 1528 2770 1513 2770 1529 2770 1529 2771 1513 2771 1512 2771 1111 2772 1113 2772 1112 2772 1112 2773 1113 2773 1115 2773 1112 2774 1115 2774 1530 2774 1530 2775 1115 2775 1521 2775 1530 2776 1521 2776 1531 2776 1531 2777 1521 2777 1522 2777 1531 2778 1522 2778 1532 2778 1532 2779 1522 2779 1523 2779 1532 2780 1523 2780 1533 2780 1533 2781 1523 2781 1524 2781 1533 2782 1524 2782 1534 2782 1534 2783 1524 2783 1525 2783 1534 2784 1525 2784 1535 2784 1535 2785 1525 2785 1526 2785 1535 2786 1526 2786 1536 2786 1536 2787 1526 2787 1527 2787 1536 2788 1527 2788 1537 2788 1537 2789 1527 2789 1528 2789 1537 2790 1528 2790 1538 2790 1538 2791 1528 2791 1529 2791 1108 2792 1110 2792 1109 2792 1109 2793 1110 2793 1112 2793 1109 2794 1112 2794 1539 2794 1539 2795 1112 2795 1530 2795 1539 2796 1530 2796 1540 2796 1540 2797 1530 2797 1531 2797 1540 2798 1531 2798 1541 2798 1541 2799 1531 2799 1532 2799 1541 2800 1532 2800 1542 2800 1542 2801 1532 2801 1533 2801 1542 2802 1533 2802 1543 2802 1543 2803 1533 2803 1534 2803 1543 2804 1534 2804 1544 2804 1544 2805 1534 2805 1535 2805 1544 2806 1535 2806 1545 2806 1545 2807 1535 2807 1536 2807 1545 2808 1536 2808 1546 2808 1546 2809 1536 2809 1537 2809 1546 2810 1537 2810 1547 2810 1547 2811 1537 2811 1538 2811 1548 2812 1107 2812 1549 2812 1549 2813 1107 2813 1109 2813 1549 2814 1109 2814 1550 2814 1550 2815 1109 2815 1539 2815 1550 2816 1539 2816 1551 2816 1551 2817 1539 2817 1540 2817 1551 2818 1540 2818 1552 2818 1552 2819 1540 2819 1541 2819 1552 2820 1541 2820 1553 2820 1553 2821 1541 2821 1542 2821 1553 2822 1542 2822 1554 2822 1554 2823 1542 2823 1543 2823 1554 2824 1543 2824 1555 2824 1555 2825 1543 2825 1544 2825 1555 2826 1544 2826 1556 2826 1556 2827 1544 2827 1545 2827 1556 2828 1545 2828 1557 2828 1557 2829 1545 2829 1546 2829 1557 2830 1546 2830 1558 2830 1558 2831 1546 2831 1547 2831 1558 2832 1231 2832 1557 2832 1557 2833 1231 2833 1233 2833 1557 2834 1233 2834 1556 2834 1556 2835 1233 2835 1235 2835 1556 2836 1235 2836 1555 2836 1555 2837 1235 2837 1237 2837 1555 2838 1237 2838 1554 2838 1554 2839 1237 2839 1239 2839 1554 2840 1239 2840 1553 2840 1553 2841 1239 2841 1241 2841 1553 2842 1241 2842 1552 2842 1552 2843 1241 2843 1243 2843 1552 2844 1243 2844 1551 2844 1551 2845 1243 2845 1245 2845 1551 2846 1245 2846 1550 2846 1550 2847 1245 2847 1247 2847 1550 2848 1247 2848 1549 2848 1549 2849 1247 2849 1249 2849 1549 2850 1249 2850 1548 2850 1548 2851 1249 2851 1250 2851 1559 2852 1560 2852 1561 2852 1559 2853 1561 2853 1562 2853 1563 2854 1564 2854 1561 2854 1561 2855 1564 2855 1565 2855 1561 2856 1565 2856 1562 2856 1566 2857 1567 2857 1561 2857 1561 2858 1567 2858 1568 2858 1561 2859 1568 2859 1563 2859 1569 2860 1570 2860 1561 2860 1561 2861 1570 2861 1571 2861 1561 2862 1571 2862 1566 2862 1572 2863 1573 2863 1561 2863 1561 2864 1573 2864 1574 2864 1561 2865 1574 2865 1569 2865 1575 2866 1576 2866 1561 2866 1561 2867 1576 2867 1577 2867 1561 2868 1577 2868 1572 2868 1578 2869 1579 2869 1561 2869 1561 2870 1579 2870 1580 2870 1561 2871 1580 2871 1575 2871 1581 2872 1582 2872 1561 2872 1561 2873 1582 2873 1583 2873 1561 2874 1583 2874 1578 2874 1584 2875 1585 2875 1561 2875 1561 2876 1585 2876 1586 2876 1561 2877 1586 2877 1581 2877 1587 2878 1588 2878 1561 2878 1561 2879 1588 2879 1589 2879 1561 2880 1589 2880 1584 2880 1590 2881 1591 2881 1561 2881 1561 2882 1591 2882 1592 2882 1561 2883 1592 2883 1587 2883 1593 2884 1594 2884 1561 2884 1561 2885 1594 2885 1595 2885 1561 2886 1595 2886 1590 2886 1560 2887 1596 2887 1561 2887 1561 2888 1596 2888 1597 2888 1561 2889 1597 2889 1593 2889 1578 2890 1231 2890 1579 2890 1579 2891 1231 2891 1558 2891 1579 2892 1558 2892 1580 2892 1580 2893 1558 2893 1547 2893 1580 2894 1547 2894 1575 2894 1575 2895 1547 2895 1538 2895 1575 2896 1538 2896 1576 2896 1576 2897 1538 2897 1529 2897 1576 2898 1529 2898 1577 2898 1577 2899 1529 2899 1512 2899 1577 2900 1512 2900 1572 2900 1572 2901 1512 2901 1511 2901 1572 2902 1511 2902 1573 2902 1573 2903 1511 2903 1494 2903 1573 2904 1494 2904 1574 2904 1574 2905 1494 2905 1485 2905 1574 2906 1485 2906 1569 2906 1569 2907 1485 2907 1484 2907 1569 2908 1484 2908 1570 2908 1570 2909 1484 2909 1467 2909 1570 2910 1467 2910 1571 2910 1571 2911 1467 2911 1466 2911 1571 2912 1466 2912 1566 2912 1566 2913 1466 2913 1457 2913 1566 2914 1457 2914 1567 2914 1567 2915 1457 2915 1440 2915 1567 2916 1440 2916 1568 2916 1568 2917 1440 2917 1431 2917 1568 2918 1431 2918 1563 2918 1563 2919 1431 2919 1422 2919 1563 2920 1422 2920 1564 2920 1564 2921 1422 2921 1421 2921 1564 2922 1421 2922 1565 2922 1565 2923 1421 2923 1412 2923 1565 2924 1412 2924 1562 2924 1562 2925 1412 2925 1395 2925 1562 2926 1395 2926 1559 2926 1559 2927 1395 2927 1210 2927 1559 2928 1210 2928 1560 2928 1560 2929 1210 2929 1209 2929 1560 2930 1209 2930 1596 2930 1596 2931 1209 2931 1386 2931 1596 2932 1386 2932 1597 2932 1597 2933 1386 2933 1385 2933 1597 2934 1385 2934 1593 2934 1593 2935 1385 2935 1376 2935 1593 2936 1376 2936 1594 2936 1594 2937 1376 2937 1367 2937 1594 2938 1367 2938 1595 2938 1595 2939 1367 2939 1358 2939 1595 2940 1358 2940 1590 2940 1590 2941 1358 2941 1341 2941 1590 2942 1341 2942 1591 2942 1591 2943 1341 2943 1340 2943 1591 2944 1340 2944 1592 2944 1592 2945 1340 2945 1323 2945 1592 2946 1323 2946 1587 2946 1587 2947 1323 2947 1314 2947 1587 2948 1314 2948 1588 2948 1588 2949 1314 2949 1313 2949 1588 2950 1313 2950 1589 2950 1589 2951 1313 2951 1296 2951 1589 2952 1296 2952 1584 2952 1584 2953 1296 2953 1287 2953 1584 2954 1287 2954 1585 2954 1585 2955 1287 2955 1278 2955 1585 2956 1278 2956 1586 2956 1586 2957 1278 2957 1269 2957 1586 2958 1269 2958 1581 2958 1581 2959 1269 2959 1268 2959 1581 2960 1268 2960 1582 2960 1582 2961 1268 2961 1251 2961 1582 2962 1251 2962 1583 2962 1583 2963 1251 2963 1232 2963 1583 2964 1232 2964 1578 2964 1578 2965 1232 2965 1231 2965 1158 2966 1229 2966 1598 2966 1598 2967 1229 2967 1599 2967 1158 2968 1598 2968 1159 2968 1159 2969 1598 2969 1600 2969 1159 2970 1600 2970 1161 2970 1161 2971 1600 2971 1162 2971 1162 2972 1600 2972 1601 2972 1162 2973 1601 2973 1164 2973 1164 2974 1601 2974 1165 2974 1165 2975 1601 2975 1602 2975 1165 2976 1602 2976 1167 2976 1167 2977 1602 2977 1168 2977 1168 2978 1602 2978 1603 2978 1168 2979 1603 2979 1170 2979 1170 2980 1603 2980 1171 2980 1171 2981 1603 2981 1604 2981 1171 2982 1604 2982 1173 2982 1173 2983 1604 2983 1174 2983 1174 2984 1604 2984 1605 2984 1174 2985 1605 2985 1176 2985 1176 2986 1605 2986 1177 2986 1177 2987 1605 2987 1606 2987 1177 2988 1606 2988 1179 2988 1179 2989 1606 2989 1180 2989 1180 2990 1606 2990 1607 2990 1180 2991 1607 2991 1182 2991 1182 2992 1607 2992 1183 2992 1183 2993 1607 2993 1608 2993 1183 2994 1608 2994 1185 2994 1185 2995 1608 2995 1186 2995 1186 2996 1608 2996 1609 2996 1186 2997 1609 2997 1188 2997 1188 2998 1609 2998 1189 2998 1189 2999 1609 2999 1610 2999 1189 3000 1610 3000 1191 3000 1191 3001 1610 3001 1192 3001 1192 3002 1610 3002 1611 3002 1192 3003 1611 3003 1194 3003 1194 3004 1611 3004 1195 3004 1195 3005 1611 3005 1612 3005 1195 3006 1612 3006 1197 3006 1197 3007 1612 3007 1198 3007 1198 3008 1612 3008 1613 3008 1198 3009 1613 3009 1200 3009 1200 3010 1613 3010 1201 3010 1201 3011 1613 3011 1614 3011 1201 3012 1614 3012 1203 3012 1203 3013 1614 3013 1204 3013 1204 3014 1614 3014 1615 3014 1204 3015 1615 3015 1206 3015 1206 3016 1615 3016 1616 3016 1206 3017 1616 3017 1207 3017 1207 3018 1616 3018 1250 3018 1250 3019 1616 3019 1617 3019 1250 3020 1617 3020 1548 3020 1548 3021 1617 3021 1618 3021 1548 3022 1618 3022 1619 3022 1620 3023 1108 3023 1619 3023 1619 3024 1108 3024 1107 3024 1619 3025 1107 3025 1548 3025 1621 3026 1111 3026 1620 3026 1620 3027 1111 3027 1110 3027 1620 3028 1110 3028 1108 3028 1622 3029 1114 3029 1621 3029 1621 3030 1114 3030 1113 3030 1621 3031 1113 3031 1111 3031 1623 3032 1117 3032 1622 3032 1622 3033 1117 3033 1116 3033 1622 3034 1116 3034 1114 3034 1624 3035 1120 3035 1623 3035 1623 3036 1120 3036 1119 3036 1623 3037 1119 3037 1117 3037 1625 3038 1123 3038 1624 3038 1624 3039 1123 3039 1122 3039 1624 3040 1122 3040 1120 3040 1626 3041 1126 3041 1625 3041 1625 3042 1126 3042 1125 3042 1625 3043 1125 3043 1123 3043 1627 3044 1129 3044 1626 3044 1626 3045 1129 3045 1128 3045 1626 3046 1128 3046 1126 3046 1628 3047 1132 3047 1627 3047 1627 3048 1132 3048 1131 3048 1627 3049 1131 3049 1129 3049 1629 3050 1135 3050 1628 3050 1628 3051 1135 3051 1134 3051 1628 3052 1134 3052 1132 3052 1630 3053 1138 3053 1629 3053 1629 3054 1138 3054 1137 3054 1629 3055 1137 3055 1135 3055 1631 3056 1141 3056 1630 3056 1630 3057 1141 3057 1140 3057 1630 3058 1140 3058 1138 3058 1632 3059 1144 3059 1631 3059 1631 3060 1144 3060 1143 3060 1631 3061 1143 3061 1141 3061 1633 3062 1147 3062 1632 3062 1632 3063 1147 3063 1146 3063 1632 3064 1146 3064 1144 3064 1634 3065 1150 3065 1633 3065 1633 3066 1150 3066 1149 3066 1633 3067 1149 3067 1147 3067 1635 3068 1153 3068 1634 3068 1634 3069 1153 3069 1152 3069 1634 3070 1152 3070 1150 3070 1229 3071 1230 3071 1599 3071 1599 3072 1230 3072 1156 3072 1599 3073 1156 3073 1635 3073 1635 3074 1156 3074 1155 3074 1635 3075 1155 3075 1153 3075 716 3076 715 3076 1636 3076 716 3077 1636 3077 761 3077 738 3078 737 3078 1636 3078 1636 3079 737 3079 752 3079 1636 3080 752 3080 761 3080 1064 3081 1055 3081 1636 3081 1636 3082 1055 3082 1043 3082 1636 3083 1043 3083 738 3083 850 3084 832 3084 1636 3084 1636 3085 832 3085 831 3085 1636 3086 831 3086 1064 3086 1091 3087 1079 3087 1636 3087 1636 3088 1079 3088 851 3088 1636 3089 851 3089 850 3089 889 3090 871 3090 1636 3090 1636 3091 871 3091 870 3091 1636 3092 870 3092 1091 3092 908 3093 1106 3093 1636 3093 1636 3094 1106 3094 890 3094 1636 3095 890 3095 889 3095 770 3096 936 3096 1636 3096 1636 3097 936 3097 909 3097 1636 3098 909 3098 908 3098 961 3099 949 3099 1636 3099 1636 3100 949 3100 771 3100 1636 3101 771 3101 770 3101 790 3102 979 3102 1636 3102 1636 3103 979 3103 970 3103 1636 3104 970 3104 961 3104 810 3105 809 3105 1636 3105 1636 3106 809 3106 791 3106 1636 3107 791 3107 790 3107 1010 3108 1001 3108 1636 3108 1636 3109 1001 3109 992 3109 1636 3110 992 3110 810 3110 715 3111 1028 3111 1636 3111 1636 3112 1028 3112 1019 3112 1636 3113 1019 3113 1010 3113 679 3114 735 3114 1637 3114 1637 3115 735 3115 1638 3115 679 3116 1637 3116 680 3116 680 3117 1637 3117 1639 3117 680 3118 1639 3118 682 3118 682 3119 1639 3119 683 3119 683 3120 1639 3120 1640 3120 683 3121 1640 3121 685 3121 685 3122 1640 3122 686 3122 686 3123 1640 3123 1641 3123 686 3124 1641 3124 688 3124 688 3125 1641 3125 689 3125 689 3126 1641 3126 1642 3126 689 3127 1642 3127 691 3127 691 3128 1642 3128 692 3128 692 3129 1642 3129 1643 3129 692 3130 1643 3130 694 3130 694 3131 1643 3131 695 3131 695 3132 1643 3132 1644 3132 695 3133 1644 3133 983 3133 983 3134 1644 3134 982 3134 982 3135 1644 3135 1645 3135 982 3136 1645 3136 697 3136 697 3137 1645 3137 698 3137 698 3138 1645 3138 1646 3138 698 3139 1646 3139 981 3139 981 3140 1646 3140 980 3140 980 3141 1646 3141 1647 3141 980 3142 1647 3142 700 3142 700 3143 1647 3143 701 3143 701 3144 1647 3144 1648 3144 701 3145 1648 3145 703 3145 703 3146 1648 3146 704 3146 704 3147 1648 3147 1649 3147 704 3148 1649 3148 706 3148 706 3149 1649 3149 707 3149 707 3150 1649 3150 1650 3150 707 3151 1650 3151 938 3151 938 3152 1650 3152 939 3152 939 3153 1650 3153 1651 3153 939 3154 1651 3154 950 3154 950 3155 1651 3155 951 3155 951 3156 1651 3156 1652 3156 951 3157 1652 3157 952 3157 952 3158 1652 3158 937 3158 937 3159 1652 3159 1653 3159 937 3160 1653 3160 709 3160 709 3161 1653 3161 710 3161 710 3162 1653 3162 1654 3162 710 3163 1654 3163 712 3163 712 3164 1654 3164 1655 3164 712 3165 1655 3165 713 3165 713 3166 1655 3166 927 3166 927 3167 1655 3167 1656 3167 927 3168 1656 3168 1096 3168 1096 3169 1656 3169 1657 3169 1096 3170 1657 3170 1658 3170 1659 3171 656 3171 1658 3171 1658 3172 656 3172 655 3172 1658 3173 655 3173 1096 3173 1660 3174 1094 3174 1659 3174 1659 3175 1094 3175 1095 3175 1659 3176 1095 3176 656 3176 1661 3177 659 3177 1660 3177 1660 3178 659 3178 658 3178 1660 3179 658 3179 1094 3179 1662 3180 1092 3180 1661 3180 1661 3181 1092 3181 1093 3181 1661 3182 1093 3182 659 3182 1663 3183 662 3183 1662 3183 1662 3184 662 3184 661 3184 1662 3185 661 3185 1092 3185 1664 3186 1069 3186 1663 3186 1663 3187 1069 3187 1068 3187 1663 3188 1068 3188 662 3188 1665 3189 1081 3189 1664 3189 1664 3190 1081 3190 1080 3190 1664 3191 1080 3191 1069 3191 1666 3192 1067 3192 1665 3192 1665 3193 1067 3193 1082 3193 1665 3194 1082 3194 1081 3194 1667 3195 665 3195 1666 3195 1666 3196 665 3196 664 3196 1666 3197 664 3197 1067 3197 1668 3198 1065 3198 1667 3198 1667 3199 1065 3199 1066 3199 1667 3200 1066 3200 665 3200 1669 3201 668 3201 1668 3201 1668 3202 668 3202 667 3202 1668 3203 667 3203 1065 3203 1670 3204 671 3204 1669 3204 1669 3205 671 3205 670 3205 1669 3206 670 3206 668 3206 1671 3207 1033 3207 1670 3207 1670 3208 1033 3208 1032 3208 1670 3209 1032 3209 671 3209 1672 3210 1045 3210 1671 3210 1671 3211 1045 3211 1044 3211 1671 3212 1044 3212 1033 3212 1673 3213 1031 3213 1672 3213 1672 3214 1031 3214 1046 3214 1672 3215 1046 3215 1045 3215 1674 3216 674 3216 1673 3216 1673 3217 674 3217 673 3217 1673 3218 673 3218 1031 3218 735 3219 736 3219 1638 3219 1638 3220 736 3220 677 3220 1638 3221 677 3221 1674 3221 1674 3222 677 3222 676 3222 1674 3223 676 3223 674 3223 1650 3224 1649 3224 1675 3224 1663 3225 1662 3225 1676 3225 1655 3226 1677 3226 1678 3226 1653 3227 1652 3227 1675 3227 1675 3228 1652 3228 1651 3228 1675 3229 1651 3229 1650 3229 1649 3230 1648 3230 1675 3230 1675 3231 1648 3231 1647 3231 1675 3232 1647 3232 1679 3232 1679 3233 1647 3233 1646 3233 1679 3234 1646 3234 1645 3234 1680 3235 1668 3235 1667 3235 1676 3236 1659 3236 1681 3236 1681 3237 1659 3237 1658 3237 1681 3238 1658 3238 1682 3238 1682 3239 1658 3239 1683 3239 1684 3240 1685 3240 1657 3240 1653 3241 1675 3241 1654 3241 1654 3242 1675 3242 1686 3242 1654 3243 1686 3243 1687 3243 1645 3244 1644 3244 1679 3244 1679 3245 1644 3245 1643 3245 1679 3246 1643 3246 1688 3246 1688 3247 1643 3247 1642 3247 1688 3248 1642 3248 1689 3248 1689 3249 1642 3249 1641 3249 1690 3250 1673 3250 1691 3250 1691 3251 1673 3251 1672 3251 1691 3252 1672 3252 1692 3252 1692 3253 1672 3253 1693 3253 1693 3254 1672 3254 1671 3254 1693 3255 1671 3255 1694 3255 1694 3256 1671 3256 1695 3256 1695 3257 1671 3257 1670 3257 1695 3258 1670 3258 1696 3258 1667 3259 1666 3259 1680 3259 1680 3260 1666 3260 1665 3260 1680 3261 1665 3261 1676 3261 1676 3262 1665 3262 1664 3262 1676 3263 1664 3263 1663 3263 1662 3264 1661 3264 1676 3264 1676 3265 1661 3265 1660 3265 1676 3266 1660 3266 1659 3266 1655 3267 1678 3267 1656 3267 1656 3268 1678 3268 1697 3268 1656 3269 1697 3269 1657 3269 1657 3270 1697 3270 1698 3270 1657 3271 1698 3271 1684 3271 1699 3272 1700 3272 1655 3272 1655 3273 1700 3273 1701 3273 1655 3274 1701 3274 1677 3274 1640 3275 1702 3275 1641 3275 1641 3276 1702 3276 1703 3276 1641 3277 1703 3277 1689 3277 1639 3278 1704 3278 1640 3278 1640 3279 1704 3279 1705 3279 1640 3280 1705 3280 1702 3280 1706 3281 1707 3281 1639 3281 1707 3282 1708 3282 1639 3282 1639 3283 1708 3283 1709 3283 1639 3284 1709 3284 1704 3284 1639 3285 1637 3285 1706 3285 1706 3286 1637 3286 1638 3286 1706 3287 1638 3287 1710 3287 1710 3288 1638 3288 1674 3288 1710 3289 1674 3289 1711 3289 1711 3290 1674 3290 1673 3290 1711 3291 1673 3291 1712 3291 1712 3292 1673 3292 1690 3292 1696 3293 1670 3293 1680 3293 1680 3294 1670 3294 1669 3294 1680 3295 1669 3295 1668 3295 1687 3296 1713 3296 1654 3296 1654 3297 1713 3297 1714 3297 1654 3298 1714 3298 1655 3298 1655 3299 1714 3299 1715 3299 1655 3300 1715 3300 1699 3300 1685 3301 1716 3301 1657 3301 1657 3302 1716 3302 1717 3302 1657 3303 1717 3303 1658 3303 1658 3304 1717 3304 1718 3304 1658 3305 1718 3305 1683 3305 1719 3306 1720 3306 1616 3306 1721 3307 1605 3307 1604 3307 1632 3308 1631 3308 1722 3308 1722 3309 1631 3309 1630 3309 1722 3310 1630 3310 1629 3310 1629 3311 1628 3311 1722 3311 1722 3312 1628 3312 1627 3312 1722 3313 1627 3313 1723 3313 1723 3314 1627 3314 1626 3314 1723 3315 1626 3315 1625 3315 1625 3316 1624 3316 1723 3316 1723 3317 1624 3317 1623 3317 1723 3318 1623 3318 1622 3318 1619 3319 1724 3319 1725 3319 1720 3320 1726 3320 1616 3320 1616 3321 1726 3321 1727 3321 1616 3322 1727 3322 1617 3322 1617 3323 1727 3323 1728 3323 1617 3324 1728 3324 1618 3324 1618 3325 1728 3325 1729 3325 1618 3326 1729 3326 1730 3326 1615 3327 1614 3327 1731 3327 1731 3328 1614 3328 1613 3328 1731 3329 1613 3329 1612 3329 1612 3330 1611 3330 1731 3330 1731 3331 1611 3331 1610 3331 1731 3332 1610 3332 1609 3332 1609 3333 1608 3333 1731 3333 1731 3334 1608 3334 1607 3334 1731 3335 1607 3335 1721 3335 1721 3336 1607 3336 1606 3336 1721 3337 1606 3337 1605 3337 1622 3338 1621 3338 1723 3338 1723 3339 1621 3339 1620 3339 1723 3340 1620 3340 1732 3340 1732 3341 1620 3341 1619 3341 1732 3342 1619 3342 1733 3342 1733 3343 1619 3343 1725 3343 1730 3344 1734 3344 1618 3344 1618 3345 1734 3345 1735 3345 1618 3346 1735 3346 1619 3346 1619 3347 1735 3347 1736 3347 1619 3348 1736 3348 1724 3348 1737 3349 1600 3349 1738 3349 1738 3350 1600 3350 1598 3350 1738 3351 1598 3351 1739 3351 1731 3352 1740 3352 1615 3352 1615 3353 1740 3353 1741 3353 1615 3354 1741 3354 1742 3354 1604 3355 1603 3355 1721 3355 1721 3356 1603 3356 1602 3356 1721 3357 1602 3357 1743 3357 1743 3358 1602 3358 1601 3358 1743 3359 1601 3359 1744 3359 1737 3360 1745 3360 1600 3360 1600 3361 1745 3361 1746 3361 1600 3362 1746 3362 1601 3362 1601 3363 1746 3363 1747 3363 1601 3364 1747 3364 1744 3364 1748 3365 1749 3365 1635 3365 1635 3366 1749 3366 1750 3366 1635 3367 1750 3367 1599 3367 1599 3368 1750 3368 1751 3368 1599 3369 1751 3369 1598 3369 1598 3370 1751 3370 1752 3370 1598 3371 1752 3371 1739 3371 1748 3372 1635 3372 1753 3372 1753 3373 1635 3373 1634 3373 1753 3374 1634 3374 1754 3374 1742 3375 1755 3375 1615 3375 1615 3376 1755 3376 1756 3376 1615 3377 1756 3377 1616 3377 1616 3378 1756 3378 1757 3378 1616 3379 1757 3379 1719 3379 1758 3380 1759 3380 1633 3380 1633 3381 1759 3381 1760 3381 1633 3382 1760 3382 1634 3382 1634 3383 1760 3383 1761 3383 1634 3384 1761 3384 1754 3384 1632 3385 1722 3385 1633 3385 1633 3386 1722 3386 1762 3386 1633 3387 1762 3387 1758 3387 1763 3388 1764 3388 1721 3388 1721 3389 1764 3389 1765 3389 1766 3390 1731 3390 1767 3390 1767 3391 1731 3391 1721 3391 1767 3392 1721 3392 1768 3392 1768 3393 1721 3393 1765 3393 1727 3394 1726 3394 1769 3394 1769 3395 1726 3395 1770 3395 1770 3396 1726 3396 1771 3396 1771 3397 1726 3397 1720 3397 1771 3398 1720 3398 1772 3398 1772 3399 1720 3399 1773 3399 1773 3400 1720 3400 1719 3400 1773 3401 1719 3401 1774 3401 1774 3402 1719 3402 1775 3402 1775 3403 1719 3403 1757 3403 1775 3404 1757 3404 1776 3404 1755 3405 1777 3405 1756 3405 1756 3406 1777 3406 1778 3406 1756 3407 1778 3407 1757 3407 1757 3408 1778 3408 1779 3408 1757 3409 1779 3409 1776 3409 1742 3410 1780 3410 1755 3410 1755 3411 1780 3411 1781 3411 1755 3412 1781 3412 1777 3412 1782 3413 1783 3413 1742 3413 1742 3414 1783 3414 1784 3414 1742 3415 1784 3415 1780 3415 1742 3416 1741 3416 1782 3416 1782 3417 1741 3417 1740 3417 1782 3418 1740 3418 1785 3418 1785 3419 1740 3419 1786 3419 1786 3420 1740 3420 1731 3420 1786 3421 1731 3421 1766 3421 1727 3422 1769 3422 1728 3422 1728 3423 1769 3423 1787 3423 1732 3424 1733 3424 1788 3424 1788 3425 1789 3425 1732 3425 1732 3426 1789 3426 1790 3426 1732 3427 1790 3427 1723 3427 1723 3428 1790 3428 1791 3428 1723 3429 1791 3429 1792 3429 1725 3430 1724 3430 1793 3430 1793 3431 1794 3431 1725 3431 1725 3432 1794 3432 1795 3432 1725 3433 1795 3433 1733 3433 1733 3434 1795 3434 1796 3434 1733 3435 1796 3435 1788 3435 1736 3436 1735 3436 1797 3436 1797 3437 1798 3437 1736 3437 1736 3438 1798 3438 1799 3438 1736 3439 1799 3439 1724 3439 1724 3440 1799 3440 1800 3440 1724 3441 1800 3441 1793 3441 1734 3442 1730 3442 1801 3442 1801 3443 1802 3443 1734 3443 1734 3444 1802 3444 1803 3444 1734 3445 1803 3445 1735 3445 1735 3446 1803 3446 1804 3446 1735 3447 1804 3447 1797 3447 1729 3448 1728 3448 1787 3448 1787 3449 1805 3449 1729 3449 1729 3450 1805 3450 1806 3450 1729 3451 1806 3451 1730 3451 1730 3452 1806 3452 1807 3452 1730 3453 1807 3453 1801 3453 1808 3454 1809 3454 1722 3454 1723 3455 1792 3455 1722 3455 1722 3456 1792 3456 1810 3456 1810 3457 1811 3457 1722 3457 1722 3458 1811 3458 1812 3458 1722 3459 1812 3459 1808 3459 1813 3460 1750 3460 1749 3460 1813 3461 1749 3461 1814 3461 1814 3462 1749 3462 1748 3462 1814 3463 1748 3463 1815 3463 1815 3464 1748 3464 1816 3464 1816 3465 1748 3465 1753 3465 1816 3466 1753 3466 1817 3466 1817 3467 1753 3467 1818 3467 1818 3468 1753 3468 1754 3468 1818 3469 1754 3469 1819 3469 1819 3470 1754 3470 1820 3470 1820 3471 1754 3471 1761 3471 1820 3472 1761 3472 1821 3472 1821 3473 1761 3473 1822 3473 1822 3474 1761 3474 1760 3474 1822 3475 1760 3475 1823 3475 1823 3476 1760 3476 1824 3476 1824 3477 1760 3477 1759 3477 1824 3478 1759 3478 1825 3478 1825 3479 1759 3479 1826 3479 1826 3480 1759 3480 1758 3480 1826 3481 1758 3481 1827 3481 1827 3482 1758 3482 1828 3482 1828 3483 1758 3483 1762 3483 1828 3484 1762 3484 1829 3484 1829 3485 1762 3485 1830 3485 1830 3486 1762 3486 1722 3486 1830 3487 1722 3487 1809 3487 1750 3488 1813 3488 1751 3488 1751 3489 1813 3489 1831 3489 1763 3490 1721 3490 1743 3490 1763 3491 1743 3491 1832 3491 1832 3492 1743 3492 1744 3492 1832 3493 1744 3493 1833 3493 1833 3494 1744 3494 1834 3494 1834 3495 1744 3495 1747 3495 1834 3496 1747 3496 1835 3496 1835 3497 1747 3497 1836 3497 1836 3498 1747 3498 1746 3498 1836 3499 1746 3499 1837 3499 1837 3500 1746 3500 1838 3500 1838 3501 1746 3501 1745 3501 1838 3502 1745 3502 1839 3502 1839 3503 1745 3503 1840 3503 1840 3504 1745 3504 1737 3504 1840 3505 1737 3505 1841 3505 1841 3506 1737 3506 1842 3506 1842 3507 1737 3507 1738 3507 1842 3508 1738 3508 1843 3508 1843 3509 1738 3509 1844 3509 1844 3510 1738 3510 1739 3510 1844 3511 1739 3511 1845 3511 1845 3512 1739 3512 1846 3512 1846 3513 1739 3513 1752 3513 1846 3514 1752 3514 1847 3514 1847 3515 1752 3515 1848 3515 1848 3516 1752 3516 1751 3516 1848 3517 1751 3517 1831 3517 1678 3518 1849 3518 1697 3518 1697 3519 1849 3519 1850 3519 1851 3520 1676 3520 1681 3520 1851 3521 1681 3521 1852 3521 1852 3522 1681 3522 1682 3522 1852 3523 1682 3523 1853 3523 1853 3524 1682 3524 1854 3524 1854 3525 1682 3525 1683 3525 1854 3526 1683 3526 1855 3526 1855 3527 1683 3527 1856 3527 1856 3528 1683 3528 1718 3528 1856 3529 1718 3529 1857 3529 1857 3530 1718 3530 1858 3530 1858 3531 1718 3531 1717 3531 1858 3532 1717 3532 1859 3532 1859 3533 1717 3533 1860 3533 1860 3534 1717 3534 1716 3534 1860 3535 1716 3535 1861 3535 1861 3536 1716 3536 1862 3536 1862 3537 1716 3537 1685 3537 1862 3538 1685 3538 1863 3538 1863 3539 1685 3539 1864 3539 1864 3540 1685 3540 1684 3540 1864 3541 1684 3541 1865 3541 1865 3542 1684 3542 1866 3542 1866 3543 1684 3543 1698 3543 1866 3544 1698 3544 1867 3544 1867 3545 1698 3545 1868 3545 1868 3546 1698 3546 1697 3546 1868 3547 1697 3547 1850 3547 1851 3548 1869 3548 1676 3548 1676 3549 1869 3549 1870 3549 1871 3550 1680 3550 1872 3550 1872 3551 1680 3551 1676 3551 1872 3552 1676 3552 1873 3552 1873 3553 1676 3553 1870 3553 1710 3554 1711 3554 1874 3554 1874 3555 1711 3555 1875 3555 1875 3556 1711 3556 1876 3556 1876 3557 1711 3557 1712 3557 1876 3558 1712 3558 1877 3558 1877 3559 1712 3559 1878 3559 1878 3560 1712 3560 1690 3560 1878 3561 1690 3561 1879 3561 1879 3562 1690 3562 1880 3562 1880 3563 1690 3563 1691 3563 1880 3564 1691 3564 1881 3564 1693 3565 1882 3565 1692 3565 1692 3566 1882 3566 1883 3566 1692 3567 1883 3567 1691 3567 1691 3568 1883 3568 1884 3568 1691 3569 1884 3569 1881 3569 1694 3570 1885 3570 1693 3570 1693 3571 1885 3571 1886 3571 1693 3572 1886 3572 1882 3572 1887 3573 1888 3573 1694 3573 1694 3574 1888 3574 1889 3574 1694 3575 1889 3575 1885 3575 1694 3576 1695 3576 1887 3576 1887 3577 1695 3577 1696 3577 1887 3578 1696 3578 1890 3578 1890 3579 1696 3579 1891 3579 1891 3580 1696 3580 1680 3580 1891 3581 1680 3581 1871 3581 1710 3582 1874 3582 1706 3582 1706 3583 1874 3583 1892 3583 1688 3584 1689 3584 1893 3584 1893 3585 1894 3585 1688 3585 1688 3586 1894 3586 1895 3586 1688 3587 1895 3587 1679 3587 1679 3588 1895 3588 1896 3588 1679 3589 1896 3589 1897 3589 1703 3590 1702 3590 1898 3590 1898 3591 1899 3591 1703 3591 1703 3592 1899 3592 1900 3592 1703 3593 1900 3593 1689 3593 1689 3594 1900 3594 1901 3594 1689 3595 1901 3595 1893 3595 1705 3596 1704 3596 1902 3596 1902 3597 1903 3597 1705 3597 1705 3598 1903 3598 1904 3598 1705 3599 1904 3599 1702 3599 1702 3600 1904 3600 1905 3600 1702 3601 1905 3601 1898 3601 1709 3602 1708 3602 1906 3602 1906 3603 1907 3603 1709 3603 1709 3604 1907 3604 1908 3604 1709 3605 1908 3605 1704 3605 1704 3606 1908 3606 1909 3606 1704 3607 1909 3607 1902 3607 1707 3608 1706 3608 1892 3608 1892 3609 1910 3609 1707 3609 1707 3610 1910 3610 1911 3610 1707 3611 1911 3611 1708 3611 1708 3612 1911 3612 1912 3612 1708 3613 1912 3613 1906 3613 1913 3614 1914 3614 1675 3614 1679 3615 1897 3615 1675 3615 1675 3616 1897 3616 1915 3616 1915 3617 1916 3617 1675 3617 1675 3618 1916 3618 1917 3618 1675 3619 1917 3619 1913 3619 1849 3620 1678 3620 1677 3620 1849 3621 1677 3621 1918 3621 1918 3622 1677 3622 1701 3622 1918 3623 1701 3623 1919 3623 1919 3624 1701 3624 1920 3624 1920 3625 1701 3625 1700 3625 1920 3626 1700 3626 1921 3626 1921 3627 1700 3627 1922 3627 1922 3628 1700 3628 1699 3628 1922 3629 1699 3629 1923 3629 1923 3630 1699 3630 1924 3630 1924 3631 1699 3631 1715 3631 1924 3632 1715 3632 1925 3632 1925 3633 1715 3633 1926 3633 1926 3634 1715 3634 1714 3634 1926 3635 1714 3635 1927 3635 1927 3636 1714 3636 1928 3636 1928 3637 1714 3637 1713 3637 1928 3638 1713 3638 1929 3638 1929 3639 1713 3639 1930 3639 1930 3640 1713 3640 1687 3640 1930 3641 1687 3641 1931 3641 1931 3642 1687 3642 1932 3642 1932 3643 1687 3643 1686 3643 1932 3644 1686 3644 1933 3644 1933 3645 1686 3645 1934 3645 1934 3646 1686 3646 1675 3646 1934 3647 1675 3647 1914 3647 1935 3648 1936 3648 1937 3648 1938 3649 1939 3649 1940 3649 1941 3650 1942 3650 1943 3650 1944 3651 1945 3651 1946 3651 1947 3652 1948 3652 1949 3652 1949 3653 1948 3653 1950 3653 1949 3654 1950 3654 1951 3654 1951 3655 1950 3655 1952 3655 1951 3656 1952 3656 1953 3656 1947 3657 1949 3657 1954 3657 1954 3658 1949 3658 1955 3658 1954 3659 1955 3659 1956 3659 1956 3660 1955 3660 1957 3660 1956 3661 1957 3661 1958 3661 1958 3662 1957 3662 1959 3662 1958 3663 1959 3663 1960 3663 1961 3664 1962 3664 1963 3664 1963 3665 1962 3665 1964 3665 1963 3666 1964 3666 1965 3666 1965 3667 1964 3667 1966 3667 1965 3668 1966 3668 1959 3668 1959 3669 1966 3669 1967 3669 1959 3670 1967 3670 1960 3670 1968 3671 1969 3671 1970 3671 1970 3672 1969 3672 1971 3672 1970 3673 1971 3673 1961 3673 1961 3674 1971 3674 1972 3674 1961 3675 1972 3675 1962 3675 1968 3676 1970 3676 1973 3676 1973 3677 1970 3677 1974 3677 1973 3678 1974 3678 1975 3678 1975 3679 1974 3679 1976 3679 1975 3680 1976 3680 1977 3680 1977 3681 1976 3681 1978 3681 1977 3682 1978 3682 1979 3682 1980 3683 1981 3683 1982 3683 1982 3684 1981 3684 1983 3684 1982 3685 1983 3685 1984 3685 1984 3686 1983 3686 1985 3686 1984 3687 1985 3687 1978 3687 1978 3688 1985 3688 1986 3688 1978 3689 1986 3689 1979 3689 1987 3690 1988 3690 1980 3690 1980 3691 1988 3691 1989 3691 1980 3692 1989 3692 1981 3692 1990 3693 1991 3693 1987 3693 1987 3694 1991 3694 1992 3694 1987 3695 1992 3695 1988 3695 1993 3696 1994 3696 1995 3696 1995 3697 1994 3697 1996 3697 1995 3698 1996 3698 1997 3698 1997 3699 1996 3699 1998 3699 1997 3700 1998 3700 1990 3700 1990 3701 1998 3701 1999 3701 1990 3702 1999 3702 1991 3702 1993 3703 1995 3703 2000 3703 2000 3704 1995 3704 2001 3704 2000 3705 2001 3705 2002 3705 2002 3706 2001 3706 2003 3706 2002 3707 2003 3707 2004 3707 2004 3708 2003 3708 2005 3708 2004 3709 2005 3709 2006 3709 2007 3710 2008 3710 2009 3710 2009 3711 2008 3711 2010 3711 2009 3712 2010 3712 2011 3712 2011 3713 2010 3713 2012 3713 2011 3714 2012 3714 2005 3714 2005 3715 2012 3715 2013 3715 2005 3716 2013 3716 2006 3716 2014 3717 2015 3717 2016 3717 2016 3718 2015 3718 2017 3718 2016 3719 2017 3719 2007 3719 2007 3720 2017 3720 2018 3720 2007 3721 2018 3721 2008 3721 2014 3722 2016 3722 2019 3722 2019 3723 2016 3723 2020 3723 2019 3724 2020 3724 2021 3724 2021 3725 2020 3725 1946 3725 2021 3726 1946 3726 2022 3726 2022 3727 1946 3727 1945 3727 2022 3728 1945 3728 2023 3728 2024 3729 2025 3729 2026 3729 2026 3730 2025 3730 1944 3730 1942 3731 2027 3731 1943 3731 1943 3732 2027 3732 2028 3732 1943 3733 2028 3733 2024 3733 2029 3734 1941 3734 2030 3734 1939 3735 2031 3735 1940 3735 1940 3736 2031 3736 2032 3736 1940 3737 2032 3737 2030 3737 2030 3738 2032 3738 2033 3738 2030 3739 2033 3739 2029 3739 2034 3740 2035 3740 2036 3740 2036 3741 2035 3741 2037 3741 2036 3742 2037 3742 2038 3742 2038 3743 2037 3743 2039 3743 2038 3744 2039 3744 1938 3744 2036 3745 2040 3745 2034 3745 2034 3746 2040 3746 2041 3746 2034 3747 2041 3747 2042 3747 2042 3748 2041 3748 2043 3748 2043 3749 2041 3749 2044 3749 2043 3750 2044 3750 2045 3750 2046 3751 2047 3751 2044 3751 2044 3752 2047 3752 2048 3752 2044 3753 2048 3753 2045 3753 2049 3754 2050 3754 2051 3754 2051 3755 2050 3755 2052 3755 2051 3756 2052 3756 2046 3756 2046 3757 2052 3757 2053 3757 2046 3758 2053 3758 2047 3758 2049 3759 2051 3759 2054 3759 2054 3760 2051 3760 2055 3760 2054 3761 2055 3761 2056 3761 2056 3762 2055 3762 2057 3762 2057 3763 2055 3763 2058 3763 2057 3764 2058 3764 2059 3764 2060 3765 2061 3765 2058 3765 2058 3766 2061 3766 2062 3766 2058 3767 2062 3767 2059 3767 2063 3768 2064 3768 2065 3768 2065 3769 2064 3769 2066 3769 2065 3770 2066 3770 2060 3770 2060 3771 2066 3771 2067 3771 2060 3772 2067 3772 2061 3772 2063 3773 2065 3773 2068 3773 2068 3774 2065 3774 2069 3774 2068 3775 2069 3775 2070 3775 2070 3776 2069 3776 2071 3776 2070 3777 2071 3777 2072 3777 2072 3778 2071 3778 2073 3778 2073 3779 2071 3779 2074 3779 2073 3780 2074 3780 2075 3780 2076 3781 2077 3781 2074 3781 2074 3782 2077 3782 2078 3782 2074 3783 2078 3783 2075 3783 2079 3784 2080 3784 2081 3784 2081 3785 2080 3785 2082 3785 2081 3786 2082 3786 2076 3786 2076 3787 2082 3787 2083 3787 2076 3788 2083 3788 2077 3788 2084 3789 2085 3789 2079 3789 2079 3790 2085 3790 2086 3790 2079 3791 2086 3791 2080 3791 2084 3792 2079 3792 2087 3792 2087 3793 2079 3793 2088 3793 2087 3794 2088 3794 2089 3794 2089 3795 2088 3795 2090 3795 2089 3796 2090 3796 2091 3796 2092 3797 2093 3797 2090 3797 2090 3798 2093 3798 2094 3798 2090 3799 2094 3799 2091 3799 2095 3800 2096 3800 2092 3800 2092 3801 2096 3801 2097 3801 2092 3802 2097 3802 2093 3802 2098 3803 2099 3803 2095 3803 2095 3804 2099 3804 2100 3804 2095 3805 2100 3805 2096 3805 2101 3806 2102 3806 2098 3806 2098 3807 2102 3807 2103 3807 2098 3808 2103 3808 2099 3808 2104 3809 2105 3809 2106 3809 2106 3810 2105 3810 2107 3810 2108 3811 2109 3811 2110 3811 2110 3812 2109 3812 2111 3812 2110 3813 2111 3813 2105 3813 2105 3814 2111 3814 2112 3814 2105 3815 2112 3815 2107 3815 2113 3816 2114 3816 2115 3816 2115 3817 2114 3817 2116 3817 2115 3818 2116 3818 2117 3818 2118 3819 2119 3819 2120 3819 2121 3820 2119 3820 2122 3820 2122 3821 2119 3821 2118 3821 2122 3822 2118 3822 2123 3822 2123 3823 2118 3823 2124 3823 2123 3824 2124 3824 2125 3824 2126 3825 2127 3825 2128 3825 2128 3826 2127 3826 2129 3826 2128 3827 2129 3827 2130 3827 2130 3828 2129 3828 2131 3828 2130 3829 2131 3829 2132 3829 2132 3830 2131 3830 2133 3830 2132 3831 2133 3831 2124 3831 2124 3832 2133 3832 2134 3832 2124 3833 2134 3833 2125 3833 2126 3834 2128 3834 2135 3834 2135 3835 2128 3835 2136 3835 2135 3836 2136 3836 2137 3836 2137 3837 2136 3837 2138 3837 2137 3838 2138 3838 2139 3838 2139 3839 2138 3839 2140 3839 2139 3840 2140 3840 2141 3840 2142 3841 2143 3841 2144 3841 2144 3842 2143 3842 2145 3842 2144 3843 2145 3843 2146 3843 2146 3844 2145 3844 2147 3844 2146 3845 2147 3845 2140 3845 2140 3846 2147 3846 2148 3846 2140 3847 2148 3847 2141 3847 2149 3848 2150 3848 2151 3848 2151 3849 2150 3849 2152 3849 2151 3850 2152 3850 2142 3850 2142 3851 2152 3851 2153 3851 2142 3852 2153 3852 2143 3852 2149 3853 2151 3853 2154 3853 2154 3854 2151 3854 2155 3854 2154 3855 2155 3855 2156 3855 2156 3856 2155 3856 2157 3856 2156 3857 2157 3857 2158 3857 2158 3858 2157 3858 2159 3858 2158 3859 2159 3859 2160 3859 2161 3860 2162 3860 2163 3860 2163 3861 2162 3861 2164 3861 2163 3862 2164 3862 2165 3862 2165 3863 2164 3863 2166 3863 2165 3864 2166 3864 2159 3864 2159 3865 2166 3865 2167 3865 2159 3866 2167 3866 2160 3866 2168 3867 2169 3867 2161 3867 2161 3868 2169 3868 2170 3868 2161 3869 2170 3869 2162 3869 2171 3870 2172 3870 2168 3870 2168 3871 2172 3871 2173 3871 2168 3872 2173 3872 2169 3872 2174 3873 2175 3873 2176 3873 2176 3874 2175 3874 2177 3874 2176 3875 2177 3875 2178 3875 2178 3876 2177 3876 2179 3876 2178 3877 2179 3877 2171 3877 2171 3878 2179 3878 2180 3878 2171 3879 2180 3879 2172 3879 2174 3880 2176 3880 2181 3880 2181 3881 2176 3881 2182 3881 2181 3882 2182 3882 2183 3882 2183 3883 2182 3883 2184 3883 2183 3884 2184 3884 2185 3884 2185 3885 2184 3885 2186 3885 2185 3886 2186 3886 2187 3886 2188 3887 2189 3887 2190 3887 2190 3888 2189 3888 2191 3888 2190 3889 2191 3889 2192 3889 2192 3890 2191 3890 2193 3890 2192 3891 2193 3891 2186 3891 2186 3892 2193 3892 2194 3892 2186 3893 2194 3893 2187 3893 1952 3894 2195 3894 1953 3894 1953 3895 2195 3895 2196 3895 1953 3896 2196 3896 2197 3896 2197 3897 2196 3897 2198 3897 2197 3898 2198 3898 2199 3898 2199 3899 2198 3899 2200 3899 2199 3900 2200 3900 2188 3900 2188 3901 2200 3901 2201 3901 2188 3902 2201 3902 2189 3902 2202 3903 2203 3903 2204 3903 2204 3904 2203 3904 2205 3904 2204 3905 2205 3905 2206 3905 2206 3906 2205 3906 2207 3906 2206 3907 2207 3907 2208 3907 2208 3908 2207 3908 2209 3908 2208 3909 2209 3909 2210 3909 2210 3910 2209 3910 2211 3910 2210 3911 2211 3911 2212 3911 2212 3912 2211 3912 2213 3912 2212 3913 2213 3913 2214 3913 2214 3914 2213 3914 2215 3914 2214 3915 2215 3915 2216 3915 2216 3916 2215 3916 2217 3916 2216 3917 2217 3917 2218 3917 2218 3918 2217 3918 2219 3918 2218 3919 2219 3919 2220 3919 2220 3920 2219 3920 2221 3920 2220 3921 2221 3921 2222 3921 2222 3922 2221 3922 2223 3922 2222 3923 2223 3923 2224 3923 2224 3924 2223 3924 2225 3924 2224 3925 2225 3925 2226 3925 2226 3926 2225 3926 2227 3926 2226 3927 2227 3927 2228 3927 2228 3928 2227 3928 2229 3928 2228 3929 2229 3929 2230 3929 2230 3930 2229 3930 2231 3930 2230 3931 2231 3931 2232 3931 2232 3932 2231 3932 2233 3932 2232 3933 2233 3933 2234 3933 2234 3934 2233 3934 2235 3934 2234 3935 2235 3935 2236 3935 2236 3936 2235 3936 2237 3936 2236 3937 2237 3937 2238 3937 2238 3938 2237 3938 2239 3938 2238 3939 2239 3939 2240 3939 2240 3940 2239 3940 2241 3940 2240 3941 2241 3941 2242 3941 2242 3942 2241 3942 2243 3942 2242 3943 2243 3943 2244 3943 2244 3944 2243 3944 2245 3944 2244 3945 2245 3945 2246 3945 2246 3946 2245 3946 2247 3946 2246 3947 2247 3947 2248 3947 2248 3948 2247 3948 2249 3948 2248 3949 2249 3949 2250 3949 2250 3950 2249 3950 2251 3950 2250 3951 2251 3951 2252 3951 2252 3952 2251 3952 2253 3952 2252 3953 2253 3953 2254 3953 2254 3954 2253 3954 2255 3954 2254 3955 2255 3955 2256 3955 2256 3956 2255 3956 2257 3956 2256 3957 2257 3957 2258 3957 2258 3958 2257 3958 2259 3958 2258 3959 2259 3959 2260 3959 2260 3960 2259 3960 2261 3960 2260 3961 2261 3961 2262 3961 2262 3962 2261 3962 2263 3962 2262 3963 2263 3963 2264 3963 2264 3964 2263 3964 2265 3964 2264 3965 2265 3965 2266 3965 2266 3966 2265 3966 2267 3966 2266 3967 2267 3967 2268 3967 2268 3968 2267 3968 2269 3968 2268 3969 2269 3969 2270 3969 2270 3970 2269 3970 2271 3970 2270 3971 2271 3971 2272 3971 2272 3972 2271 3972 2273 3972 2272 3973 2273 3973 2274 3973 2274 3974 2273 3974 2275 3974 2274 3975 2275 3975 2276 3975 2276 3976 2275 3976 2277 3976 2276 3977 2277 3977 2278 3977 2278 3978 2277 3978 2279 3978 2278 3979 2279 3979 2280 3979 2280 3980 2279 3980 2281 3980 2280 3981 2281 3981 2282 3981 2282 3982 2281 3982 2283 3982 2282 3983 2283 3983 2284 3983 2284 3984 2283 3984 2285 3984 2284 3985 2285 3985 2286 3985 2286 3986 2285 3986 2287 3986 2286 3987 2287 3987 2288 3987 2288 3988 2287 3988 2289 3988 2288 3989 2289 3989 2290 3989 2290 3990 2289 3990 2291 3990 2290 3991 2291 3991 2292 3991 2292 3992 2291 3992 2293 3992 2292 3993 2293 3993 2294 3993 2294 3994 2293 3994 2295 3994 2294 3995 2295 3995 2296 3995 2296 3996 2295 3996 2297 3996 2296 3997 2297 3997 2298 3997 2298 3998 2297 3998 2299 3998 2298 3999 2299 3999 2300 3999 2300 4000 2299 4000 2301 4000 2300 4001 2301 4001 2302 4001 2302 4002 2301 4002 2303 4002 2302 4003 2303 4003 2304 4003 2304 4004 2303 4004 2305 4004 2304 4005 2305 4005 2306 4005 2306 4006 2305 4006 2307 4006 2306 4007 2307 4007 2308 4007 2308 4008 2307 4008 2309 4008 2308 4009 2309 4009 2310 4009 2310 4010 2309 4010 2311 4010 2310 4011 2311 4011 2312 4011 2312 4012 2311 4012 2313 4012 2312 4013 2313 4013 2314 4013 2314 4014 2313 4014 2315 4014 2314 4015 2315 4015 2316 4015 2316 4016 2315 4016 2317 4016 2316 4017 2317 4017 2318 4017 2318 4018 2317 4018 2319 4018 2318 4019 2319 4019 2320 4019 2320 4020 2319 4020 2321 4020 2320 4021 2321 4021 2322 4021 2322 4022 2321 4022 2323 4022 2322 4023 2323 4023 2324 4023 2324 4024 2323 4024 2325 4024 2324 4025 2325 4025 2326 4025 2326 4026 2325 4026 2327 4026 2326 4027 2327 4027 2328 4027 2328 4028 2327 4028 2329 4028 2328 4029 2329 4029 2330 4029 2330 4030 2329 4030 2331 4030 2330 4031 2331 4031 2332 4031 2332 4032 2331 4032 2333 4032 2332 4033 2333 4033 2334 4033 2334 4034 2333 4034 2335 4034 2334 4035 2335 4035 2336 4035 2336 4036 2335 4036 2337 4036 2336 4037 2337 4037 2338 4037 2338 4038 2337 4038 2339 4038 2338 4039 2339 4039 2340 4039 2340 4040 2339 4040 2341 4040 2340 4041 2341 4041 2342 4041 2342 4042 2341 4042 2343 4042 2342 4043 2343 4043 2344 4043 2344 4044 2343 4044 2345 4044 2344 4045 2345 4045 2346 4045 2346 4046 2345 4046 2347 4046 2346 4047 2347 4047 2348 4047 2348 4048 2347 4048 2349 4048 2348 4049 2349 4049 2350 4049 2350 4050 2349 4050 2351 4050 2350 4051 2351 4051 2352 4051 2352 4052 2351 4052 2353 4052 2352 4053 2353 4053 2354 4053 2354 4054 2353 4054 2355 4054 2354 4055 2355 4055 2356 4055 2356 4056 2355 4056 2357 4056 2356 4057 2357 4057 2358 4057 2358 4058 2357 4058 2359 4058 2358 4059 2359 4059 2360 4059 2360 4060 2359 4060 2361 4060 2360 4061 2361 4061 2362 4061 2362 4062 2361 4062 2363 4062 2362 4063 2363 4063 2364 4063 2364 4064 2363 4064 2365 4064 2364 4065 2365 4065 2202 4065 2202 4066 2365 4066 2203 4066 2287 4067 2366 4067 2289 4067 2289 4068 2366 4068 2367 4068 2289 4069 2367 4069 2291 4069 2291 4070 2367 4070 2368 4070 2291 4071 2368 4071 2293 4071 2293 4072 2368 4072 2369 4072 2293 4073 2369 4073 2295 4073 2295 4074 2369 4074 2370 4074 2295 4075 2370 4075 2297 4075 2297 4076 2370 4076 2371 4076 2297 4077 2371 4077 2299 4077 2299 4078 2371 4078 2372 4078 2299 4079 2372 4079 2301 4079 2301 4080 2372 4080 2373 4080 2301 4081 2373 4081 2303 4081 2303 4082 2373 4082 2374 4082 2303 4083 2374 4083 2305 4083 2305 4084 2374 4084 2375 4084 2305 4085 2375 4085 2307 4085 2307 4086 2375 4086 2376 4086 2307 4087 2376 4087 2309 4087 2309 4088 2376 4088 2377 4088 2309 4089 2377 4089 2311 4089 2311 4090 2377 4090 2378 4090 2311 4091 2378 4091 2313 4091 2313 4092 2378 4092 2379 4092 2313 4093 2379 4093 2315 4093 2315 4094 2379 4094 2380 4094 2315 4095 2380 4095 2317 4095 2317 4096 2380 4096 2381 4096 2317 4097 2381 4097 2319 4097 2319 4098 2381 4098 2382 4098 2319 4099 2382 4099 2321 4099 2321 4100 2382 4100 2383 4100 2321 4101 2383 4101 2323 4101 2323 4102 2383 4102 2384 4102 2323 4103 2384 4103 2325 4103 2325 4104 2384 4104 2385 4104 2325 4105 2385 4105 2327 4105 2327 4106 2385 4106 2386 4106 2327 4107 2386 4107 2329 4107 2329 4108 2386 4108 2387 4108 2329 4109 2387 4109 2331 4109 2331 4110 2387 4110 2388 4110 2331 4111 2388 4111 2333 4111 2333 4112 2388 4112 2389 4112 2333 4113 2389 4113 2335 4113 2335 4114 2389 4114 2390 4114 2335 4115 2390 4115 2337 4115 2337 4116 2390 4116 2391 4116 2337 4117 2391 4117 2339 4117 2339 4118 2391 4118 2392 4118 2339 4119 2392 4119 2341 4119 2341 4120 2392 4120 2393 4120 2341 4121 2393 4121 2343 4121 2343 4122 2393 4122 2394 4122 2343 4123 2394 4123 2345 4123 2345 4124 2394 4124 2395 4124 2345 4125 2395 4125 2347 4125 2347 4126 2395 4126 2396 4126 2347 4127 2396 4127 2349 4127 2349 4128 2396 4128 2397 4128 2349 4129 2397 4129 2351 4129 2351 4130 2397 4130 2398 4130 2351 4131 2398 4131 2353 4131 2353 4132 2398 4132 2399 4132 2353 4133 2399 4133 2355 4133 2355 4134 2399 4134 2400 4134 2355 4135 2400 4135 2357 4135 2357 4136 2400 4136 2401 4136 2357 4137 2401 4137 2359 4137 2359 4138 2401 4138 2402 4138 2359 4139 2402 4139 2361 4139 2361 4140 2402 4140 2403 4140 2361 4141 2403 4141 2363 4141 2363 4142 2403 4142 2404 4142 2363 4143 2404 4143 2365 4143 2365 4144 2404 4144 2405 4144 2365 4145 2405 4145 2203 4145 2203 4146 2405 4146 2406 4146 2203 4147 2406 4147 2205 4147 2205 4148 2406 4148 2407 4148 2205 4149 2407 4149 2207 4149 2207 4150 2407 4150 2408 4150 2207 4151 2408 4151 2209 4151 2209 4152 2408 4152 2409 4152 2209 4153 2409 4153 2211 4153 2211 4154 2409 4154 2410 4154 2211 4155 2410 4155 2213 4155 2213 4156 2410 4156 2411 4156 2213 4157 2411 4157 2215 4157 2215 4158 2411 4158 2412 4158 2215 4159 2412 4159 2217 4159 2217 4160 2412 4160 2413 4160 2217 4161 2413 4161 2219 4161 2219 4162 2413 4162 2414 4162 2219 4163 2414 4163 2221 4163 2221 4164 2414 4164 2415 4164 2221 4165 2415 4165 2223 4165 2223 4166 2415 4166 2416 4166 2223 4167 2416 4167 2225 4167 2225 4168 2416 4168 2417 4168 2225 4169 2417 4169 2227 4169 2227 4170 2417 4170 2418 4170 2227 4171 2418 4171 2229 4171 2229 4172 2418 4172 2419 4172 2229 4173 2419 4173 2231 4173 2231 4174 2419 4174 2420 4174 2231 4175 2420 4175 2233 4175 2233 4176 2420 4176 2421 4176 2233 4177 2421 4177 2235 4177 2235 4178 2421 4178 2422 4178 2235 4179 2422 4179 2237 4179 2237 4180 2422 4180 2423 4180 2237 4181 2423 4181 2239 4181 2239 4182 2423 4182 2424 4182 2239 4183 2424 4183 2241 4183 2241 4184 2424 4184 2425 4184 2241 4185 2425 4185 2243 4185 2243 4186 2425 4186 2426 4186 2243 4187 2426 4187 2245 4187 2245 4188 2426 4188 2427 4188 2245 4189 2427 4189 2247 4189 2247 4190 2427 4190 2428 4190 2247 4191 2428 4191 2249 4191 2249 4192 2428 4192 2429 4192 2249 4193 2429 4193 2251 4193 2251 4194 2429 4194 2430 4194 2251 4195 2430 4195 2253 4195 2253 4196 2430 4196 2431 4196 2253 4197 2431 4197 2255 4197 2255 4198 2431 4198 2432 4198 2255 4199 2432 4199 2257 4199 2257 4200 2432 4200 2433 4200 2257 4201 2433 4201 2259 4201 2259 4202 2433 4202 2434 4202 2259 4203 2434 4203 2261 4203 2261 4204 2434 4204 2435 4204 2261 4205 2435 4205 2263 4205 2263 4206 2435 4206 2436 4206 2263 4207 2436 4207 2265 4207 2265 4208 2436 4208 2437 4208 2265 4209 2437 4209 2267 4209 2267 4210 2437 4210 2438 4210 2267 4211 2438 4211 2269 4211 2269 4212 2438 4212 2439 4212 2269 4213 2439 4213 2271 4213 2271 4214 2439 4214 2440 4214 2271 4215 2440 4215 2273 4215 2273 4216 2440 4216 2441 4216 2273 4217 2441 4217 2275 4217 2275 4218 2441 4218 2442 4218 2275 4219 2442 4219 2277 4219 2277 4220 2442 4220 2443 4220 2277 4221 2443 4221 2279 4221 2279 4222 2443 4222 2444 4222 2279 4223 2444 4223 2281 4223 2281 4224 2444 4224 2445 4224 2281 4225 2445 4225 2283 4225 2283 4226 2445 4226 2446 4226 2283 4227 2446 4227 2285 4227 2285 4228 2446 4228 2447 4228 2285 4229 2447 4229 2287 4229 2287 4230 2447 4230 2366 4230 2447 4231 2448 4231 2366 4231 2366 4232 2448 4232 2449 4232 2366 4233 2449 4233 2367 4233 2367 4234 2449 4234 2450 4234 2367 4235 2450 4235 2368 4235 2368 4236 2450 4236 2451 4236 2368 4237 2451 4237 2369 4237 2369 4238 2451 4238 2452 4238 2369 4239 2452 4239 2370 4239 2370 4240 2452 4240 2453 4240 2370 4241 2453 4241 2371 4241 2371 4242 2453 4242 2454 4242 2371 4243 2454 4243 2372 4243 2372 4244 2454 4244 2455 4244 2372 4245 2455 4245 2373 4245 2373 4246 2455 4246 2456 4246 2373 4247 2456 4247 2374 4247 2374 4248 2456 4248 2457 4248 2374 4249 2457 4249 2375 4249 2375 4250 2457 4250 2458 4250 2375 4251 2458 4251 2376 4251 2376 4252 2458 4252 2459 4252 2376 4253 2459 4253 2377 4253 2377 4254 2459 4254 2460 4254 2377 4255 2460 4255 2378 4255 2378 4256 2460 4256 2461 4256 2378 4257 2461 4257 2379 4257 2379 4258 2461 4258 2462 4258 2379 4259 2462 4259 2380 4259 2380 4260 2462 4260 2463 4260 2380 4261 2463 4261 2381 4261 2381 4262 2463 4262 2464 4262 2381 4263 2464 4263 2382 4263 2382 4264 2464 4264 2465 4264 2382 4265 2465 4265 2383 4265 2383 4266 2465 4266 2466 4266 2383 4267 2466 4267 2384 4267 2384 4268 2466 4268 2467 4268 2384 4269 2467 4269 2385 4269 2385 4270 2467 4270 2468 4270 2385 4271 2468 4271 2386 4271 2386 4272 2468 4272 2469 4272 2386 4273 2469 4273 2387 4273 2387 4274 2469 4274 2470 4274 2387 4275 2470 4275 2388 4275 2388 4276 2470 4276 2471 4276 2388 4277 2471 4277 2389 4277 2389 4278 2471 4278 2472 4278 2389 4279 2472 4279 2390 4279 2390 4280 2472 4280 2473 4280 2390 4281 2473 4281 2391 4281 2391 4282 2473 4282 2474 4282 2391 4283 2474 4283 2392 4283 2392 4284 2474 4284 2475 4284 2392 4285 2475 4285 2393 4285 2393 4286 2475 4286 2476 4286 2393 4287 2476 4287 2394 4287 2394 4288 2476 4288 2477 4288 2394 4289 2477 4289 2395 4289 2395 4290 2477 4290 2478 4290 2395 4291 2478 4291 2396 4291 2396 4292 2478 4292 2479 4292 2396 4293 2479 4293 2397 4293 2397 4294 2479 4294 2480 4294 2397 4295 2480 4295 2398 4295 2398 4296 2480 4296 2481 4296 2398 4297 2481 4297 2399 4297 2399 4298 2481 4298 2482 4298 2399 4299 2482 4299 2400 4299 2400 4300 2482 4300 2483 4300 2400 4301 2483 4301 2401 4301 2401 4302 2483 4302 2484 4302 2401 4303 2484 4303 2402 4303 2402 4304 2484 4304 2485 4304 2402 4305 2485 4305 2403 4305 2403 4306 2485 4306 2486 4306 2403 4307 2486 4307 2404 4307 2404 4308 2486 4308 2487 4308 2404 4309 2487 4309 2405 4309 2405 4310 2487 4310 2488 4310 2405 4311 2488 4311 2406 4311 2406 4312 2488 4312 2489 4312 2406 4313 2489 4313 2407 4313 2407 4314 2489 4314 2490 4314 2407 4315 2490 4315 2408 4315 2408 4316 2490 4316 2491 4316 2408 4317 2491 4317 2409 4317 2409 4318 2491 4318 2492 4318 2409 4319 2492 4319 2410 4319 2410 4320 2492 4320 2493 4320 2410 4321 2493 4321 2411 4321 2411 4322 2493 4322 2494 4322 2411 4323 2494 4323 2412 4323 2412 4324 2494 4324 2495 4324 2412 4325 2495 4325 2413 4325 2413 4326 2495 4326 2496 4326 2413 4327 2496 4327 2414 4327 2414 4328 2496 4328 2497 4328 2414 4329 2497 4329 2415 4329 2415 4330 2497 4330 2498 4330 2415 4331 2498 4331 2416 4331 2416 4332 2498 4332 2499 4332 2416 4333 2499 4333 2417 4333 2417 4334 2499 4334 2500 4334 2417 4335 2500 4335 2418 4335 2418 4336 2500 4336 2501 4336 2418 4337 2501 4337 2419 4337 2419 4338 2501 4338 2502 4338 2419 4339 2502 4339 2420 4339 2420 4340 2502 4340 2503 4340 2420 4341 2503 4341 2421 4341 2421 4342 2503 4342 2504 4342 2421 4343 2504 4343 2422 4343 2422 4344 2504 4344 2505 4344 2422 4345 2505 4345 2423 4345 2423 4346 2505 4346 2506 4346 2423 4347 2506 4347 2424 4347 2424 4348 2506 4348 2507 4348 2424 4349 2507 4349 2425 4349 2425 4350 2507 4350 2508 4350 2425 4351 2508 4351 2426 4351 2426 4352 2508 4352 2509 4352 2426 4353 2509 4353 2427 4353 2427 4354 2509 4354 2510 4354 2427 4355 2510 4355 2428 4355 2428 4356 2510 4356 2511 4356 2428 4357 2511 4357 2429 4357 2429 4358 2511 4358 2512 4358 2429 4359 2512 4359 2430 4359 2430 4360 2512 4360 2513 4360 2430 4361 2513 4361 2431 4361 2431 4362 2513 4362 2514 4362 2431 4363 2514 4363 2432 4363 2432 4364 2514 4364 2515 4364 2432 4365 2515 4365 2433 4365 2433 4366 2515 4366 2516 4366 2433 4367 2516 4367 2434 4367 2434 4368 2516 4368 2517 4368 2434 4369 2517 4369 2435 4369 2435 4370 2517 4370 2518 4370 2435 4371 2518 4371 2436 4371 2436 4372 2518 4372 2519 4372 2436 4373 2519 4373 2437 4373 2437 4374 2519 4374 2520 4374 2437 4375 2520 4375 2438 4375 2438 4376 2520 4376 2521 4376 2438 4377 2521 4377 2439 4377 2439 4378 2521 4378 2522 4378 2439 4379 2522 4379 2440 4379 2440 4380 2522 4380 2523 4380 2440 4381 2523 4381 2441 4381 2441 4382 2523 4382 2524 4382 2441 4383 2524 4383 2442 4383 2442 4384 2524 4384 2525 4384 2442 4385 2525 4385 2443 4385 2443 4386 2525 4386 2526 4386 2443 4387 2526 4387 2444 4387 2444 4388 2526 4388 2527 4388 2444 4389 2527 4389 2445 4389 2445 4390 2527 4390 2528 4390 2445 4391 2528 4391 2446 4391 2446 4392 2528 4392 2529 4392 2446 4393 2529 4393 2447 4393 2447 4394 2529 4394 2448 4394 2529 4395 2530 4395 2448 4395 2448 4396 2530 4396 2531 4396 2448 4397 2531 4397 2449 4397 2449 4398 2531 4398 2532 4398 2449 4399 2532 4399 2450 4399 2450 4400 2532 4400 2533 4400 2450 4401 2533 4401 2451 4401 2451 4402 2533 4402 2534 4402 2451 4403 2534 4403 2452 4403 2452 4404 2534 4404 2535 4404 2452 4405 2535 4405 2453 4405 2453 4406 2535 4406 2536 4406 2453 4407 2536 4407 2454 4407 2454 4408 2536 4408 2537 4408 2454 4409 2537 4409 2455 4409 2455 4410 2537 4410 2538 4410 2455 4411 2538 4411 2456 4411 2456 4412 2538 4412 2539 4412 2456 4413 2539 4413 2457 4413 2457 4414 2539 4414 2540 4414 2457 4415 2540 4415 2458 4415 2458 4416 2540 4416 2541 4416 2458 4417 2541 4417 2459 4417 2459 4418 2541 4418 2542 4418 2459 4419 2542 4419 2460 4419 2460 4420 2542 4420 2543 4420 2460 4421 2543 4421 2461 4421 2461 4422 2543 4422 2544 4422 2461 4423 2544 4423 2462 4423 2462 4424 2544 4424 2545 4424 2462 4425 2545 4425 2463 4425 2463 4426 2545 4426 2546 4426 2463 4427 2546 4427 2464 4427 2464 4428 2546 4428 2547 4428 2464 4429 2547 4429 2465 4429 2465 4430 2547 4430 2548 4430 2465 4431 2548 4431 2466 4431 2466 4432 2548 4432 2549 4432 2466 4433 2549 4433 2467 4433 2467 4434 2549 4434 2550 4434 2467 4435 2550 4435 2468 4435 2468 4436 2550 4436 2551 4436 2468 4437 2551 4437 2469 4437 2469 4438 2551 4438 2552 4438 2469 4439 2552 4439 2470 4439 2470 4440 2552 4440 2553 4440 2470 4441 2553 4441 2471 4441 2471 4442 2553 4442 2554 4442 2471 4443 2554 4443 2472 4443 2472 4444 2554 4444 2555 4444 2472 4445 2555 4445 2473 4445 2473 4446 2555 4446 2556 4446 2473 4447 2556 4447 2474 4447 2474 4448 2556 4448 2557 4448 2474 4449 2557 4449 2475 4449 2475 4450 2557 4450 2558 4450 2475 4451 2558 4451 2476 4451 2476 4452 2558 4452 2559 4452 2476 4453 2559 4453 2477 4453 2477 4454 2559 4454 2560 4454 2477 4455 2560 4455 2478 4455 2478 4456 2560 4456 2561 4456 2478 4457 2561 4457 2479 4457 2479 4458 2561 4458 2562 4458 2479 4459 2562 4459 2480 4459 2480 4460 2562 4460 2563 4460 2480 4461 2563 4461 2481 4461 2481 4462 2563 4462 2564 4462 2481 4463 2564 4463 2482 4463 2482 4464 2564 4464 2565 4464 2482 4465 2565 4465 2483 4465 2483 4466 2565 4466 2566 4466 2483 4467 2566 4467 2484 4467 2484 4468 2566 4468 2567 4468 2484 4469 2567 4469 2485 4469 2485 4470 2567 4470 2568 4470 2485 4471 2568 4471 2486 4471 2486 4472 2568 4472 2569 4472 2486 4473 2569 4473 2487 4473 2487 4474 2569 4474 2570 4474 2487 4475 2570 4475 2488 4475 2488 4476 2570 4476 2571 4476 2488 4477 2571 4477 2489 4477 2489 4478 2571 4478 2572 4478 2489 4479 2572 4479 2490 4479 2490 4480 2572 4480 2573 4480 2490 4481 2573 4481 2491 4481 2491 4482 2573 4482 2574 4482 2491 4483 2574 4483 2492 4483 2492 4484 2574 4484 2575 4484 2492 4485 2575 4485 2493 4485 2493 4486 2575 4486 2576 4486 2493 4487 2576 4487 2494 4487 2494 4488 2576 4488 2577 4488 2494 4489 2577 4489 2495 4489 2495 4490 2577 4490 2578 4490 2495 4491 2578 4491 2496 4491 2496 4492 2578 4492 2579 4492 2496 4493 2579 4493 2497 4493 2497 4494 2579 4494 2580 4494 2497 4495 2580 4495 2498 4495 2498 4496 2580 4496 2581 4496 2498 4497 2581 4497 2499 4497 2499 4498 2581 4498 2582 4498 2499 4499 2582 4499 2500 4499 2500 4500 2582 4500 2583 4500 2500 4501 2583 4501 2501 4501 2501 4502 2583 4502 2584 4502 2501 4503 2584 4503 2502 4503 2502 4504 2584 4504 2585 4504 2502 4505 2585 4505 2503 4505 2503 4506 2585 4506 2586 4506 2503 4507 2586 4507 2504 4507 2504 4508 2586 4508 2587 4508 2504 4509 2587 4509 2505 4509 2505 4510 2587 4510 2588 4510 2505 4511 2588 4511 2506 4511 2506 4512 2588 4512 2589 4512 2506 4513 2589 4513 2507 4513 2507 4514 2589 4514 2590 4514 2507 4515 2590 4515 2508 4515 2508 4516 2590 4516 2591 4516 2508 4517 2591 4517 2509 4517 2509 4518 2591 4518 2592 4518 2509 4519 2592 4519 2510 4519 2510 4520 2592 4520 2593 4520 2510 4521 2593 4521 2511 4521 2511 4522 2593 4522 2594 4522 2511 4523 2594 4523 2512 4523 2512 4524 2594 4524 2595 4524 2512 4525 2595 4525 2513 4525 2513 4526 2595 4526 2596 4526 2513 4527 2596 4527 2514 4527 2514 4528 2596 4528 2597 4528 2514 4529 2597 4529 2515 4529 2515 4530 2597 4530 2598 4530 2515 4531 2598 4531 2516 4531 2516 4532 2598 4532 2599 4532 2516 4533 2599 4533 2517 4533 2517 4534 2599 4534 2600 4534 2517 4535 2600 4535 2518 4535 2518 4536 2600 4536 2601 4536 2518 4537 2601 4537 2519 4537 2519 4538 2601 4538 2602 4538 2519 4539 2602 4539 2520 4539 2520 4540 2602 4540 2603 4540 2520 4541 2603 4541 2521 4541 2521 4542 2603 4542 2604 4542 2521 4543 2604 4543 2522 4543 2522 4544 2604 4544 2605 4544 2522 4545 2605 4545 2523 4545 2523 4546 2605 4546 2606 4546 2523 4547 2606 4547 2524 4547 2524 4548 2606 4548 2607 4548 2524 4549 2607 4549 2525 4549 2525 4550 2607 4550 2608 4550 2525 4551 2608 4551 2526 4551 2526 4552 2608 4552 2609 4552 2526 4553 2609 4553 2527 4553 2527 4554 2609 4554 2610 4554 2527 4555 2610 4555 2528 4555 2528 4556 2610 4556 2611 4556 2528 4557 2611 4557 2529 4557 2529 4558 2611 4558 2530 4558 2611 4559 2612 4559 2530 4559 2530 4560 2612 4560 2613 4560 2530 4561 2613 4561 2531 4561 2531 4562 2613 4562 2614 4562 2531 4563 2614 4563 2532 4563 2532 4564 2614 4564 2615 4564 2532 4565 2615 4565 2533 4565 2533 4566 2615 4566 2616 4566 2533 4567 2616 4567 2534 4567 2534 4568 2616 4568 2617 4568 2534 4569 2617 4569 2535 4569 2535 4570 2617 4570 2618 4570 2535 4571 2618 4571 2536 4571 2536 4572 2618 4572 2619 4572 2536 4573 2619 4573 2537 4573 2537 4574 2619 4574 2620 4574 2537 4575 2620 4575 2538 4575 2538 4576 2620 4576 2621 4576 2538 4577 2621 4577 2539 4577 2539 4578 2621 4578 2622 4578 2539 4579 2622 4579 2540 4579 2540 4580 2622 4580 2623 4580 2540 4581 2623 4581 2541 4581 2541 4582 2623 4582 2624 4582 2541 4583 2624 4583 2542 4583 2542 4584 2624 4584 2625 4584 2542 4585 2625 4585 2543 4585 2543 4586 2625 4586 2626 4586 2543 4587 2626 4587 2544 4587 2544 4588 2626 4588 2627 4588 2544 4589 2627 4589 2545 4589 2545 4590 2627 4590 2628 4590 2545 4591 2628 4591 2546 4591 2546 4592 2628 4592 2629 4592 2546 4593 2629 4593 2547 4593 2547 4594 2629 4594 2630 4594 2547 4595 2630 4595 2548 4595 2548 4596 2630 4596 2631 4596 2548 4597 2631 4597 2549 4597 2549 4598 2631 4598 2632 4598 2549 4599 2632 4599 2550 4599 2550 4600 2632 4600 2633 4600 2550 4601 2633 4601 2551 4601 2551 4602 2633 4602 2634 4602 2551 4603 2634 4603 2552 4603 2552 4604 2634 4604 2635 4604 2552 4605 2635 4605 2553 4605 2553 4606 2635 4606 2636 4606 2553 4607 2636 4607 2554 4607 2554 4608 2636 4608 2637 4608 2554 4609 2637 4609 2555 4609 2555 4610 2637 4610 2638 4610 2555 4611 2638 4611 2556 4611 2556 4612 2638 4612 2639 4612 2556 4613 2639 4613 2557 4613 2557 4614 2639 4614 2640 4614 2557 4615 2640 4615 2558 4615 2558 4616 2640 4616 2641 4616 2558 4617 2641 4617 2559 4617 2559 4618 2641 4618 2642 4618 2559 4619 2642 4619 2560 4619 2560 4620 2642 4620 2643 4620 2560 4621 2643 4621 2561 4621 2561 4622 2643 4622 2644 4622 2561 4623 2644 4623 2562 4623 2562 4624 2644 4624 2645 4624 2562 4625 2645 4625 2563 4625 2563 4626 2645 4626 2646 4626 2563 4627 2646 4627 2564 4627 2564 4628 2646 4628 2647 4628 2564 4629 2647 4629 2565 4629 2565 4630 2647 4630 2648 4630 2565 4631 2648 4631 2566 4631 2566 4632 2648 4632 2649 4632 2566 4633 2649 4633 2567 4633 2567 4634 2649 4634 2650 4634 2567 4635 2650 4635 2568 4635 2568 4636 2650 4636 2651 4636 2568 4637 2651 4637 2569 4637 2569 4638 2651 4638 2652 4638 2569 4639 2652 4639 2570 4639 2570 4640 2652 4640 2653 4640 2570 4641 2653 4641 2571 4641 2571 4642 2653 4642 2654 4642 2571 4643 2654 4643 2572 4643 2572 4644 2654 4644 2655 4644 2572 4645 2655 4645 2573 4645 2573 4646 2655 4646 2656 4646 2573 4647 2656 4647 2574 4647 2574 4648 2656 4648 2657 4648 2574 4649 2657 4649 2575 4649 2575 4650 2657 4650 2658 4650 2575 4651 2658 4651 2576 4651 2576 4652 2658 4652 2659 4652 2576 4653 2659 4653 2577 4653 2577 4654 2659 4654 2660 4654 2577 4655 2660 4655 2578 4655 2578 4656 2660 4656 2661 4656 2578 4657 2661 4657 2579 4657 2579 4658 2661 4658 2662 4658 2579 4659 2662 4659 2580 4659 2580 4660 2662 4660 2663 4660 2580 4661 2663 4661 2581 4661 2581 4662 2663 4662 2664 4662 2581 4663 2664 4663 2582 4663 2582 4664 2664 4664 2665 4664 2582 4665 2665 4665 2583 4665 2583 4666 2665 4666 2666 4666 2583 4667 2666 4667 2584 4667 2584 4668 2666 4668 2667 4668 2584 4669 2667 4669 2585 4669 2585 4670 2667 4670 2668 4670 2585 4671 2668 4671 2586 4671 2586 4672 2668 4672 2669 4672 2586 4673 2669 4673 2587 4673 2587 4674 2669 4674 2670 4674 2587 4675 2670 4675 2588 4675 2588 4676 2670 4676 2671 4676 2588 4677 2671 4677 2589 4677 2589 4678 2671 4678 2672 4678 2589 4679 2672 4679 2590 4679 2590 4680 2672 4680 2673 4680 2590 4681 2673 4681 2591 4681 2591 4682 2673 4682 2674 4682 2591 4683 2674 4683 2592 4683 2592 4684 2674 4684 2675 4684 2592 4685 2675 4685 2593 4685 2593 4686 2675 4686 2676 4686 2593 4687 2676 4687 2594 4687 2594 4688 2676 4688 2677 4688 2594 4689 2677 4689 2595 4689 2595 4690 2677 4690 2678 4690 2595 4691 2678 4691 2596 4691 2596 4692 2678 4692 2679 4692 2596 4693 2679 4693 2597 4693 2597 4694 2679 4694 2680 4694 2597 4695 2680 4695 2598 4695 2598 4696 2680 4696 2681 4696 2598 4697 2681 4697 2599 4697 2599 4698 2681 4698 2682 4698 2599 4699 2682 4699 2600 4699 2600 4700 2682 4700 2683 4700 2600 4701 2683 4701 2601 4701 2601 4702 2683 4702 2684 4702 2601 4703 2684 4703 2602 4703 2602 4704 2684 4704 2685 4704 2602 4705 2685 4705 2603 4705 2603 4706 2685 4706 2686 4706 2603 4707 2686 4707 2604 4707 2604 4708 2686 4708 2687 4708 2604 4709 2687 4709 2605 4709 2605 4710 2687 4710 2688 4710 2605 4711 2688 4711 2606 4711 2606 4712 2688 4712 2689 4712 2606 4713 2689 4713 2607 4713 2607 4714 2689 4714 2690 4714 2607 4715 2690 4715 2608 4715 2608 4716 2690 4716 2691 4716 2608 4717 2691 4717 2609 4717 2609 4718 2691 4718 2692 4718 2609 4719 2692 4719 2610 4719 2610 4720 2692 4720 2693 4720 2610 4721 2693 4721 2611 4721 2611 4722 2693 4722 2612 4722 2693 4723 2694 4723 2612 4723 2612 4724 2694 4724 2695 4724 2612 4725 2695 4725 2613 4725 2613 4726 2695 4726 2696 4726 2613 4727 2696 4727 2614 4727 2614 4728 2696 4728 2697 4728 2614 4729 2697 4729 2615 4729 2615 4730 2697 4730 2698 4730 2615 4731 2698 4731 2616 4731 2616 4732 2698 4732 2699 4732 2616 4733 2699 4733 2617 4733 2617 4734 2699 4734 2700 4734 2617 4735 2700 4735 2618 4735 2618 4736 2700 4736 2701 4736 2618 4737 2701 4737 2619 4737 2619 4738 2701 4738 2702 4738 2619 4739 2702 4739 2620 4739 2620 4740 2702 4740 2703 4740 2620 4741 2703 4741 2621 4741 2621 4742 2703 4742 2704 4742 2621 4743 2704 4743 2622 4743 2622 4744 2704 4744 2705 4744 2622 4745 2705 4745 2623 4745 2623 4746 2705 4746 2706 4746 2623 4747 2706 4747 2624 4747 2624 4748 2706 4748 2707 4748 2624 4749 2707 4749 2625 4749 2625 4750 2707 4750 2708 4750 2625 4751 2708 4751 2626 4751 2626 4752 2708 4752 2709 4752 2626 4753 2709 4753 2627 4753 2627 4754 2709 4754 2710 4754 2627 4755 2710 4755 2628 4755 2628 4756 2710 4756 2711 4756 2628 4757 2711 4757 2629 4757 2629 4758 2711 4758 2712 4758 2629 4759 2712 4759 2630 4759 2630 4760 2712 4760 2713 4760 2630 4761 2713 4761 2631 4761 2631 4762 2713 4762 2714 4762 2631 4763 2714 4763 2632 4763 2632 4764 2714 4764 2715 4764 2632 4765 2715 4765 2633 4765 2633 4766 2715 4766 2716 4766 2633 4767 2716 4767 2634 4767 2634 4768 2716 4768 2717 4768 2634 4769 2717 4769 2635 4769 2635 4770 2717 4770 2718 4770 2635 4771 2718 4771 2636 4771 2636 4772 2718 4772 2719 4772 2636 4773 2719 4773 2637 4773 2637 4774 2719 4774 2720 4774 2637 4775 2720 4775 2638 4775 2638 4776 2720 4776 2721 4776 2638 4777 2721 4777 2639 4777 2639 4778 2721 4778 2722 4778 2639 4779 2722 4779 2640 4779 2640 4780 2722 4780 2723 4780 2640 4781 2723 4781 2641 4781 2641 4782 2723 4782 2724 4782 2641 4783 2724 4783 2642 4783 2642 4784 2724 4784 2725 4784 2642 4785 2725 4785 2643 4785 2643 4786 2725 4786 2726 4786 2643 4787 2726 4787 2644 4787 2644 4788 2726 4788 2727 4788 2644 4789 2727 4789 2645 4789 2645 4790 2727 4790 2728 4790 2645 4791 2728 4791 2646 4791 2646 4792 2728 4792 2729 4792 2646 4793 2729 4793 2647 4793 2647 4794 2729 4794 2730 4794 2647 4795 2730 4795 2648 4795 2648 4796 2730 4796 2731 4796 2648 4797 2731 4797 2649 4797 2649 4798 2731 4798 2732 4798 2649 4799 2732 4799 2650 4799 2650 4800 2732 4800 2733 4800 2650 4801 2733 4801 2651 4801 2651 4802 2733 4802 2734 4802 2651 4803 2734 4803 2652 4803 2652 4804 2734 4804 2735 4804 2652 4805 2735 4805 2653 4805 2653 4806 2735 4806 2736 4806 2653 4807 2736 4807 2654 4807 2654 4808 2736 4808 2737 4808 2654 4809 2737 4809 2655 4809 2655 4810 2737 4810 2738 4810 2655 4811 2738 4811 2656 4811 2656 4812 2738 4812 2739 4812 2656 4813 2739 4813 2657 4813 2657 4814 2739 4814 2740 4814 2657 4815 2740 4815 2658 4815 2658 4816 2740 4816 2741 4816 2658 4817 2741 4817 2659 4817 2659 4818 2741 4818 2742 4818 2659 4819 2742 4819 2660 4819 2660 4820 2742 4820 2743 4820 2660 4821 2743 4821 2661 4821 2661 4822 2743 4822 2744 4822 2661 4823 2744 4823 2662 4823 2662 4824 2744 4824 2745 4824 2662 4825 2745 4825 2663 4825 2663 4826 2745 4826 2746 4826 2663 4827 2746 4827 2664 4827 2664 4828 2746 4828 2747 4828 2664 4829 2747 4829 2665 4829 2665 4830 2747 4830 2748 4830 2665 4831 2748 4831 2666 4831 2666 4832 2748 4832 2749 4832 2666 4833 2749 4833 2667 4833 2667 4834 2749 4834 2750 4834 2667 4835 2750 4835 2668 4835 2668 4836 2750 4836 2751 4836 2668 4837 2751 4837 2669 4837 2669 4838 2751 4838 2752 4838 2669 4839 2752 4839 2670 4839 2670 4840 2752 4840 2753 4840 2670 4841 2753 4841 2671 4841 2671 4842 2753 4842 2754 4842 2671 4843 2754 4843 2672 4843 2672 4844 2754 4844 2755 4844 2672 4845 2755 4845 2673 4845 2673 4846 2755 4846 2756 4846 2673 4847 2756 4847 2674 4847 2674 4848 2756 4848 2757 4848 2674 4849 2757 4849 2675 4849 2675 4850 2757 4850 2758 4850 2675 4851 2758 4851 2676 4851 2676 4852 2758 4852 2759 4852 2676 4853 2759 4853 2677 4853 2677 4854 2759 4854 2760 4854 2677 4855 2760 4855 2678 4855 2678 4856 2760 4856 2761 4856 2678 4857 2761 4857 2679 4857 2679 4858 2761 4858 2762 4858 2679 4859 2762 4859 2680 4859 2680 4860 2762 4860 2763 4860 2680 4861 2763 4861 2681 4861 2681 4862 2763 4862 2764 4862 2681 4863 2764 4863 2682 4863 2682 4864 2764 4864 2765 4864 2682 4865 2765 4865 2683 4865 2683 4866 2765 4866 2766 4866 2683 4867 2766 4867 2684 4867 2684 4868 2766 4868 2767 4868 2684 4869 2767 4869 2685 4869 2685 4870 2767 4870 2768 4870 2685 4871 2768 4871 2686 4871 2686 4872 2768 4872 2769 4872 2686 4873 2769 4873 2687 4873 2687 4874 2769 4874 2770 4874 2687 4875 2770 4875 2688 4875 2688 4876 2770 4876 2771 4876 2688 4877 2771 4877 2689 4877 2689 4878 2771 4878 2772 4878 2689 4879 2772 4879 2690 4879 2690 4880 2772 4880 2773 4880 2690 4881 2773 4881 2691 4881 2691 4882 2773 4882 2774 4882 2691 4883 2774 4883 2692 4883 2692 4884 2774 4884 2775 4884 2692 4885 2775 4885 2693 4885 2693 4886 2775 4886 2694 4886 2775 4887 2065 4887 2694 4887 2694 4888 2065 4888 2060 4888 2694 4889 2060 4889 2695 4889 2695 4890 2060 4890 2058 4890 2695 4891 2058 4891 2696 4891 2696 4892 2058 4892 2055 4892 2696 4893 2055 4893 2697 4893 2697 4894 2055 4894 2051 4894 2697 4895 2051 4895 2698 4895 2698 4896 2051 4896 2046 4896 2698 4897 2046 4897 2699 4897 2699 4898 2046 4898 2044 4898 2699 4899 2044 4899 2700 4899 2700 4900 2044 4900 2041 4900 2700 4901 2041 4901 2701 4901 2701 4902 2041 4902 2040 4902 2701 4903 2040 4903 2702 4903 2702 4904 2040 4904 2036 4904 2702 4905 2036 4905 2703 4905 2703 4906 2036 4906 2038 4906 2703 4907 2038 4907 2704 4907 2704 4908 2038 4908 2776 4908 2704 4909 2776 4909 2705 4909 2705 4910 2776 4910 2777 4910 2705 4911 2777 4911 2706 4911 2706 4912 2777 4912 2778 4912 2706 4913 2778 4913 2707 4913 2707 4914 2778 4914 2779 4914 2707 4915 2779 4915 2708 4915 2708 4916 2779 4916 2780 4916 2708 4917 2780 4917 2709 4917 2709 4918 2780 4918 2781 4918 2709 4919 2781 4919 2710 4919 2710 4920 2781 4920 2782 4920 2710 4921 2782 4921 2711 4921 2711 4922 2782 4922 2783 4922 2711 4923 2783 4923 2712 4923 2712 4924 2783 4924 2784 4924 2712 4925 2784 4925 2713 4925 2713 4926 2784 4926 2785 4926 2713 4927 2785 4927 2714 4927 2714 4928 2785 4928 2786 4928 2714 4929 2786 4929 2715 4929 2715 4930 2786 4930 2787 4930 2715 4931 2787 4931 2716 4931 2716 4932 2787 4932 2788 4932 2716 4933 2788 4933 2717 4933 2717 4934 2788 4934 2789 4934 2717 4935 2789 4935 2718 4935 2718 4936 2789 4936 2790 4936 2718 4937 2790 4937 2719 4937 2719 4938 2790 4938 2791 4938 2719 4939 2791 4939 2720 4939 2720 4940 2791 4940 2792 4940 2720 4941 2792 4941 2721 4941 2721 4942 2792 4942 2793 4942 2721 4943 2793 4943 2722 4943 2722 4944 2793 4944 2794 4944 2722 4945 2794 4945 2723 4945 2723 4946 2794 4946 2795 4946 2723 4947 2795 4947 2724 4947 2724 4948 2795 4948 2796 4948 2724 4949 2796 4949 2725 4949 2725 4950 2796 4950 2797 4950 2725 4951 2797 4951 2726 4951 2726 4952 2797 4952 2798 4952 2726 4953 2798 4953 2727 4953 2727 4954 2798 4954 2799 4954 2727 4955 2799 4955 2728 4955 2728 4956 2799 4956 2800 4956 2728 4957 2800 4957 2729 4957 2729 4958 2800 4958 2801 4958 2729 4959 2801 4959 2730 4959 2730 4960 2801 4960 2802 4960 2730 4961 2802 4961 2731 4961 2731 4962 2802 4962 2803 4962 2731 4963 2803 4963 2732 4963 2732 4964 2803 4964 2804 4964 2732 4965 2804 4965 2733 4965 2733 4966 2804 4966 2805 4966 2733 4967 2805 4967 2734 4967 2734 4968 2805 4968 2806 4968 2734 4969 2806 4969 2735 4969 2735 4970 2806 4970 2807 4970 2735 4971 2807 4971 2736 4971 2736 4972 2807 4972 2808 4972 2736 4973 2808 4973 2737 4973 2737 4974 2808 4974 2809 4974 2737 4975 2809 4975 2738 4975 2738 4976 2809 4976 2810 4976 2738 4977 2810 4977 2739 4977 2739 4978 2810 4978 2811 4978 2739 4979 2811 4979 2740 4979 2740 4980 2811 4980 2812 4980 2740 4981 2812 4981 2741 4981 2741 4982 2812 4982 2813 4982 2741 4983 2813 4983 2742 4983 2742 4984 2813 4984 2814 4984 2742 4985 2814 4985 2743 4985 2743 4986 2814 4986 2815 4986 2743 4987 2815 4987 2744 4987 2744 4988 2815 4988 2816 4988 2744 4989 2816 4989 2745 4989 2745 4990 2816 4990 2817 4990 2745 4991 2817 4991 2746 4991 2746 4992 2817 4992 2818 4992 2746 4993 2818 4993 2747 4993 2747 4994 2818 4994 2819 4994 2747 4995 2819 4995 2748 4995 2748 4996 2819 4996 2820 4996 2748 4997 2820 4997 2749 4997 2749 4998 2820 4998 2821 4998 2749 4999 2821 4999 2750 4999 2750 5000 2821 5000 2822 5000 2750 5001 2822 5001 2751 5001 2751 5002 2822 5002 2823 5002 2751 5003 2823 5003 2752 5003 2752 5004 2823 5004 2824 5004 2752 5005 2824 5005 2753 5005 2753 5006 2824 5006 2825 5006 2753 5007 2825 5007 2754 5007 2754 5008 2825 5008 2826 5008 2754 5009 2826 5009 2755 5009 2755 5010 2826 5010 2827 5010 2755 5011 2827 5011 2756 5011 2756 5012 2827 5012 2828 5012 2756 5013 2828 5013 2757 5013 2757 5014 2828 5014 2829 5014 2757 5015 2829 5015 2758 5015 2758 5016 2829 5016 2830 5016 2758 5017 2830 5017 2759 5017 2759 5018 2830 5018 2831 5018 2759 5019 2831 5019 2760 5019 2760 5020 2831 5020 2832 5020 2760 5021 2832 5021 2761 5021 2761 5022 2832 5022 2833 5022 2761 5023 2833 5023 2762 5023 2762 5024 2833 5024 2834 5024 2762 5025 2834 5025 2763 5025 2763 5026 2834 5026 2101 5026 2763 5027 2101 5027 2764 5027 2764 5028 2101 5028 2098 5028 2764 5029 2098 5029 2765 5029 2765 5030 2098 5030 2095 5030 2765 5031 2095 5031 2766 5031 2766 5032 2095 5032 2092 5032 2766 5033 2092 5033 2767 5033 2767 5034 2092 5034 2090 5034 2767 5035 2090 5035 2768 5035 2768 5036 2090 5036 2088 5036 2768 5037 2088 5037 2769 5037 2769 5038 2088 5038 2079 5038 2769 5039 2079 5039 2770 5039 2770 5040 2079 5040 2081 5040 2770 5041 2081 5041 2771 5041 2771 5042 2081 5042 2076 5042 2771 5043 2076 5043 2772 5043 2772 5044 2076 5044 2074 5044 2772 5045 2074 5045 2773 5045 2773 5046 2074 5046 2071 5046 2773 5047 2071 5047 2774 5047 2774 5048 2071 5048 2069 5048 2774 5049 2069 5049 2775 5049 2775 5050 2069 5050 2065 5050 1938 5051 1940 5051 2038 5051 2038 5052 1940 5052 2030 5052 2038 5053 2030 5053 2776 5053 2776 5054 2030 5054 2835 5054 2776 5055 2835 5055 2777 5055 2777 5056 2835 5056 2836 5056 2777 5057 2836 5057 2778 5057 2778 5058 2836 5058 2837 5058 2778 5059 2837 5059 2779 5059 2779 5060 2837 5060 2838 5060 2779 5061 2838 5061 2780 5061 2780 5062 2838 5062 2839 5062 2780 5063 2839 5063 2781 5063 2781 5064 2839 5064 2840 5064 2781 5065 2840 5065 2782 5065 2782 5066 2840 5066 2841 5066 2782 5067 2841 5067 2783 5067 2783 5068 2841 5068 2842 5068 2783 5069 2842 5069 2784 5069 2784 5070 2842 5070 2843 5070 2784 5071 2843 5071 2785 5071 2785 5072 2843 5072 2844 5072 2785 5073 2844 5073 2786 5073 2786 5074 2844 5074 2845 5074 2786 5075 2845 5075 2787 5075 2787 5076 2845 5076 2846 5076 2787 5077 2846 5077 2788 5077 2788 5078 2846 5078 2847 5078 2788 5079 2847 5079 2789 5079 2789 5080 2847 5080 2848 5080 2789 5081 2848 5081 2790 5081 2790 5082 2848 5082 2849 5082 2790 5083 2849 5083 2791 5083 2791 5084 2849 5084 2850 5084 2791 5085 2850 5085 2792 5085 2792 5086 2850 5086 2851 5086 2792 5087 2851 5087 2793 5087 2793 5088 2851 5088 2852 5088 2793 5089 2852 5089 2794 5089 2794 5090 2852 5090 2853 5090 2794 5091 2853 5091 2795 5091 2795 5092 2853 5092 2854 5092 2795 5093 2854 5093 2796 5093 2796 5094 2854 5094 2855 5094 2796 5095 2855 5095 2797 5095 2797 5096 2855 5096 2856 5096 2797 5097 2856 5097 2798 5097 2798 5098 2856 5098 2857 5098 2798 5099 2857 5099 2799 5099 2799 5100 2857 5100 2858 5100 2799 5101 2858 5101 2800 5101 2800 5102 2858 5102 2859 5102 2800 5103 2859 5103 2801 5103 2801 5104 2859 5104 2860 5104 2801 5105 2860 5105 2802 5105 2802 5106 2860 5106 2861 5106 2802 5107 2861 5107 2803 5107 2803 5108 2861 5108 2862 5108 2803 5109 2862 5109 2804 5109 2804 5110 2862 5110 2863 5110 2804 5111 2863 5111 2805 5111 2805 5112 2863 5112 2864 5112 2805 5113 2864 5113 2806 5113 2806 5114 2864 5114 2865 5114 2806 5115 2865 5115 2807 5115 2807 5116 2865 5116 2866 5116 2807 5117 2866 5117 2808 5117 2808 5118 2866 5118 2867 5118 2808 5119 2867 5119 2809 5119 2809 5120 2867 5120 2868 5120 2809 5121 2868 5121 2810 5121 2810 5122 2868 5122 2869 5122 2810 5123 2869 5123 2811 5123 2811 5124 2869 5124 2870 5124 2811 5125 2870 5125 2812 5125 2812 5126 2870 5126 2871 5126 2812 5127 2871 5127 2813 5127 2813 5128 2871 5128 2872 5128 2813 5129 2872 5129 2814 5129 2814 5130 2872 5130 2873 5130 2814 5131 2873 5131 2815 5131 2815 5132 2873 5132 2874 5132 2815 5133 2874 5133 2816 5133 2816 5134 2874 5134 2875 5134 2816 5135 2875 5135 2817 5135 2817 5136 2875 5136 2876 5136 2817 5137 2876 5137 2818 5137 2818 5138 2876 5138 2877 5138 2818 5139 2877 5139 2819 5139 2819 5140 2877 5140 2878 5140 2819 5141 2878 5141 2820 5141 2820 5142 2878 5142 2879 5142 2820 5143 2879 5143 2821 5143 2821 5144 2879 5144 2880 5144 2821 5145 2880 5145 2822 5145 2822 5146 2880 5146 2881 5146 2822 5147 2881 5147 2823 5147 2823 5148 2881 5148 2882 5148 2823 5149 2882 5149 2824 5149 2824 5150 2882 5150 2883 5150 2824 5151 2883 5151 2825 5151 2825 5152 2883 5152 2884 5152 2825 5153 2884 5153 2826 5153 2826 5154 2884 5154 2885 5154 2826 5155 2885 5155 2827 5155 2827 5156 2885 5156 2886 5156 2827 5157 2886 5157 2828 5157 2828 5158 2886 5158 2887 5158 2828 5159 2887 5159 2829 5159 2829 5160 2887 5160 2888 5160 2829 5161 2888 5161 2830 5161 2830 5162 2888 5162 2889 5162 2830 5163 2889 5163 2831 5163 2831 5164 2889 5164 2890 5164 2831 5165 2890 5165 2832 5165 2832 5166 2890 5166 2891 5166 2832 5167 2891 5167 2833 5167 2833 5168 2891 5168 2110 5168 2833 5169 2110 5169 2834 5169 2834 5170 2110 5170 2105 5170 2834 5171 2105 5171 2101 5171 2101 5172 2105 5172 2104 5172 2101 5173 2104 5173 2102 5173 1941 5174 1943 5174 2030 5174 2030 5175 1943 5175 2892 5175 2030 5176 2892 5176 2835 5176 2835 5177 2892 5177 2893 5177 2835 5178 2893 5178 2836 5178 2836 5179 2893 5179 2894 5179 2836 5180 2894 5180 2837 5180 2837 5181 2894 5181 2895 5181 2837 5182 2895 5182 2838 5182 2838 5183 2895 5183 2896 5183 2838 5184 2896 5184 2839 5184 2839 5185 2896 5185 2897 5185 2839 5186 2897 5186 2840 5186 2840 5187 2897 5187 2898 5187 2840 5188 2898 5188 2841 5188 2841 5189 2898 5189 2899 5189 2841 5190 2899 5190 2842 5190 2842 5191 2899 5191 2900 5191 2842 5192 2900 5192 2843 5192 2843 5193 2900 5193 2901 5193 2843 5194 2901 5194 2844 5194 2844 5195 2901 5195 2902 5195 2844 5196 2902 5196 2845 5196 2845 5197 2902 5197 2903 5197 2845 5198 2903 5198 2846 5198 2846 5199 2903 5199 2904 5199 2846 5200 2904 5200 2847 5200 2847 5201 2904 5201 2905 5201 2847 5202 2905 5202 2848 5202 2848 5203 2905 5203 2906 5203 2848 5204 2906 5204 2849 5204 2849 5205 2906 5205 2907 5205 2849 5206 2907 5206 2850 5206 2850 5207 2907 5207 2908 5207 2850 5208 2908 5208 2851 5208 2851 5209 2908 5209 2909 5209 2851 5210 2909 5210 2852 5210 2852 5211 2909 5211 2910 5211 2852 5212 2910 5212 2853 5212 2853 5213 2910 5213 2911 5213 2853 5214 2911 5214 2854 5214 2854 5215 2911 5215 2912 5215 2854 5216 2912 5216 2855 5216 2855 5217 2912 5217 2913 5217 2855 5218 2913 5218 2856 5218 2856 5219 2913 5219 2914 5219 2856 5220 2914 5220 2857 5220 2857 5221 2914 5221 2915 5221 2857 5222 2915 5222 2858 5222 2858 5223 2915 5223 2916 5223 2858 5224 2916 5224 2859 5224 2859 5225 2916 5225 2917 5225 2859 5226 2917 5226 2860 5226 2860 5227 2917 5227 2918 5227 2860 5228 2918 5228 2861 5228 2861 5229 2918 5229 2919 5229 2861 5230 2919 5230 2862 5230 2862 5231 2919 5231 2920 5231 2862 5232 2920 5232 2863 5232 2863 5233 2920 5233 2921 5233 2863 5234 2921 5234 2864 5234 2864 5235 2921 5235 2922 5235 2864 5236 2922 5236 2865 5236 2865 5237 2922 5237 2923 5237 2865 5238 2923 5238 2866 5238 2866 5239 2923 5239 2924 5239 2866 5240 2924 5240 2867 5240 2867 5241 2924 5241 2925 5241 2867 5242 2925 5242 2868 5242 2868 5243 2925 5243 2926 5243 2868 5244 2926 5244 2869 5244 2869 5245 2926 5245 2927 5245 2869 5246 2927 5246 2870 5246 2870 5247 2927 5247 2928 5247 2870 5248 2928 5248 2871 5248 2871 5249 2928 5249 2929 5249 2871 5250 2929 5250 2872 5250 2872 5251 2929 5251 2930 5251 2872 5252 2930 5252 2873 5252 2873 5253 2930 5253 2931 5253 2873 5254 2931 5254 2874 5254 2874 5255 2931 5255 2932 5255 2874 5256 2932 5256 2875 5256 2875 5257 2932 5257 2933 5257 2875 5258 2933 5258 2876 5258 2876 5259 2933 5259 2934 5259 2876 5260 2934 5260 2877 5260 2877 5261 2934 5261 2935 5261 2877 5262 2935 5262 2878 5262 2878 5263 2935 5263 2936 5263 2878 5264 2936 5264 2879 5264 2879 5265 2936 5265 2937 5265 2879 5266 2937 5266 2880 5266 2880 5267 2937 5267 2938 5267 2880 5268 2938 5268 2881 5268 2881 5269 2938 5269 2939 5269 2881 5270 2939 5270 2882 5270 2882 5271 2939 5271 2940 5271 2882 5272 2940 5272 2883 5272 2883 5273 2940 5273 2941 5273 2883 5274 2941 5274 2884 5274 2884 5275 2941 5275 2942 5275 2884 5276 2942 5276 2885 5276 2885 5277 2942 5277 2943 5277 2885 5278 2943 5278 2886 5278 2886 5279 2943 5279 2944 5279 2886 5280 2944 5280 2887 5280 2887 5281 2944 5281 2945 5281 2887 5282 2945 5282 2888 5282 2888 5283 2945 5283 2946 5283 2888 5284 2946 5284 2889 5284 2889 5285 2946 5285 2947 5285 2889 5286 2947 5286 2890 5286 2890 5287 2947 5287 2948 5287 2890 5288 2948 5288 2891 5288 2891 5289 2948 5289 2115 5289 2891 5290 2115 5290 2110 5290 2110 5291 2115 5291 2117 5291 2110 5292 2117 5292 2108 5292 2024 5293 2026 5293 1943 5293 1943 5294 2026 5294 2949 5294 1943 5295 2949 5295 2892 5295 2892 5296 2949 5296 2950 5296 2892 5297 2950 5297 2893 5297 2893 5298 2950 5298 2951 5298 2893 5299 2951 5299 2894 5299 2894 5300 2951 5300 2952 5300 2894 5301 2952 5301 2895 5301 2895 5302 2952 5302 2953 5302 2895 5303 2953 5303 2896 5303 2896 5304 2953 5304 2954 5304 2896 5305 2954 5305 2897 5305 2897 5306 2954 5306 2955 5306 2897 5307 2955 5307 2898 5307 2898 5308 2955 5308 2956 5308 2898 5309 2956 5309 2899 5309 2899 5310 2956 5310 2957 5310 2899 5311 2957 5311 2900 5311 2900 5312 2957 5312 2958 5312 2900 5313 2958 5313 2901 5313 2901 5314 2958 5314 2959 5314 2901 5315 2959 5315 2902 5315 2902 5316 2959 5316 2960 5316 2902 5317 2960 5317 2903 5317 2903 5318 2960 5318 2961 5318 2903 5319 2961 5319 2904 5319 2904 5320 2961 5320 2962 5320 2904 5321 2962 5321 2905 5321 2905 5322 2962 5322 2963 5322 2905 5323 2963 5323 2906 5323 2906 5324 2963 5324 2964 5324 2906 5325 2964 5325 2907 5325 2907 5326 2964 5326 2965 5326 2907 5327 2965 5327 2908 5327 2908 5328 2965 5328 2966 5328 2908 5329 2966 5329 2909 5329 2909 5330 2966 5330 2967 5330 2909 5331 2967 5331 2910 5331 2910 5332 2967 5332 2968 5332 2910 5333 2968 5333 2911 5333 2911 5334 2968 5334 2969 5334 2911 5335 2969 5335 2912 5335 2912 5336 2969 5336 2970 5336 2912 5337 2970 5337 2913 5337 2913 5338 2970 5338 2971 5338 2913 5339 2971 5339 2914 5339 2914 5340 2971 5340 2972 5340 2914 5341 2972 5341 2915 5341 2915 5342 2972 5342 2973 5342 2915 5343 2973 5343 2916 5343 2916 5344 2973 5344 2974 5344 2916 5345 2974 5345 2917 5345 2917 5346 2974 5346 2975 5346 2917 5347 2975 5347 2918 5347 2918 5348 2975 5348 2976 5348 2918 5349 2976 5349 2919 5349 2919 5350 2976 5350 2977 5350 2919 5351 2977 5351 2920 5351 2920 5352 2977 5352 2978 5352 2920 5353 2978 5353 2921 5353 2921 5354 2978 5354 2979 5354 2921 5355 2979 5355 2922 5355 2922 5356 2979 5356 2980 5356 2922 5357 2980 5357 2923 5357 2923 5358 2980 5358 2981 5358 2923 5359 2981 5359 2924 5359 2924 5360 2981 5360 2982 5360 2924 5361 2982 5361 2925 5361 2925 5362 2982 5362 2983 5362 2925 5363 2983 5363 2926 5363 2926 5364 2983 5364 2984 5364 2926 5365 2984 5365 2927 5365 2927 5366 2984 5366 2985 5366 2927 5367 2985 5367 2928 5367 2928 5368 2985 5368 2986 5368 2928 5369 2986 5369 2929 5369 2929 5370 2986 5370 2987 5370 2929 5371 2987 5371 2930 5371 2930 5372 2987 5372 2988 5372 2930 5373 2988 5373 2931 5373 2931 5374 2988 5374 2989 5374 2931 5375 2989 5375 2932 5375 2932 5376 2989 5376 2990 5376 2932 5377 2990 5377 2933 5377 2933 5378 2990 5378 2991 5378 2933 5379 2991 5379 2934 5379 2934 5380 2991 5380 2992 5380 2934 5381 2992 5381 2935 5381 2935 5382 2992 5382 2993 5382 2935 5383 2993 5383 2936 5383 2936 5384 2993 5384 2994 5384 2936 5385 2994 5385 2937 5385 2937 5386 2994 5386 2995 5386 2937 5387 2995 5387 2938 5387 2938 5388 2995 5388 2996 5388 2938 5389 2996 5389 2939 5389 2939 5390 2996 5390 2997 5390 2939 5391 2997 5391 2940 5391 2940 5392 2997 5392 2998 5392 2940 5393 2998 5393 2941 5393 2941 5394 2998 5394 2999 5394 2941 5395 2999 5395 2942 5395 2942 5396 2999 5396 3000 5396 2942 5397 3000 5397 2943 5397 2943 5398 3000 5398 3001 5398 2943 5399 3001 5399 2944 5399 2944 5400 3001 5400 3002 5400 2944 5401 3002 5401 2945 5401 2945 5402 3002 5402 3003 5402 2945 5403 3003 5403 2946 5403 2946 5404 3003 5404 3004 5404 2946 5405 3004 5405 2947 5405 2947 5406 3004 5406 3005 5406 2947 5407 3005 5407 2948 5407 2948 5408 3005 5408 1937 5408 2948 5409 1937 5409 2115 5409 2115 5410 1937 5410 1936 5410 2115 5411 1936 5411 2113 5411 1944 5412 1946 5412 2026 5412 2026 5413 1946 5413 2020 5413 2026 5414 2020 5414 2949 5414 2949 5415 2020 5415 2016 5415 2949 5416 2016 5416 2950 5416 2950 5417 2016 5417 2007 5417 2950 5418 2007 5418 2951 5418 2951 5419 2007 5419 2009 5419 2951 5420 2009 5420 2952 5420 2952 5421 2009 5421 2011 5421 2952 5422 2011 5422 2953 5422 2953 5423 2011 5423 2005 5423 2953 5424 2005 5424 2954 5424 2954 5425 2005 5425 2003 5425 2954 5426 2003 5426 2955 5426 2955 5427 2003 5427 2001 5427 2955 5428 2001 5428 2956 5428 2956 5429 2001 5429 1995 5429 2956 5430 1995 5430 2957 5430 2957 5431 1995 5431 1997 5431 2957 5432 1997 5432 2958 5432 2958 5433 1997 5433 1990 5433 2958 5434 1990 5434 2959 5434 2959 5435 1990 5435 1987 5435 2959 5436 1987 5436 2960 5436 2960 5437 1987 5437 1980 5437 2960 5438 1980 5438 2961 5438 2961 5439 1980 5439 1982 5439 2961 5440 1982 5440 2962 5440 2962 5441 1982 5441 1984 5441 2962 5442 1984 5442 2963 5442 2963 5443 1984 5443 1978 5443 2963 5444 1978 5444 2964 5444 2964 5445 1978 5445 1976 5445 2964 5446 1976 5446 2965 5446 2965 5447 1976 5447 1974 5447 2965 5448 1974 5448 2966 5448 2966 5449 1974 5449 1970 5449 2966 5450 1970 5450 2967 5450 2967 5451 1970 5451 1961 5451 2967 5452 1961 5452 2968 5452 2968 5453 1961 5453 1963 5453 2968 5454 1963 5454 2969 5454 2969 5455 1963 5455 1965 5455 2969 5456 1965 5456 2970 5456 2970 5457 1965 5457 1959 5457 2970 5458 1959 5458 2971 5458 2971 5459 1959 5459 1957 5459 2971 5460 1957 5460 2972 5460 2972 5461 1957 5461 1955 5461 2972 5462 1955 5462 2973 5462 2973 5463 1955 5463 1949 5463 2973 5464 1949 5464 2974 5464 2974 5465 1949 5465 1951 5465 2974 5466 1951 5466 2975 5466 2975 5467 1951 5467 1953 5467 2975 5468 1953 5468 2976 5468 2976 5469 1953 5469 2197 5469 2976 5470 2197 5470 2977 5470 2977 5471 2197 5471 2199 5471 2977 5472 2199 5472 2978 5472 2978 5473 2199 5473 2188 5473 2978 5474 2188 5474 2979 5474 2979 5475 2188 5475 2190 5475 2979 5476 2190 5476 2980 5476 2980 5477 2190 5477 2192 5477 2980 5478 2192 5478 2981 5478 2981 5479 2192 5479 2186 5479 2981 5480 2186 5480 2982 5480 2982 5481 2186 5481 2184 5481 2982 5482 2184 5482 2983 5482 2983 5483 2184 5483 2182 5483 2983 5484 2182 5484 2984 5484 2984 5485 2182 5485 2176 5485 2984 5486 2176 5486 2985 5486 2985 5487 2176 5487 2178 5487 2985 5488 2178 5488 2986 5488 2986 5489 2178 5489 2171 5489 2986 5490 2171 5490 2987 5490 2987 5491 2171 5491 2168 5491 2987 5492 2168 5492 2988 5492 2988 5493 2168 5493 2161 5493 2988 5494 2161 5494 2989 5494 2989 5495 2161 5495 2163 5495 2989 5496 2163 5496 2990 5496 2990 5497 2163 5497 2165 5497 2990 5498 2165 5498 2991 5498 2991 5499 2165 5499 2159 5499 2991 5500 2159 5500 2992 5500 2992 5501 2159 5501 2157 5501 2992 5502 2157 5502 2993 5502 2993 5503 2157 5503 2155 5503 2993 5504 2155 5504 2994 5504 2994 5505 2155 5505 2151 5505 2994 5506 2151 5506 2995 5506 2995 5507 2151 5507 2142 5507 2995 5508 2142 5508 2996 5508 2996 5509 2142 5509 2144 5509 2996 5510 2144 5510 2997 5510 2997 5511 2144 5511 2146 5511 2997 5512 2146 5512 2998 5512 2998 5513 2146 5513 2140 5513 2998 5514 2140 5514 2999 5514 2999 5515 2140 5515 2138 5515 2999 5516 2138 5516 3000 5516 3000 5517 2138 5517 2136 5517 3000 5518 2136 5518 3001 5518 3001 5519 2136 5519 2128 5519 3001 5520 2128 5520 3002 5520 3002 5521 2128 5521 2130 5521 3002 5522 2130 5522 3003 5522 3003 5523 2130 5523 2132 5523 3003 5524 2132 5524 3004 5524 3004 5525 2132 5525 2124 5525 3004 5526 2124 5526 3005 5526 3005 5527 2124 5527 2118 5527 3005 5528 2118 5528 1937 5528 1937 5529 2118 5529 2120 5529 1937 5530 2120 5530 1935 5530 3006 5531 3007 5531 1872 5531 3008 5532 3009 5532 3010 5532 3011 5533 3012 5533 3013 5533 3014 5534 3015 5534 3013 5534 3013 5535 3015 5535 3016 5535 3013 5536 3016 5536 3011 5536 3012 5537 3017 5537 3013 5537 3013 5538 3017 5538 3018 5538 3013 5539 3018 5539 3014 5539 3019 5540 3020 5540 3021 5540 3021 5541 3020 5541 3022 5541 3021 5542 3022 5542 3023 5542 3022 5543 3024 5543 3023 5543 3023 5544 3024 5544 3025 5544 3023 5545 3025 5545 3026 5545 3018 5546 3027 5546 3014 5546 3014 5547 3027 5547 3028 5547 3014 5548 3028 5548 3029 5548 3029 5549 3028 5549 3030 5549 3029 5550 3030 5550 3031 5550 3030 5551 3032 5551 3031 5551 3031 5552 3032 5552 3033 5552 3031 5553 3033 5553 3034 5553 3034 5554 3035 5554 3031 5554 3031 5555 3035 5555 3036 5555 3031 5556 3036 5556 3037 5556 3026 5557 3038 5557 3023 5557 3023 5558 3038 5558 3039 5558 3023 5559 3039 5559 3040 5559 3040 5560 3039 5560 3031 5560 3040 5561 3031 5561 3041 5561 3041 5562 3031 5562 3037 5562 3042 5563 1791 5563 1790 5563 3042 5564 1790 5564 3043 5564 1790 5565 1789 5565 3043 5565 3043 5566 1789 5566 1788 5566 3043 5567 1788 5567 3044 5567 1788 5568 1796 5568 3044 5568 3044 5569 1796 5569 1795 5569 3044 5570 1795 5570 3021 5570 3021 5571 1795 5571 1794 5571 1794 5572 1793 5572 3021 5572 3021 5573 1793 5573 1800 5573 3021 5574 1800 5574 1799 5574 1799 5575 1798 5575 3021 5575 3021 5576 1798 5576 1797 5576 3021 5577 1797 5577 1804 5577 1804 5578 1803 5578 3021 5578 3021 5579 1803 5579 1802 5579 3021 5580 1802 5580 1801 5580 1801 5581 1807 5581 3021 5581 3021 5582 1807 5582 1806 5582 3021 5583 1806 5583 1805 5583 1805 5584 1787 5584 3021 5584 3021 5585 1787 5585 1769 5585 3021 5586 1769 5586 3019 5586 3019 5587 1769 5587 1770 5587 1770 5588 1771 5588 3019 5588 3019 5589 1771 5589 1772 5589 3019 5590 1772 5590 1773 5590 1773 5591 1774 5591 3019 5591 3019 5592 1774 5592 1775 5592 3019 5593 1775 5593 1776 5593 1776 5594 1779 5594 3019 5594 3019 5595 1779 5595 1778 5595 3019 5596 1778 5596 3045 5596 3045 5597 1778 5597 1777 5597 3045 5598 1777 5598 1781 5598 1781 5599 1780 5599 3045 5599 3045 5600 1780 5600 1784 5600 3045 5601 1784 5601 3046 5601 1784 5602 1783 5602 3046 5602 3046 5603 1783 5603 1782 5603 3046 5604 1782 5604 3047 5604 1782 5605 1785 5605 3047 5605 3047 5606 1785 5606 1786 5606 3047 5607 1786 5607 1766 5607 3048 5608 3049 5608 1767 5608 1767 5609 3049 5609 3050 5609 1767 5610 3050 5610 1766 5610 1766 5611 3050 5611 3051 5611 1766 5612 3051 5612 3047 5612 3052 5613 3053 5613 1767 5613 1767 5614 3053 5614 3054 5614 1767 5615 3054 5615 3048 5615 3052 5616 1767 5616 3055 5616 3055 5617 1767 5617 1768 5617 3055 5618 1768 5618 3056 5618 3057 5619 3058 5619 1765 5619 1765 5620 3058 5620 3059 5620 1765 5621 3059 5621 1768 5621 1768 5622 3059 5622 3060 5622 1768 5623 3060 5623 3056 5623 3061 5624 3062 5624 1764 5624 1764 5625 3062 5625 1765 5625 1765 5626 3062 5626 3063 5626 1765 5627 3063 5627 3057 5627 1832 5628 3064 5628 1763 5628 1763 5629 3064 5629 3065 5629 1763 5630 3065 5630 1764 5630 1764 5631 3065 5631 3066 5631 1764 5632 3066 5632 3061 5632 1832 5633 1833 5633 3064 5633 3064 5634 1833 5634 1834 5634 3064 5635 1834 5635 1835 5635 1839 5636 1840 5636 3067 5636 1835 5637 1836 5637 3064 5637 3064 5638 1836 5638 1837 5638 3064 5639 1837 5639 3067 5639 3067 5640 1837 5640 1838 5640 3067 5641 1838 5641 1839 5641 1840 5642 1841 5642 3067 5642 3067 5643 1841 5643 1842 5643 3067 5644 1842 5644 1843 5644 1843 5645 1844 5645 3067 5645 3067 5646 1844 5646 1845 5646 3067 5647 1845 5647 1846 5647 1846 5648 1847 5648 3067 5648 3067 5649 1847 5649 1848 5649 3067 5650 1848 5650 1831 5650 1831 5651 1813 5651 3068 5651 3068 5652 1813 5652 1814 5652 3068 5653 1814 5653 1815 5653 1815 5654 1816 5654 3068 5654 3068 5655 1816 5655 1817 5655 3068 5656 1817 5656 1818 5656 1818 5657 1819 5657 3068 5657 3068 5658 1819 5658 1820 5658 3068 5659 1820 5659 1821 5659 1821 5660 1822 5660 3068 5660 3068 5661 1822 5661 1823 5661 3068 5662 1823 5662 3069 5662 3069 5663 1823 5663 1824 5663 3069 5664 1824 5664 3070 5664 3070 5665 1824 5665 1825 5665 3070 5666 1825 5666 1826 5666 1826 5667 1827 5667 3070 5667 3070 5668 1827 5668 1828 5668 3070 5669 1828 5669 3071 5669 3071 5670 1828 5670 1829 5670 3071 5671 1829 5671 1830 5671 1830 5672 1809 5672 3071 5672 3071 5673 1809 5673 1808 5673 3071 5674 1808 5674 3072 5674 1831 5675 3068 5675 3067 5675 3067 5676 3068 5676 3073 5676 3067 5677 3073 5677 3074 5677 3073 5678 3075 5678 3074 5678 3074 5679 3075 5679 3076 5679 3074 5680 3076 5680 3077 5680 1849 5681 1918 5681 3078 5681 1854 5682 3079 5682 1853 5682 1853 5683 3079 5683 3080 5683 1854 5684 1855 5684 3079 5684 3079 5685 1855 5685 1856 5685 3079 5686 1856 5686 3081 5686 3081 5687 1856 5687 1857 5687 3081 5688 1857 5688 3082 5688 3082 5689 1857 5689 1858 5689 3082 5690 1858 5690 1859 5690 1859 5691 1860 5691 3082 5691 3082 5692 1860 5692 1861 5692 3082 5693 1861 5693 1862 5693 1862 5694 1863 5694 3082 5694 3082 5695 1863 5695 1864 5695 3082 5696 1864 5696 1865 5696 1849 5697 3078 5697 1850 5697 1865 5698 1866 5698 3082 5698 3082 5699 1866 5699 1867 5699 3082 5700 1867 5700 1868 5700 1868 5701 1850 5701 3082 5701 3082 5702 1850 5702 3078 5702 3082 5703 3078 5703 3083 5703 3083 5704 3078 5704 3084 5704 3083 5705 3084 5705 3085 5705 3085 5706 3084 5706 3077 5706 3085 5707 3077 5707 3086 5707 3086 5708 3077 5708 3076 5708 1918 5709 1919 5709 3078 5709 3078 5710 1919 5710 1920 5710 3078 5711 1920 5711 1921 5711 1921 5712 1922 5712 3078 5712 3078 5713 1922 5713 1923 5713 3078 5714 1923 5714 1924 5714 1924 5715 1925 5715 3078 5715 3078 5716 1925 5716 1926 5716 3078 5717 1926 5717 3087 5717 1930 5718 3088 5718 1929 5718 1929 5719 3088 5719 3089 5719 1929 5720 3089 5720 1928 5720 1928 5721 3089 5721 3087 5721 1928 5722 3087 5722 1927 5722 1927 5723 3087 5723 1926 5723 1930 5724 1931 5724 3088 5724 3088 5725 1931 5725 1932 5725 3088 5726 1932 5726 3090 5726 3090 5727 1932 5727 1933 5727 1933 5728 1934 5728 3090 5728 3090 5729 1934 5729 1914 5729 3090 5730 1914 5730 3091 5730 3091 5731 1914 5731 1913 5731 3091 5732 1913 5732 3092 5732 1917 5733 3093 5733 1913 5733 1913 5734 3093 5734 3094 5734 1913 5735 3094 5735 3092 5735 1916 5736 3095 5736 3096 5736 3096 5737 3097 5737 1916 5737 1916 5738 3097 5738 3098 5738 1916 5739 3098 5739 1917 5739 1917 5740 3098 5740 3099 5740 1917 5741 3099 5741 3093 5741 3100 5742 3101 5742 1915 5742 1915 5743 3101 5743 3102 5743 1915 5744 3102 5744 1916 5744 1916 5745 3102 5745 3103 5745 1916 5746 3103 5746 3095 5746 3100 5747 1915 5747 3104 5747 3104 5748 1915 5748 1897 5748 3104 5749 1897 5749 3105 5749 3105 5750 1897 5750 1896 5750 3105 5751 1896 5751 3106 5751 1893 5752 3107 5752 1894 5752 1894 5753 3107 5753 3106 5753 1894 5754 3106 5754 1895 5754 1895 5755 3106 5755 1896 5755 1893 5756 1901 5756 3107 5756 3107 5757 1901 5757 1900 5757 3107 5758 1900 5758 3009 5758 1900 5759 1899 5759 3009 5759 3009 5760 1899 5760 1898 5760 3009 5761 1898 5761 1905 5761 1905 5762 1904 5762 3009 5762 3009 5763 1904 5763 1903 5763 3009 5764 1903 5764 1902 5764 1902 5765 1909 5765 3009 5765 3009 5766 1909 5766 1908 5766 3009 5767 1908 5767 1907 5767 1907 5768 1906 5768 3009 5768 3009 5769 1906 5769 1912 5769 3009 5770 1912 5770 1911 5770 1874 5771 1875 5771 3108 5771 1911 5772 1910 5772 3009 5772 3009 5773 1910 5773 1892 5773 3009 5774 1892 5774 1874 5774 1875 5775 1876 5775 3108 5775 3108 5776 1876 5776 1877 5776 3108 5777 1877 5777 1878 5777 1878 5778 1879 5778 3108 5778 3108 5779 1879 5779 1880 5779 3108 5780 1880 5780 1881 5780 1881 5781 1884 5781 3108 5781 3108 5782 1884 5782 1883 5782 3108 5783 1883 5783 3109 5783 3109 5784 1883 5784 1882 5784 3109 5785 1882 5785 1886 5785 1886 5786 1885 5786 3109 5786 3109 5787 1885 5787 1889 5787 3109 5788 1889 5788 3110 5788 1889 5789 1888 5789 3110 5789 3110 5790 1888 5790 1887 5790 3110 5791 1887 5791 3111 5791 3111 5792 1887 5792 1890 5792 3111 5793 1890 5793 3112 5793 1874 5794 3108 5794 3009 5794 3009 5795 3108 5795 3113 5795 3009 5796 3113 5796 3010 5796 3010 5797 3114 5797 3008 5797 3008 5798 3114 5798 3115 5798 3008 5799 3115 5799 3116 5799 3117 5800 3118 5800 3119 5800 3119 5801 3118 5801 3120 5801 3119 5802 3120 5802 3121 5802 3121 5803 3122 5803 3119 5803 3119 5804 3122 5804 3123 5804 3119 5805 3123 5805 3124 5805 3116 5806 3125 5806 3008 5806 3008 5807 3125 5807 3126 5807 3008 5808 3126 5808 3127 5808 3127 5809 3126 5809 3119 5809 3127 5810 3119 5810 3128 5810 3128 5811 3119 5811 3124 5811 3129 5812 3130 5812 3131 5812 3132 5813 3133 5813 3131 5813 3131 5814 3133 5814 3134 5814 3131 5815 3134 5815 3129 5815 3130 5816 3135 5816 3131 5816 3131 5817 3135 5817 3136 5817 3131 5818 3136 5818 3132 5818 3136 5819 3137 5819 3132 5819 3132 5820 3137 5820 3138 5820 3132 5821 3138 5821 3117 5821 3117 5822 3138 5822 3139 5822 3117 5823 3139 5823 3118 5823 1890 5824 1891 5824 3112 5824 3112 5825 1891 5825 1871 5825 3112 5826 1871 5826 3140 5826 3140 5827 1871 5827 1872 5827 3140 5828 1872 5828 3141 5828 3141 5829 1872 5829 3007 5829 3142 5830 3143 5830 1873 5830 1873 5831 3143 5831 3144 5831 1873 5832 3144 5832 1872 5832 1872 5833 3144 5833 3145 5833 1872 5834 3145 5834 3006 5834 3146 5835 3147 5835 1870 5835 1870 5836 3147 5836 3148 5836 1870 5837 3148 5837 1873 5837 1873 5838 3148 5838 3149 5838 1873 5839 3149 5839 3142 5839 3150 5840 1869 5840 3151 5840 3151 5841 1869 5841 1851 5841 3151 5842 1851 5842 3080 5842 3080 5843 1851 5843 1852 5843 3080 5844 1852 5844 1853 5844 3150 5845 3152 5845 1869 5845 1869 5846 3152 5846 3153 5846 1869 5847 3153 5847 1870 5847 1870 5848 3153 5848 3154 5848 1870 5849 3154 5849 3146 5849 3155 5850 3156 5850 1811 5850 1811 5851 3156 5851 3157 5851 1811 5852 3157 5852 1812 5852 1812 5853 3157 5853 3158 5853 1812 5854 3158 5854 3159 5854 3159 5855 3160 5855 1812 5855 1812 5856 3160 5856 3161 5856 1812 5857 3161 5857 1808 5857 1808 5858 3161 5858 3162 5858 1808 5859 3162 5859 3072 5859 3155 5860 1811 5860 3163 5860 3163 5861 1811 5861 1810 5861 3163 5862 1810 5862 3164 5862 3164 5863 1810 5863 3165 5863 3165 5864 1810 5864 1792 5864 3165 5865 1792 5865 3166 5865 1791 5866 3042 5866 1792 5866 1792 5867 3042 5867 3167 5867 1792 5868 3167 5868 3166 5868 2039 5869 2037 5869 3023 5869 3023 5870 3040 5870 2039 5870 2039 5871 3040 5871 3041 5871 2039 5872 3041 5872 1938 5872 1938 5873 3041 5873 3037 5873 1938 5874 3037 5874 1939 5874 1939 5875 3037 5875 3036 5875 1939 5876 3036 5876 2031 5876 2031 5877 3036 5877 3035 5877 2031 5878 3035 5878 2032 5878 2032 5879 3035 5879 3034 5879 2032 5880 3034 5880 2033 5880 2033 5881 3034 5881 2029 5881 2029 5882 3034 5882 3033 5882 2029 5883 3033 5883 1941 5883 1941 5884 3033 5884 1942 5884 1942 5885 3033 5885 3032 5885 1942 5886 3032 5886 2027 5886 2027 5887 3032 5887 3030 5887 2027 5888 3030 5888 2028 5888 2028 5889 3030 5889 3028 5889 2028 5890 3028 5890 2024 5890 2024 5891 3028 5891 3027 5891 2024 5892 3027 5892 2025 5892 2025 5893 3027 5893 3018 5893 2025 5894 3018 5894 1944 5894 1944 5895 3018 5895 3017 5895 1944 5896 3017 5896 1945 5896 1945 5897 3017 5897 2023 5897 2023 5898 3017 5898 3012 5898 2023 5899 3012 5899 3168 5899 3020 5900 3169 5900 3022 5900 3022 5901 3169 5901 3170 5901 3022 5902 3170 5902 3024 5902 3168 5903 3012 5903 3171 5903 3171 5904 3012 5904 3011 5904 3171 5905 3011 5905 3172 5905 3172 5906 3011 5906 3016 5906 3172 5907 3016 5907 3173 5907 3173 5908 3016 5908 3015 5908 3173 5909 3015 5909 3174 5909 3174 5910 3015 5910 3014 5910 3174 5911 3014 5911 3175 5911 3175 5912 3014 5912 3029 5912 3175 5913 3029 5913 3176 5913 3176 5914 3029 5914 3031 5914 3176 5915 3031 5915 3177 5915 3177 5916 3031 5916 3039 5916 3177 5917 3039 5917 3178 5917 3178 5918 3039 5918 3038 5918 3178 5919 3038 5919 3179 5919 3179 5920 3038 5920 3026 5920 3179 5921 3026 5921 3180 5921 3180 5922 3026 5922 3025 5922 3180 5923 3025 5923 3181 5923 3181 5924 3025 5924 3024 5924 3181 5925 3024 5925 3182 5925 3182 5926 3024 5926 3170 5926 3104 5927 3183 5927 3184 5927 3183 5928 3104 5928 3185 5928 3009 5929 3008 5929 3186 5929 3009 5930 3186 5930 3107 5930 3186 5931 3187 5931 3107 5931 3107 5932 3187 5932 3188 5932 3107 5933 3188 5933 3106 5933 3106 5934 3188 5934 3189 5934 3106 5935 3189 5935 3105 5935 3105 5936 3189 5936 3104 5936 3104 5937 3189 5937 3190 5937 3104 5938 3190 5938 3185 5938 3191 5939 3095 5939 3192 5939 3192 5940 3095 5940 3103 5940 3192 5941 3103 5941 3193 5941 3193 5942 3103 5942 3102 5942 3193 5943 3102 5943 3194 5943 3194 5944 3102 5944 3101 5944 3194 5945 3101 5945 3184 5945 3184 5946 3101 5946 3100 5946 3184 5947 3100 5947 3104 5947 3098 5948 3097 5948 3191 5948 3191 5949 3097 5949 3096 5949 3191 5950 3096 5950 3095 5950 3191 5951 3195 5951 3098 5951 3098 5952 3195 5952 3196 5952 3098 5953 3196 5953 3099 5953 3196 5954 3197 5954 3099 5954 3099 5955 3197 5955 3198 5955 3099 5956 3198 5956 3093 5956 3093 5957 3198 5957 3199 5957 3093 5958 3199 5958 3094 5958 3094 5959 3199 5959 3200 5959 3094 5960 3200 5960 3092 5960 3092 5961 3200 5961 3201 5961 3092 5962 3201 5962 3091 5962 3091 5963 3201 5963 3090 5963 3202 5964 3088 5964 3203 5964 3203 5965 3088 5965 3090 5965 3203 5966 3090 5966 3204 5966 3204 5967 3090 5967 3201 5967 3205 5968 3206 5968 3084 5968 3084 5969 3078 5969 3205 5969 3205 5970 3078 5970 3087 5970 3205 5971 3087 5971 3202 5971 3202 5972 3087 5972 3089 5972 3202 5973 3089 5973 3088 5973 3206 5974 3207 5974 3084 5974 3084 5975 3207 5975 3208 5975 3084 5976 3208 5976 3077 5976 3077 5977 3208 5977 3209 5977 3077 5978 3209 5978 3074 5978 3074 5979 3209 5979 3210 5979 3074 5980 3210 5980 3067 5980 3067 5981 3210 5981 3211 5981 3067 5982 3211 5982 3064 5982 3064 5983 3211 5983 3212 5983 3064 5984 3212 5984 3065 5984 3065 5985 3212 5985 3213 5985 3065 5986 3213 5986 3066 5986 3066 5987 3213 5987 3214 5987 3066 5988 3214 5988 3061 5988 3061 5989 3214 5989 3215 5989 3061 5990 3215 5990 3062 5990 3062 5991 3215 5991 3216 5991 3062 5992 3216 5992 3063 5992 3063 5993 3216 5993 3217 5993 3063 5994 3217 5994 3057 5994 3057 5995 3217 5995 3058 5995 3058 5996 3217 5996 3218 5996 3058 5997 3218 5997 3059 5997 3059 5998 3218 5998 3219 5998 3059 5999 3219 5999 3060 5999 3219 6000 3220 6000 3060 6000 3060 6001 3220 6001 3221 6001 3060 6002 3221 6002 3056 6002 3056 6003 3221 6003 3055 6003 3048 6004 3054 6004 3222 6004 3222 6005 3054 6005 3053 6005 3222 6006 3053 6006 3223 6006 3223 6007 3053 6007 3052 6007 3223 6008 3052 6008 3224 6008 3224 6009 3052 6009 3055 6009 3224 6010 3055 6010 3225 6010 3225 6011 3055 6011 3221 6011 3048 6012 3222 6012 3049 6012 3049 6013 3222 6013 3226 6013 3049 6014 3226 6014 3050 6014 3050 6015 3226 6015 3227 6015 3050 6016 3227 6016 3051 6016 3051 6017 3227 6017 3228 6017 3051 6018 3228 6018 3047 6018 3047 6019 3228 6019 3229 6019 3047 6020 3229 6020 3046 6020 3229 6021 3230 6021 3046 6021 3046 6022 3230 6022 3231 6022 3046 6023 3231 6023 3045 6023 3045 6024 3231 6024 3232 6024 3045 6025 3232 6025 3019 6025 3019 6026 3232 6026 3169 6026 3019 6027 3169 6027 3020 6027 3135 6028 3233 6028 3136 6028 3136 6029 3233 6029 3234 6029 3136 6030 3234 6030 3137 6030 3137 6031 3234 6031 3235 6031 3137 6032 3235 6032 3138 6032 3138 6033 3235 6033 3236 6033 3138 6034 3236 6034 3139 6034 3139 6035 3236 6035 3237 6035 3139 6036 3237 6036 3118 6036 3118 6037 3237 6037 3238 6037 3118 6038 3238 6038 3120 6038 3120 6039 3238 6039 3239 6039 3120 6040 3239 6040 3121 6040 3121 6041 3239 6041 3240 6041 3121 6042 3240 6042 3122 6042 3122 6043 3240 6043 3241 6043 3122 6044 3241 6044 3123 6044 3186 6045 3008 6045 3242 6045 3242 6046 3008 6046 3127 6046 3242 6047 3127 6047 3243 6047 3243 6048 3127 6048 3128 6048 3243 6049 3128 6049 3244 6049 3244 6050 3128 6050 3124 6050 3244 6051 3124 6051 3245 6051 3245 6052 3124 6052 3123 6052 3245 6053 3123 6053 3246 6053 3246 6054 3123 6054 3241 6054 3233 6055 3135 6055 2121 6055 2121 6056 3135 6056 3130 6056 2121 6057 3130 6057 2119 6057 2119 6058 3130 6058 2120 6058 2120 6059 3130 6059 3129 6059 2120 6060 3129 6060 1935 6060 1935 6061 3129 6061 3134 6061 3119 6062 2117 6062 3117 6062 3117 6063 2117 6063 2116 6063 3117 6064 2116 6064 3132 6064 3132 6065 2116 6065 2114 6065 3132 6066 2114 6066 3133 6066 3133 6067 2114 6067 2113 6067 3133 6068 2113 6068 3134 6068 3134 6069 2113 6069 1936 6069 3134 6070 1936 6070 1935 6070 2111 6071 2109 6071 3119 6071 3119 6072 2109 6072 2108 6072 3119 6073 2108 6073 2117 6073 3119 6074 3126 6074 2111 6074 2111 6075 3126 6075 3125 6075 2111 6076 3125 6076 2112 6076 2112 6077 3125 6077 3116 6077 2112 6078 3116 6078 2107 6078 2107 6079 3116 6079 3115 6079 2107 6080 3115 6080 2106 6080 2106 6081 3115 6081 3114 6081 2106 6082 3114 6082 2104 6082 2104 6083 3114 6083 3010 6083 2104 6084 3010 6084 2102 6084 2102 6085 3010 6085 3113 6085 2102 6086 3113 6086 2103 6086 3153 6087 2083 6087 2082 6087 3163 6088 2047 6088 2053 6088 3167 6089 2034 6089 2042 6089 3044 6090 2035 6090 2034 6090 2035 6091 3044 6091 2037 6091 2037 6092 3044 6092 3021 6092 2037 6093 3021 6093 3023 6093 3167 6094 3042 6094 2034 6094 2034 6095 3042 6095 3043 6095 2034 6096 3043 6096 3044 6096 3164 6097 3165 6097 2042 6097 2042 6098 3165 6098 3166 6098 2042 6099 3166 6099 3167 6099 2042 6100 2043 6100 3164 6100 3164 6101 2043 6101 2045 6101 3164 6102 2045 6102 3163 6102 3163 6103 2045 6103 2048 6103 3163 6104 2048 6104 2047 6104 3161 6105 3160 6105 2054 6105 2054 6106 3160 6106 3159 6106 2054 6107 3159 6107 2049 6107 2049 6108 3159 6108 3158 6108 2049 6109 3158 6109 2050 6109 2050 6110 3158 6110 3157 6110 2050 6111 3157 6111 2052 6111 2052 6112 3157 6112 3156 6112 2052 6113 3156 6113 2053 6113 2053 6114 3156 6114 3155 6114 2053 6115 3155 6115 3163 6115 2054 6116 2056 6116 3161 6116 3161 6117 2056 6117 2057 6117 3161 6118 2057 6118 3162 6118 3162 6119 2057 6119 3072 6119 3072 6120 2057 6120 2059 6120 3072 6121 2059 6121 3071 6121 2059 6122 2062 6122 3071 6122 3071 6123 2062 6123 2061 6123 3071 6124 2061 6124 3070 6124 3070 6125 2061 6125 2067 6125 3070 6126 2067 6126 3069 6126 3069 6127 2067 6127 3068 6127 3068 6128 2067 6128 2066 6128 3068 6129 2066 6129 3073 6129 3073 6130 2066 6130 2064 6130 3073 6131 2064 6131 3075 6131 3075 6132 2064 6132 2063 6132 3075 6133 2063 6133 3076 6133 3076 6134 2063 6134 3086 6134 3086 6135 2063 6135 2068 6135 3086 6136 2068 6136 3085 6136 3085 6137 2068 6137 2070 6137 3085 6138 2070 6138 3083 6138 3083 6139 2070 6139 2072 6139 3083 6140 2072 6140 3082 6140 3082 6141 2072 6141 3081 6141 3081 6142 2072 6142 2073 6142 3081 6143 2073 6143 3079 6143 2073 6144 2075 6144 3079 6144 3079 6145 2075 6145 2078 6145 3079 6146 2078 6146 3080 6146 3080 6147 2078 6147 3151 6147 3151 6148 2078 6148 2077 6148 3151 6149 2077 6149 3150 6149 2083 6150 3153 6150 2077 6150 2077 6151 3153 6151 3152 6151 2077 6152 3152 6152 3150 6152 2086 6153 3147 6153 2080 6153 2080 6154 3147 6154 3146 6154 2080 6155 3146 6155 2082 6155 2082 6156 3146 6156 3154 6156 2082 6157 3154 6157 3153 6157 3144 6158 3143 6158 2084 6158 2084 6159 3143 6159 3142 6159 2084 6160 3142 6160 2085 6160 2085 6161 3142 6161 3149 6161 2085 6162 3149 6162 2086 6162 2086 6163 3149 6163 3148 6163 2086 6164 3148 6164 3147 6164 2084 6165 2087 6165 3144 6165 3144 6166 2087 6166 2089 6166 3144 6167 2089 6167 3145 6167 3145 6168 2089 6168 2091 6168 3145 6169 2091 6169 3006 6169 3006 6170 2091 6170 3007 6170 3007 6171 2091 6171 2094 6171 3007 6172 2094 6172 3141 6172 2094 6173 2093 6173 3141 6173 3141 6174 2093 6174 2097 6174 3141 6175 2097 6175 3140 6175 3140 6176 2097 6176 3112 6176 3112 6177 2097 6177 2096 6177 3112 6178 2096 6178 3111 6178 3111 6179 2096 6179 2100 6179 3111 6180 2100 6180 3110 6180 3110 6181 2100 6181 2099 6181 3110 6182 2099 6182 3109 6182 3109 6183 2099 6183 3108 6183 3108 6184 2099 6184 2103 6184 3108 6185 2103 6185 3113 6185 3247 6186 3248 6186 3249 6186 3249 6187 3248 6187 3250 6187 3249 6188 3250 6188 3251 6188 3251 6189 3250 6189 3252 6189 3251 6190 3252 6190 3253 6190 3253 6191 3252 6191 3254 6191 3253 6192 3254 6192 3255 6192 3255 6193 3254 6193 3256 6193 3255 6194 3256 6194 3257 6194 3257 6195 3256 6195 3258 6195 3257 6196 3258 6196 3259 6196 3259 6197 3258 6197 3260 6197 3259 6198 3260 6198 3261 6198 3261 6199 3260 6199 3262 6199 3261 6200 3262 6200 3263 6200 3263 6201 3262 6201 3264 6201 3263 6202 3264 6202 3265 6202 3265 6203 3264 6203 3266 6203 3265 6204 3266 6204 3267 6204 3267 6205 3266 6205 3268 6205 3267 6206 3268 6206 3269 6206 3269 6207 3268 6207 3270 6207 3269 6208 3270 6208 3271 6208 3271 6209 3270 6209 3272 6209 3271 6210 3272 6210 3273 6210 3273 6211 3272 6211 3274 6211 3273 6212 3274 6212 3275 6212 3275 6213 3274 6213 3276 6213 3275 6214 3276 6214 3277 6214 3277 6215 3276 6215 3278 6215 3277 6216 3278 6216 3279 6216 3279 6217 3278 6217 3280 6217 3279 6218 3280 6218 3281 6218 3281 6219 3280 6219 3282 6219 3281 6220 3282 6220 3283 6220 3283 6221 3282 6221 3284 6221 3283 6222 3284 6222 3285 6222 3285 6223 3284 6223 3286 6223 3285 6224 3286 6224 3287 6224 3287 6225 3286 6225 3288 6225 3287 6226 3288 6226 3289 6226 3289 6227 3288 6227 3290 6227 3289 6228 3290 6228 3291 6228 3291 6229 3290 6229 3292 6229 3291 6230 3292 6230 3293 6230 3293 6231 3292 6231 3294 6231 3293 6232 3294 6232 3295 6232 3295 6233 3294 6233 3296 6233 3295 6234 3296 6234 3297 6234 3297 6235 3296 6235 3298 6235 3297 6236 3298 6236 3299 6236 3299 6237 3298 6237 3300 6237 3299 6238 3300 6238 3301 6238 3301 6239 3300 6239 3302 6239 3301 6240 3302 6240 3303 6240 3303 6241 3302 6241 3304 6241 3303 6242 3304 6242 3305 6242 3305 6243 3304 6243 3306 6243 3305 6244 3306 6244 3307 6244 3307 6245 3306 6245 3308 6245 3307 6246 3308 6246 3309 6246 3309 6247 3308 6247 3310 6247 3309 6248 3310 6248 3311 6248 3311 6249 3310 6249 3312 6249 3311 6250 3312 6250 3313 6250 3313 6251 3312 6251 3314 6251 3313 6252 3314 6252 3315 6252 3315 6253 3314 6253 3316 6253 3315 6254 3316 6254 3317 6254 3317 6255 3316 6255 3318 6255 3317 6256 3318 6256 3319 6256 3319 6257 3318 6257 3320 6257 3319 6258 3320 6258 3321 6258 3321 6259 3320 6259 3322 6259 3321 6260 3322 6260 3247 6260 3247 6261 3322 6261 3248 6261 3323 6262 3251 6262 3253 6262 3249 6263 3251 6263 3323 6263 3247 6264 3249 6264 3323 6264 3323 6265 3257 6265 3259 6265 3255 6266 3257 6266 3323 6266 3253 6267 3255 6267 3323 6267 3323 6268 3263 6268 3265 6268 3261 6269 3263 6269 3323 6269 3259 6270 3261 6270 3323 6270 3323 6271 3269 6271 3271 6271 3267 6272 3269 6272 3323 6272 3265 6273 3267 6273 3323 6273 3323 6274 3275 6274 3277 6274 3273 6275 3275 6275 3323 6275 3271 6276 3273 6276 3323 6276 3323 6277 3281 6277 3283 6277 3279 6278 3281 6278 3323 6278 3277 6279 3279 6279 3323 6279 3323 6280 3289 6280 3291 6280 3287 6281 3289 6281 3323 6281 3285 6282 3287 6282 3323 6282 3323 6283 3295 6283 3297 6283 3293 6284 3295 6284 3323 6284 3291 6285 3293 6285 3323 6285 3323 6286 3301 6286 3303 6286 3299 6287 3301 6287 3323 6287 3297 6288 3299 6288 3323 6288 3323 6289 3307 6289 3309 6289 3305 6290 3307 6290 3323 6290 3303 6291 3305 6291 3323 6291 3323 6292 3313 6292 3315 6292 3311 6293 3313 6293 3323 6293 3309 6294 3311 6294 3323 6294 3323 6295 3319 6295 3321 6295 3317 6296 3319 6296 3323 6296 3315 6297 3317 6297 3323 6297 3321 6298 3247 6298 3323 6298 3283 6299 3285 6299 3323 6299 3324 6300 3325 6300 3326 6300 3326 6301 3325 6301 3327 6301 3326 6302 3327 6302 3328 6302 3328 6303 3327 6303 3329 6303 3328 6304 3329 6304 3330 6304 3330 6305 3329 6305 3331 6305 3330 6306 3331 6306 3332 6306 3332 6307 3331 6307 3333 6307 3332 6308 3333 6308 3334 6308 3334 6309 3333 6309 3335 6309 3334 6310 3335 6310 3336 6310 3336 6311 3335 6311 3337 6311 3336 6312 3337 6312 3338 6312 3338 6313 3337 6313 3339 6313 3338 6314 3339 6314 3340 6314 3340 6315 3339 6315 3341 6315 3340 6316 3341 6316 3342 6316 3342 6317 3341 6317 3343 6317 3342 6318 3343 6318 3344 6318 3344 6319 3343 6319 3345 6319 3344 6320 3345 6320 3346 6320 3346 6321 3345 6321 3347 6321 3346 6322 3347 6322 3348 6322 3348 6323 3347 6323 3349 6323 3348 6324 3349 6324 3350 6324 3350 6325 3349 6325 3351 6325 3350 6326 3351 6326 3352 6326 3352 6327 3351 6327 3353 6327 3352 6328 3353 6328 3354 6328 3354 6329 3353 6329 3355 6329 3354 6330 3355 6330 3356 6330 3356 6331 3355 6331 3357 6331 3356 6332 3357 6332 3358 6332 3358 6333 3357 6333 3359 6333 3358 6334 3359 6334 3360 6334 3360 6335 3359 6335 3361 6335 3360 6336 3361 6336 3362 6336 3362 6337 3361 6337 3363 6337 3362 6338 3363 6338 3364 6338 3364 6339 3363 6339 3365 6339 3364 6340 3365 6340 3366 6340 3366 6341 3365 6341 3367 6341 3366 6342 3367 6342 3368 6342 3368 6343 3367 6343 3369 6343 3368 6344 3369 6344 3370 6344 3370 6345 3369 6345 3371 6345 3370 6346 3371 6346 3372 6346 3372 6347 3371 6347 3373 6347 3372 6348 3373 6348 3374 6348 3374 6349 3373 6349 3375 6349 3374 6350 3375 6350 3376 6350 3376 6351 3375 6351 3377 6351 3376 6352 3377 6352 3378 6352 3378 6353 3377 6353 3379 6353 3378 6354 3379 6354 3380 6354 3380 6355 3379 6355 3381 6355 3380 6356 3381 6356 3382 6356 3382 6357 3381 6357 3383 6357 3382 6358 3383 6358 3384 6358 3384 6359 3383 6359 3385 6359 3384 6360 3385 6360 3386 6360 3386 6361 3385 6361 3387 6361 3386 6362 3387 6362 3388 6362 3388 6363 3387 6363 3389 6363 3388 6364 3389 6364 3390 6364 3390 6365 3389 6365 3391 6365 3390 6366 3391 6366 3392 6366 3392 6367 3391 6367 3393 6367 3392 6368 3393 6368 3394 6368 3394 6369 3393 6369 3395 6369 3394 6370 3395 6370 3396 6370 3396 6371 3395 6371 3397 6371 3396 6372 3397 6372 3398 6372 3398 6373 3397 6373 3399 6373 3398 6374 3399 6374 3324 6374 3324 6375 3399 6375 3325 6375 3400 6376 3328 6376 3330 6376 3326 6377 3328 6377 3400 6377 3324 6378 3326 6378 3400 6378 3400 6379 3334 6379 3336 6379 3332 6380 3334 6380 3400 6380 3330 6381 3332 6381 3400 6381 3400 6382 3340 6382 3342 6382 3338 6383 3340 6383 3400 6383 3336 6384 3338 6384 3400 6384 3400 6385 3346 6385 3348 6385 3344 6386 3346 6386 3400 6386 3342 6387 3344 6387 3400 6387 3400 6388 3352 6388 3354 6388 3350 6389 3352 6389 3400 6389 3348 6390 3350 6390 3400 6390 3400 6391 3358 6391 3360 6391 3356 6392 3358 6392 3400 6392 3354 6393 3356 6393 3400 6393 3400 6394 3366 6394 3368 6394 3364 6395 3366 6395 3400 6395 3362 6396 3364 6396 3400 6396 3400 6397 3372 6397 3374 6397 3370 6398 3372 6398 3400 6398 3368 6399 3370 6399 3400 6399 3400 6400 3378 6400 3380 6400 3376 6401 3378 6401 3400 6401 3374 6402 3376 6402 3400 6402 3400 6403 3384 6403 3386 6403 3382 6404 3384 6404 3400 6404 3380 6405 3382 6405 3400 6405 3400 6406 3390 6406 3392 6406 3388 6407 3390 6407 3400 6407 3386 6408 3388 6408 3400 6408 3400 6409 3396 6409 3398 6409 3394 6410 3396 6410 3400 6410 3392 6411 3394 6411 3400 6411 3398 6412 3324 6412 3400 6412 3360 6413 3362 6413 3400 6413 3401 6414 3402 6414 3403 6414 3403 6415 3402 6415 3404 6415 3403 6416 3404 6416 3405 6416 3405 6417 3404 6417 3406 6417 3405 6418 3406 6418 3407 6418 3407 6419 3406 6419 3408 6419 3407 6420 3408 6420 3409 6420 3409 6421 3408 6421 3410 6421 3409 6422 3410 6422 3411 6422 3411 6423 3410 6423 3412 6423 3411 6424 3412 6424 3413 6424 3413 6425 3412 6425 3414 6425 3413 6426 3414 6426 3415 6426 3415 6427 3414 6427 3416 6427 3415 6428 3416 6428 3417 6428 3417 6429 3416 6429 3418 6429 3417 6430 3418 6430 3419 6430 3419 6431 3418 6431 3420 6431 3419 6432 3420 6432 3421 6432 3421 6433 3420 6433 3422 6433 3421 6434 3422 6434 3423 6434 3423 6435 3422 6435 3424 6435 3423 6436 3424 6436 3425 6436 3425 6437 3424 6437 3426 6437 3425 6438 3426 6438 3427 6438 3427 6439 3426 6439 3428 6439 3427 6440 3428 6440 3429 6440 3429 6441 3428 6441 3430 6441 3429 6442 3430 6442 3431 6442 3431 6443 3430 6443 3432 6443 3431 6444 3432 6444 3433 6444 3433 6445 3432 6445 3434 6445 3433 6446 3434 6446 3435 6446 3435 6447 3434 6447 3436 6447 3435 6448 3436 6448 3437 6448 3437 6449 3436 6449 3438 6449 3437 6450 3438 6450 3439 6450 3439 6451 3438 6451 3440 6451 3439 6452 3440 6452 3441 6452 3441 6453 3440 6453 3442 6453 3441 6454 3442 6454 3443 6454 3443 6455 3442 6455 3444 6455 3443 6456 3444 6456 3445 6456 3445 6457 3444 6457 3446 6457 3445 6458 3446 6458 3447 6458 3447 6459 3446 6459 3448 6459 3447 6460 3448 6460 3449 6460 3449 6461 3448 6461 3450 6461 3449 6462 3450 6462 3451 6462 3451 6463 3450 6463 3452 6463 3451 6464 3452 6464 3453 6464 3453 6465 3452 6465 3454 6465 3453 6466 3454 6466 3455 6466 3455 6467 3454 6467 3456 6467 3455 6468 3456 6468 3457 6468 3457 6469 3456 6469 3458 6469 3457 6470 3458 6470 3459 6470 3459 6471 3458 6471 3460 6471 3459 6472 3460 6472 3461 6472 3461 6473 3460 6473 3462 6473 3461 6474 3462 6474 3463 6474 3463 6475 3462 6475 3464 6475 3463 6476 3464 6476 3465 6476 3465 6477 3464 6477 3466 6477 3465 6478 3466 6478 3467 6478 3467 6479 3466 6479 3468 6479 3467 6480 3468 6480 3469 6480 3469 6481 3468 6481 3470 6481 3469 6482 3470 6482 3471 6482 3471 6483 3470 6483 3472 6483 3471 6484 3472 6484 3473 6484 3473 6485 3472 6485 3474 6485 3473 6486 3474 6486 3475 6486 3475 6487 3474 6487 3476 6487 3475 6488 3476 6488 3401 6488 3401 6489 3476 6489 3402 6489 3477 6490 3405 6490 3407 6490 3403 6491 3405 6491 3477 6491 3401 6492 3403 6492 3477 6492 3477 6493 3411 6493 3413 6493 3409 6494 3411 6494 3477 6494 3407 6495 3409 6495 3477 6495 3477 6496 3417 6496 3419 6496 3415 6497 3417 6497 3477 6497 3413 6498 3415 6498 3477 6498 3477 6499 3423 6499 3425 6499 3421 6500 3423 6500 3477 6500 3419 6501 3421 6501 3477 6501 3477 6502 3429 6502 3431 6502 3427 6503 3429 6503 3477 6503 3425 6504 3427 6504 3477 6504 3477 6505 3435 6505 3437 6505 3433 6506 3435 6506 3477 6506 3431 6507 3433 6507 3477 6507 3477 6508 3443 6508 3445 6508 3441 6509 3443 6509 3477 6509 3439 6510 3441 6510 3477 6510 3477 6511 3449 6511 3451 6511 3447 6512 3449 6512 3477 6512 3445 6513 3447 6513 3477 6513 3477 6514 3455 6514 3457 6514 3453 6515 3455 6515 3477 6515 3451 6516 3453 6516 3477 6516 3477 6517 3461 6517 3463 6517 3459 6518 3461 6518 3477 6518 3457 6519 3459 6519 3477 6519 3477 6520 3467 6520 3469 6520 3465 6521 3467 6521 3477 6521 3463 6522 3465 6522 3477 6522 3477 6523 3473 6523 3475 6523 3471 6524 3473 6524 3477 6524 3469 6525 3471 6525 3477 6525 3475 6526 3401 6526 3477 6526 3437 6527 3439 6527 3477 6527 3478 6528 3479 6528 3480 6528 3480 6529 3479 6529 3481 6529 3480 6530 3482 6530 3478 6530 3478 6531 3482 6531 3483 6531 3479 6532 3484 6532 3481 6532 3481 6533 3484 6533 3485 6533 3486 6534 3484 6534 3479 6534 3478 6535 3483 6535 3487 6535 3487 6536 3488 6536 3478 6536 3478 6537 3488 6537 3489 6537 3478 6538 3489 6538 3479 6538 3479 6539 3489 6539 3490 6539 3479 6540 3490 6540 3486 6540 3491 6541 3492 6541 3493 6541 3493 6542 3492 6542 3494 6542 3493 6543 3494 6543 3495 6543 3495 6544 3494 6544 3496 6544 3495 6545 3496 6545 3497 6545 3497 6546 3496 6546 3498 6546 3497 6547 3498 6547 3499 6547 3499 6548 3498 6548 3500 6548 3499 6549 3500 6549 3501 6549 3501 6550 3500 6550 3502 6550 3501 6551 3502 6551 3503 6551 3503 6552 3502 6552 3504 6552 3503 6553 3504 6553 3505 6553 3505 6554 3504 6554 3506 6554 3505 6555 3506 6555 3507 6555 3507 6556 3506 6556 3508 6556 3507 6557 3508 6557 3509 6557 3509 6558 3508 6558 3510 6558 3509 6559 3510 6559 3511 6559 3511 6560 3510 6560 3512 6560 3511 6561 3512 6561 3513 6561 3513 6562 3512 6562 3514 6562 3513 6563 3514 6563 3515 6563 3515 6564 3514 6564 3516 6564 3515 6565 3516 6565 3517 6565 3517 6566 3516 6566 3518 6566 3517 6567 3518 6567 3519 6567 3519 6568 3518 6568 3520 6568 3519 6569 3520 6569 3521 6569 3521 6570 3520 6570 3522 6570 3521 6571 3522 6571 3523 6571 3523 6572 3522 6572 3524 6572 3523 6573 3524 6573 3525 6573 3525 6574 3524 6574 3526 6574 3525 6575 3526 6575 3527 6575 3527 6576 3526 6576 3528 6576 3527 6577 3528 6577 3529 6577 3529 6578 3528 6578 3530 6578 3529 6579 3530 6579 3531 6579 3531 6580 3530 6580 3532 6580 3531 6581 3532 6581 3533 6581 3533 6582 3532 6582 3534 6582 3533 6583 3534 6583 3535 6583 3535 6584 3534 6584 3536 6584 3535 6585 3536 6585 3537 6585 3537 6586 3536 6586 3538 6586 3537 6587 3538 6587 3539 6587 3539 6588 3538 6588 3540 6588 3539 6589 3540 6589 3541 6589 3541 6590 3540 6590 3542 6590 3541 6591 3542 6591 3543 6591 3543 6592 3542 6592 3544 6592 3543 6593 3544 6593 3545 6593 3545 6594 3544 6594 3546 6594 3545 6595 3546 6595 3547 6595 3547 6596 3546 6596 3548 6596 3547 6597 3548 6597 3549 6597 3549 6598 3548 6598 3550 6598 3549 6599 3550 6599 3551 6599 3551 6600 3550 6600 3552 6600 3551 6601 3552 6601 3553 6601 3553 6602 3552 6602 3554 6602 3553 6603 3554 6603 3555 6603 3555 6604 3554 6604 3556 6604 3555 6605 3556 6605 3557 6605 3557 6606 3556 6606 3558 6606 3557 6607 3558 6607 3559 6607 3559 6608 3558 6608 3560 6608 3559 6609 3560 6609 3561 6609 3561 6610 3560 6610 3562 6610 3561 6611 3562 6611 3563 6611 3563 6612 3562 6612 3564 6612 3563 6613 3564 6613 3565 6613 3565 6614 3564 6614 3566 6614 3565 6615 3566 6615 3491 6615 3491 6616 3566 6616 3492 6616 3567 6617 3495 6617 3497 6617 3493 6618 3495 6618 3567 6618 3491 6619 3493 6619 3567 6619 3567 6620 3501 6620 3503 6620 3499 6621 3501 6621 3567 6621 3497 6622 3499 6622 3567 6622 3567 6623 3507 6623 3509 6623 3505 6624 3507 6624 3567 6624 3503 6625 3505 6625 3567 6625 3567 6626 3513 6626 3515 6626 3511 6627 3513 6627 3567 6627 3509 6628 3511 6628 3567 6628 3567 6629 3519 6629 3521 6629 3517 6630 3519 6630 3567 6630 3515 6631 3517 6631 3567 6631 3567 6632 3525 6632 3527 6632 3523 6633 3525 6633 3567 6633 3521 6634 3523 6634 3567 6634 3567 6635 3533 6635 3535 6635 3531 6636 3533 6636 3567 6636 3529 6637 3531 6637 3567 6637 3567 6638 3539 6638 3541 6638 3537 6639 3539 6639 3567 6639 3535 6640 3537 6640 3567 6640 3567 6641 3545 6641 3547 6641 3543 6642 3545 6642 3567 6642 3541 6643 3543 6643 3567 6643 3567 6644 3551 6644 3553 6644 3549 6645 3551 6645 3567 6645 3547 6646 3549 6646 3567 6646 3567 6647 3557 6647 3559 6647 3555 6648 3557 6648 3567 6648 3553 6649 3555 6649 3567 6649 3567 6650 3563 6650 3565 6650 3561 6651 3563 6651 3567 6651 3559 6652 3561 6652 3567 6652 3565 6653 3491 6653 3567 6653 3527 6654 3529 6654 3567 6654 3568 6655 3569 6655 3570 6655 3568 6656 3570 6656 3571 6656 3572 6657 3573 6657 3570 6657 3570 6658 3573 6658 3574 6658 3570 6659 3574 6659 3571 6659 3575 6660 3576 6660 3570 6660 3570 6661 3576 6661 3577 6661 3570 6662 3577 6662 3572 6662 3578 6663 3579 6663 3570 6663 3570 6664 3579 6664 3580 6664 3570 6665 3580 6665 3575 6665 3581 6666 3582 6666 3570 6666 3570 6667 3582 6667 3583 6667 3570 6668 3583 6668 3578 6668 3584 6669 3585 6669 3570 6669 3570 6670 3585 6670 3586 6670 3570 6671 3586 6671 3581 6671 3587 6672 3588 6672 3570 6672 3570 6673 3588 6673 3589 6673 3570 6674 3589 6674 3584 6674 3590 6675 3591 6675 3570 6675 3570 6676 3591 6676 3592 6676 3570 6677 3592 6677 3587 6677 3593 6678 3594 6678 3570 6678 3570 6679 3594 6679 3595 6679 3570 6680 3595 6680 3590 6680 3596 6681 3597 6681 3570 6681 3570 6682 3597 6682 3598 6682 3570 6683 3598 6683 3593 6683 3599 6684 3600 6684 3570 6684 3570 6685 3600 6685 3601 6685 3570 6686 3601 6686 3596 6686 3602 6687 3603 6687 3570 6687 3570 6688 3603 6688 3604 6688 3570 6689 3604 6689 3599 6689 3569 6690 3605 6690 3570 6690 3570 6691 3605 6691 3606 6691 3570 6692 3606 6692 3602 6692 3587 6693 3607 6693 3588 6693 3588 6694 3607 6694 3608 6694 3588 6695 3608 6695 3589 6695 3589 6696 3608 6696 3609 6696 3589 6697 3609 6697 3584 6697 3584 6698 3609 6698 3610 6698 3584 6699 3610 6699 3585 6699 3585 6700 3610 6700 3611 6700 3585 6701 3611 6701 3586 6701 3586 6702 3611 6702 3612 6702 3586 6703 3612 6703 3581 6703 3581 6704 3612 6704 3613 6704 3581 6705 3613 6705 3582 6705 3582 6706 3613 6706 3614 6706 3582 6707 3614 6707 3583 6707 3583 6708 3614 6708 3615 6708 3583 6709 3615 6709 3578 6709 3578 6710 3615 6710 3616 6710 3578 6711 3616 6711 3579 6711 3579 6712 3616 6712 3617 6712 3579 6713 3617 6713 3580 6713 3580 6714 3617 6714 3618 6714 3580 6715 3618 6715 3575 6715 3575 6716 3618 6716 3619 6716 3575 6717 3619 6717 3576 6717 3576 6718 3619 6718 3620 6718 3576 6719 3620 6719 3577 6719 3577 6720 3620 6720 3621 6720 3577 6721 3621 6721 3572 6721 3572 6722 3621 6722 3622 6722 3572 6723 3622 6723 3573 6723 3573 6724 3622 6724 3623 6724 3573 6725 3623 6725 3574 6725 3574 6726 3623 6726 3624 6726 3574 6727 3624 6727 3571 6727 3571 6728 3624 6728 3625 6728 3571 6729 3625 6729 3568 6729 3568 6730 3625 6730 3626 6730 3568 6731 3626 6731 3569 6731 3569 6732 3626 6732 3627 6732 3569 6733 3627 6733 3605 6733 3605 6734 3627 6734 3628 6734 3605 6735 3628 6735 3606 6735 3606 6736 3628 6736 3629 6736 3606 6737 3629 6737 3602 6737 3602 6738 3629 6738 3630 6738 3602 6739 3630 6739 3603 6739 3603 6740 3630 6740 3631 6740 3603 6741 3631 6741 3604 6741 3604 6742 3631 6742 3632 6742 3604 6743 3632 6743 3599 6743 3599 6744 3632 6744 3633 6744 3599 6745 3633 6745 3600 6745 3600 6746 3633 6746 3634 6746 3600 6747 3634 6747 3601 6747 3601 6748 3634 6748 3635 6748 3601 6749 3635 6749 3596 6749 3596 6750 3635 6750 3636 6750 3596 6751 3636 6751 3597 6751 3597 6752 3636 6752 3637 6752 3597 6753 3637 6753 3598 6753 3598 6754 3637 6754 3638 6754 3598 6755 3638 6755 3593 6755 3593 6756 3638 6756 3639 6756 3593 6757 3639 6757 3594 6757 3594 6758 3639 6758 3640 6758 3594 6759 3640 6759 3595 6759 3595 6760 3640 6760 3641 6760 3595 6761 3641 6761 3590 6761 3590 6762 3641 6762 3642 6762 3590 6763 3642 6763 3591 6763 3591 6764 3642 6764 3643 6764 3591 6765 3643 6765 3592 6765 3592 6766 3643 6766 3644 6766 3592 6767 3644 6767 3587 6767 3587 6768 3644 6768 3607 6768 3645 6769 3646 6769 3647 6769 3647 6770 3646 6770 3648 6770 3647 6771 3648 6771 3649 6771 3649 6772 3648 6772 3650 6772 3649 6773 3650 6773 3651 6773 3651 6774 3650 6774 3652 6774 3651 6775 3652 6775 3653 6775 3653 6776 3652 6776 3654 6776 3653 6777 3654 6777 3655 6777 3655 6778 3654 6778 3656 6778 3655 6779 3656 6779 3657 6779 3657 6780 3656 6780 3658 6780 3657 6781 3658 6781 3659 6781 3659 6782 3658 6782 3660 6782 3659 6783 3660 6783 3661 6783 3661 6784 3660 6784 3662 6784 3661 6785 3662 6785 3663 6785 3663 6786 3662 6786 3664 6786 3663 6787 3664 6787 3665 6787 3665 6788 3664 6788 3666 6788 3665 6789 3666 6789 3667 6789 3667 6790 3666 6790 3668 6790 3667 6791 3668 6791 3669 6791 3669 6792 3668 6792 3670 6792 3669 6793 3670 6793 3671 6793 3671 6794 3670 6794 3672 6794 3671 6795 3672 6795 3673 6795 3673 6796 3672 6796 3674 6796 3673 6797 3674 6797 3675 6797 3675 6798 3674 6798 3676 6798 3675 6799 3676 6799 3677 6799 3677 6800 3676 6800 3678 6800 3677 6801 3678 6801 3679 6801 3679 6802 3678 6802 3680 6802 3679 6803 3680 6803 3681 6803 3681 6804 3680 6804 3682 6804 3681 6805 3682 6805 3683 6805 3683 6806 3682 6806 3684 6806 3683 6807 3684 6807 3685 6807 3685 6808 3684 6808 3686 6808 3685 6809 3686 6809 3687 6809 3687 6810 3686 6810 3688 6810 3687 6811 3688 6811 3689 6811 3689 6812 3688 6812 3690 6812 3689 6813 3690 6813 3691 6813 3691 6814 3690 6814 3692 6814 3691 6815 3692 6815 3693 6815 3693 6816 3692 6816 3694 6816 3693 6817 3694 6817 3695 6817 3695 6818 3694 6818 3696 6818 3695 6819 3696 6819 3697 6819 3697 6820 3696 6820 3698 6820 3697 6821 3698 6821 3699 6821 3699 6822 3698 6822 3700 6822 3699 6823 3700 6823 3701 6823 3701 6824 3700 6824 3702 6824 3701 6825 3702 6825 3703 6825 3703 6826 3702 6826 3704 6826 3703 6827 3704 6827 3705 6827 3705 6828 3704 6828 3706 6828 3705 6829 3706 6829 3707 6829 3707 6830 3706 6830 3708 6830 3707 6831 3708 6831 3709 6831 3709 6832 3708 6832 3710 6832 3709 6833 3710 6833 3711 6833 3711 6834 3710 6834 3712 6834 3711 6835 3712 6835 3713 6835 3713 6836 3712 6836 3714 6836 3713 6837 3714 6837 3715 6837 3715 6838 3714 6838 3716 6838 3715 6839 3716 6839 3717 6839 3717 6840 3716 6840 3718 6840 3717 6841 3718 6841 3719 6841 3719 6842 3718 6842 3720 6842 3719 6843 3720 6843 3721 6843 3721 6844 3720 6844 3722 6844 3721 6845 3722 6845 3723 6845 3723 6846 3722 6846 3724 6846 3723 6847 3724 6847 3725 6847 3725 6848 3724 6848 3726 6848 3725 6849 3726 6849 3727 6849 3727 6850 3726 6850 3728 6850 3727 6851 3728 6851 3729 6851 3729 6852 3728 6852 3730 6852 3729 6853 3730 6853 3731 6853 3731 6854 3730 6854 3732 6854 3731 6855 3732 6855 3733 6855 3733 6856 3732 6856 3734 6856 3733 6857 3734 6857 3735 6857 3735 6858 3734 6858 3736 6858 3735 6859 3736 6859 3737 6859 3737 6860 3736 6860 3738 6860 3737 6861 3738 6861 3739 6861 3739 6862 3738 6862 3740 6862 3739 6863 3740 6863 3741 6863 3741 6864 3740 6864 3742 6864 3741 6865 3742 6865 3743 6865 3743 6866 3742 6866 3744 6866 3743 6867 3744 6867 3745 6867 3745 6868 3744 6868 3746 6868 3745 6869 3746 6869 3747 6869 3747 6870 3746 6870 3748 6870 3747 6871 3748 6871 3749 6871 3749 6872 3748 6872 3750 6872 3749 6873 3750 6873 3751 6873 3751 6874 3750 6874 3752 6874 3751 6875 3752 6875 3753 6875 3753 6876 3752 6876 3754 6876 3753 6877 3754 6877 3755 6877 3755 6878 3754 6878 3756 6878 3755 6879 3756 6879 3757 6879 3757 6880 3756 6880 3758 6880 3757 6881 3758 6881 3647 6881 3647 6882 3758 6882 3645 6882 3210 6883 3645 6883 3211 6883 3211 6884 3645 6884 3758 6884 3211 6885 3758 6885 3212 6885 3216 6886 3215 6886 3756 6886 3756 6887 3215 6887 3214 6887 3756 6888 3214 6888 3758 6888 3758 6889 3214 6889 3213 6889 3758 6890 3213 6890 3212 6890 3220 6891 3219 6891 3754 6891 3754 6892 3219 6892 3218 6892 3754 6893 3218 6893 3756 6893 3756 6894 3218 6894 3217 6894 3756 6895 3217 6895 3216 6895 3752 6896 3225 6896 3754 6896 3754 6897 3225 6897 3221 6897 3754 6898 3221 6898 3220 6898 3222 6899 3223 6899 3752 6899 3752 6900 3223 6900 3224 6900 3752 6901 3224 6901 3225 6901 3222 6902 3752 6902 3226 6902 3226 6903 3752 6903 3750 6903 3226 6904 3750 6904 3227 6904 3231 6905 3230 6905 3748 6905 3748 6906 3230 6906 3229 6906 3748 6907 3229 6907 3750 6907 3750 6908 3229 6908 3228 6908 3750 6909 3228 6909 3227 6909 3182 6910 3170 6910 3746 6910 3746 6911 3170 6911 3169 6911 3746 6912 3169 6912 3748 6912 3748 6913 3169 6913 3232 6913 3748 6914 3232 6914 3231 6914 3171 6915 3172 6915 3744 6915 2023 6916 3168 6916 2022 6916 2022 6917 3168 6917 2021 6917 3172 6918 3173 6918 3744 6918 3744 6919 3173 6919 3174 6919 3744 6920 3174 6920 3175 6920 3175 6921 3176 6921 3744 6921 3744 6922 3176 6922 3177 6922 3744 6923 3177 6923 3178 6923 3178 6924 3179 6924 3744 6924 3744 6925 3179 6925 3180 6925 3744 6926 3180 6926 3746 6926 3746 6927 3180 6927 3181 6927 3746 6928 3181 6928 3182 6928 3240 6929 3239 6929 3664 6929 3240 6930 3664 6930 3241 6930 3239 6931 3238 6931 3664 6931 3664 6932 3238 6932 3237 6932 3664 6933 3237 6933 3236 6933 3235 6934 3234 6934 2123 6934 2123 6935 3234 6935 3233 6935 2123 6936 3233 6936 2122 6936 2122 6937 3233 6937 2121 6937 3242 6938 3243 6938 3662 6938 3242 6939 3662 6939 3186 6939 3186 6940 3662 6940 3187 6940 3187 6941 3662 6941 3660 6941 3187 6942 3660 6942 3188 6942 3243 6943 3244 6943 3662 6943 3662 6944 3244 6944 3245 6944 3662 6945 3245 6945 3664 6945 3664 6946 3245 6946 3246 6946 3664 6947 3246 6947 3241 6947 3658 6948 3190 6948 3660 6948 3660 6949 3190 6949 3189 6949 3660 6950 3189 6950 3188 6950 3184 6951 3183 6951 3658 6951 3658 6952 3183 6952 3185 6952 3658 6953 3185 6953 3190 6953 3184 6954 3658 6954 3194 6954 3194 6955 3658 6955 3656 6955 3194 6956 3656 6956 3193 6956 3196 6957 3195 6957 3654 6957 3654 6958 3195 6958 3191 6958 3654 6959 3191 6959 3656 6959 3656 6960 3191 6960 3192 6960 3656 6961 3192 6961 3193 6961 3200 6962 3199 6962 3652 6962 3652 6963 3199 6963 3198 6963 3652 6964 3198 6964 3654 6964 3654 6965 3198 6965 3197 6965 3654 6966 3197 6966 3196 6966 3202 6967 3203 6967 3650 6967 3650 6968 3203 6968 3204 6968 3650 6969 3204 6969 3652 6969 3652 6970 3204 6970 3201 6970 3652 6971 3201 6971 3200 6971 3210 6972 3209 6972 3645 6972 3645 6973 3209 6973 3208 6973 3645 6974 3208 6974 3646 6974 3646 6975 3208 6975 3648 6975 3208 6976 3207 6976 3648 6976 3648 6977 3207 6977 3206 6977 3648 6978 3206 6978 3650 6978 3650 6979 3206 6979 3205 6979 3650 6980 3205 6980 3202 6980 2200 6981 2198 6981 3702 6981 3702 6982 2198 6982 3704 6982 2200 6983 3702 6983 2201 6983 2201 6984 3702 6984 3700 6984 2201 6985 3700 6985 2189 6985 3698 6986 2193 6986 3700 6986 3700 6987 2193 6987 2191 6987 3700 6988 2191 6988 2189 6988 2183 6989 2185 6989 3696 6989 3696 6990 2185 6990 2187 6990 3696 6991 2187 6991 3698 6991 3698 6992 2187 6992 2194 6992 3698 6993 2194 6993 2193 6993 2183 6994 3696 6994 2181 6994 2181 6995 3696 6995 3694 6995 2181 6996 3694 6996 2174 6996 2174 6997 3694 6997 2175 6997 2175 6998 3694 6998 3692 6998 2175 6999 3692 6999 2177 6999 3690 7000 2180 7000 3692 7000 3692 7001 2180 7001 2179 7001 3692 7002 2179 7002 2177 7002 3688 7003 2173 7003 3690 7003 3690 7004 2173 7004 2172 7004 3690 7005 2172 7005 2180 7005 2164 7006 2162 7006 3686 7006 3686 7007 2162 7007 2170 7007 3686 7008 2170 7008 3688 7008 3688 7009 2170 7009 2169 7009 3688 7010 2169 7010 2173 7010 2164 7011 3686 7011 2166 7011 2166 7012 3686 7012 3684 7012 2166 7013 3684 7013 2167 7013 2167 7014 3684 7014 2160 7014 2160 7015 3684 7015 3682 7015 2160 7016 3682 7016 2158 7016 3680 7017 2154 7017 3682 7017 3682 7018 2154 7018 2156 7018 3682 7019 2156 7019 2158 7019 3678 7020 2150 7020 3680 7020 3680 7021 2150 7021 2149 7021 3680 7022 2149 7022 2154 7022 2145 7023 2143 7023 3676 7023 3676 7024 2143 7024 2153 7024 3676 7025 2153 7025 3678 7025 3678 7026 2153 7026 2152 7026 3678 7027 2152 7027 2150 7027 2145 7028 3676 7028 2147 7028 2147 7029 3676 7029 3674 7029 2147 7030 3674 7030 2148 7030 2148 7031 3674 7031 2141 7031 2141 7032 3674 7032 3672 7032 2141 7033 3672 7033 2139 7033 3670 7034 2135 7034 3672 7034 3672 7035 2135 7035 2137 7035 3672 7036 2137 7036 2139 7036 2131 7037 2129 7037 3668 7037 3668 7038 2129 7038 2127 7038 3668 7039 2127 7039 3670 7039 3670 7040 2127 7040 2126 7040 3670 7041 2126 7041 2135 7041 2131 7042 3668 7042 2133 7042 2133 7043 3668 7043 3666 7043 2133 7044 3666 7044 2134 7044 2134 7045 3666 7045 2125 7045 2125 7046 3666 7046 3664 7046 2125 7047 3664 7047 2123 7047 2123 7048 3664 7048 3236 7048 2123 7049 3236 7049 3235 7049 3168 7050 3171 7050 2021 7050 2021 7051 3171 7051 3744 7051 2021 7052 3744 7052 2019 7052 2019 7053 3744 7053 3742 7053 3740 7054 2015 7054 3742 7054 3742 7055 2015 7055 2014 7055 3742 7056 2014 7056 2019 7056 2010 7057 2008 7057 3738 7057 3738 7058 2008 7058 2018 7058 3738 7059 2018 7059 3740 7059 3740 7060 2018 7060 2017 7060 3740 7061 2017 7061 2015 7061 2010 7062 3738 7062 2012 7062 2012 7063 3738 7063 3736 7063 2012 7064 3736 7064 2013 7064 2013 7065 3736 7065 2006 7065 2006 7066 3736 7066 3734 7066 2006 7067 3734 7067 2004 7067 3732 7068 2000 7068 3734 7068 3734 7069 2000 7069 2002 7069 3734 7070 2002 7070 2004 7070 1998 7071 1996 7071 3730 7071 3730 7072 1996 7072 1994 7072 3730 7073 1994 7073 3732 7073 3732 7074 1994 7074 1993 7074 3732 7075 1993 7075 2000 7075 1998 7076 3730 7076 1999 7076 1999 7077 3730 7077 3728 7077 1999 7078 3728 7078 1991 7078 1991 7079 3728 7079 1992 7079 1992 7080 3728 7080 3726 7080 1992 7081 3726 7081 1988 7081 1988 7082 3726 7082 1989 7082 1989 7083 3726 7083 3724 7083 1989 7084 3724 7084 1981 7084 3722 7085 1985 7085 3724 7085 3724 7086 1985 7086 1983 7086 3724 7087 1983 7087 1981 7087 1975 7088 1977 7088 3720 7088 3720 7089 1977 7089 1979 7089 3720 7090 1979 7090 3722 7090 3722 7091 1979 7091 1986 7091 3722 7092 1986 7092 1985 7092 1975 7093 3720 7093 1973 7093 1973 7094 3720 7094 3718 7094 1973 7095 3718 7095 1968 7095 1968 7096 3718 7096 1969 7096 1969 7097 3718 7097 3716 7097 1969 7098 3716 7098 1971 7098 1971 7099 3716 7099 1972 7099 1972 7100 3716 7100 3714 7100 1972 7101 3714 7101 1962 7101 3712 7102 1966 7102 3714 7102 3714 7103 1966 7103 1964 7103 3714 7104 1964 7104 1962 7104 1956 7105 1958 7105 3710 7105 3710 7106 1958 7106 1960 7106 3710 7107 1960 7107 3712 7107 3712 7108 1960 7108 1967 7108 3712 7109 1967 7109 1966 7109 1956 7110 3710 7110 1954 7110 1954 7111 3710 7111 3708 7111 1954 7112 3708 7112 1947 7112 1947 7113 3708 7113 1948 7113 1948 7114 3708 7114 3706 7114 1948 7115 3706 7115 1950 7115 2198 7116 2196 7116 3704 7116 3704 7117 2196 7117 2195 7117 3704 7118 2195 7118 3706 7118 3706 7119 2195 7119 1952 7119 3706 7120 1952 7120 1950 7120 3759 7121 3705 7121 3760 7121 3760 7122 3705 7122 3707 7122 3760 7123 3707 7123 3761 7123 3761 7124 3707 7124 3709 7124 3761 7125 3709 7125 3762 7125 3762 7126 3709 7126 3711 7126 3762 7127 3711 7127 3763 7127 3763 7128 3711 7128 3713 7128 3763 7129 3713 7129 3764 7129 3764 7130 3713 7130 3715 7130 3764 7131 3715 7131 3765 7131 3765 7132 3715 7132 3717 7132 3765 7133 3717 7133 3766 7133 3766 7134 3717 7134 3719 7134 3766 7135 3719 7135 3767 7135 3767 7136 3719 7136 3721 7136 3767 7137 3721 7137 3768 7137 3768 7138 3721 7138 3723 7138 3768 7139 3723 7139 3769 7139 3769 7140 3723 7140 3725 7140 3769 7141 3725 7141 3770 7141 3770 7142 3725 7142 3727 7142 3770 7143 3727 7143 3771 7143 3771 7144 3727 7144 3729 7144 3771 7145 3729 7145 3772 7145 3772 7146 3729 7146 3731 7146 3772 7147 3731 7147 3773 7147 3773 7148 3731 7148 3733 7148 3773 7149 3733 7149 3774 7149 3774 7150 3733 7150 3735 7150 3774 7151 3735 7151 3775 7151 3775 7152 3735 7152 3737 7152 3775 7153 3737 7153 3776 7153 3776 7154 3737 7154 3739 7154 3776 7155 3739 7155 3777 7155 3777 7156 3739 7156 3741 7156 3777 7157 3741 7157 3778 7157 3778 7158 3741 7158 3743 7158 3778 7159 3743 7159 3779 7159 3779 7160 3743 7160 3745 7160 3779 7161 3745 7161 3780 7161 3780 7162 3745 7162 3747 7162 3780 7163 3747 7163 3781 7163 3781 7164 3747 7164 3749 7164 3781 7165 3749 7165 3782 7165 3782 7166 3749 7166 3751 7166 3782 7167 3751 7167 3783 7167 3783 7168 3751 7168 3753 7168 3783 7169 3753 7169 3784 7169 3784 7170 3753 7170 3755 7170 3784 7171 3755 7171 3785 7171 3785 7172 3755 7172 3757 7172 3785 7173 3757 7173 3786 7173 3786 7174 3757 7174 3647 7174 3786 7175 3647 7175 3787 7175 3787 7176 3647 7176 3649 7176 3787 7177 3649 7177 3788 7177 3788 7178 3649 7178 3651 7178 3788 7179 3651 7179 3789 7179 3789 7180 3651 7180 3653 7180 3789 7181 3653 7181 3790 7181 3790 7182 3653 7182 3655 7182 3790 7183 3655 7183 3791 7183 3791 7184 3655 7184 3657 7184 3791 7185 3657 7185 3792 7185 3792 7186 3657 7186 3659 7186 3792 7187 3659 7187 3793 7187 3793 7188 3659 7188 3661 7188 3793 7189 3661 7189 3794 7189 3794 7190 3661 7190 3663 7190 3794 7191 3663 7191 3795 7191 3795 7192 3663 7192 3665 7192 3795 7193 3665 7193 3796 7193 3796 7194 3665 7194 3667 7194 3796 7195 3667 7195 3797 7195 3797 7196 3667 7196 3669 7196 3797 7197 3669 7197 3798 7197 3798 7198 3669 7198 3671 7198 3798 7199 3671 7199 3799 7199 3799 7200 3671 7200 3673 7200 3799 7201 3673 7201 3800 7201 3800 7202 3673 7202 3675 7202 3800 7203 3675 7203 3801 7203 3801 7204 3675 7204 3677 7204 3801 7205 3677 7205 3802 7205 3802 7206 3677 7206 3679 7206 3802 7207 3679 7207 3803 7207 3803 7208 3679 7208 3681 7208 3803 7209 3681 7209 3804 7209 3804 7210 3681 7210 3683 7210 3804 7211 3683 7211 3805 7211 3805 7212 3683 7212 3685 7212 3805 7213 3685 7213 3806 7213 3806 7214 3685 7214 3687 7214 3806 7215 3687 7215 3807 7215 3807 7216 3687 7216 3689 7216 3807 7217 3689 7217 3808 7217 3808 7218 3689 7218 3691 7218 3808 7219 3691 7219 3809 7219 3809 7220 3691 7220 3693 7220 3809 7221 3693 7221 3810 7221 3810 7222 3693 7222 3695 7222 3810 7223 3695 7223 3811 7223 3811 7224 3695 7224 3697 7224 3811 7225 3697 7225 3812 7225 3812 7226 3697 7226 3699 7226 3812 7227 3699 7227 3813 7227 3813 7228 3699 7228 3701 7228 3813 7229 3701 7229 3814 7229 3814 7230 3701 7230 3703 7230 3814 7231 3703 7231 3759 7231 3759 7232 3703 7232 3705 7232 3815 7233 3482 7233 3480 7233 3464 7234 3462 7234 3481 7234 3462 7235 3460 7235 3481 7235 3481 7236 3460 7236 3458 7236 3481 7237 3458 7237 3456 7237 3456 7238 3454 7238 3481 7238 3481 7239 3454 7239 3452 7239 3481 7240 3452 7240 3450 7240 3448 7241 3446 7241 3816 7241 3816 7242 3446 7242 3444 7242 3816 7243 3444 7243 3442 7243 3428 7244 3426 7244 3817 7244 3817 7245 3426 7245 3818 7245 3485 7246 3468 7246 3481 7246 3481 7247 3468 7247 3466 7247 3481 7248 3466 7248 3464 7248 3450 7249 3448 7249 3481 7249 3481 7250 3448 7250 3816 7250 3481 7251 3816 7251 3480 7251 3480 7252 3816 7252 3819 7252 3480 7253 3819 7253 3815 7253 3426 7254 3424 7254 3818 7254 3818 7255 3424 7255 3422 7255 3818 7256 3422 7256 3820 7256 3821 7257 3476 7257 3822 7257 3822 7258 3476 7258 3474 7258 3822 7259 3474 7259 3823 7259 3823 7260 3474 7260 3472 7260 3823 7261 3472 7261 3485 7261 3485 7262 3472 7262 3470 7262 3485 7263 3470 7263 3468 7263 3442 7264 3440 7264 3816 7264 3816 7265 3440 7265 3438 7265 3816 7266 3438 7266 3436 7266 3817 7267 3824 7267 3428 7267 3428 7268 3824 7268 3825 7268 3428 7269 3825 7269 3430 7269 3430 7270 3825 7270 3826 7270 3430 7271 3826 7271 3432 7271 3432 7272 3826 7272 3816 7272 3432 7273 3816 7273 3434 7273 3434 7274 3816 7274 3436 7274 3422 7275 3420 7275 3820 7275 3820 7276 3420 7276 3418 7276 3820 7277 3418 7277 3827 7277 3827 7278 3418 7278 3416 7278 3416 7279 3414 7279 3827 7279 3827 7280 3414 7280 3412 7280 3827 7281 3412 7281 3828 7281 3412 7282 3410 7282 3828 7282 3828 7283 3410 7283 3408 7283 3828 7284 3408 7284 3829 7284 3408 7285 3406 7285 3829 7285 3829 7286 3406 7286 3404 7286 3829 7287 3404 7287 3821 7287 3821 7288 3404 7288 3402 7288 3821 7289 3402 7289 3476 7289 3341 7290 3339 7290 3815 7290 3815 7291 3339 7291 3337 7291 3337 7292 3335 7292 3815 7292 3815 7293 3335 7293 3333 7293 3815 7294 3333 7294 3830 7294 3830 7295 3333 7295 3331 7295 3830 7296 3331 7296 3831 7296 3831 7297 3331 7297 3329 7297 3831 7298 3329 7298 3832 7298 3833 7299 3379 7299 3834 7299 3834 7300 3379 7300 3377 7300 3834 7301 3377 7301 3835 7301 3835 7302 3377 7302 3375 7302 3349 7303 3347 7303 3819 7303 3819 7304 3347 7304 3345 7304 3819 7305 3345 7305 3815 7305 3815 7306 3345 7306 3343 7306 3815 7307 3343 7307 3341 7307 3329 7308 3327 7308 3832 7308 3832 7309 3327 7309 3325 7309 3832 7310 3325 7310 3836 7310 3837 7311 3393 7311 3838 7311 3838 7312 3393 7312 3391 7312 3391 7313 3389 7313 3838 7313 3838 7314 3389 7314 3387 7314 3838 7315 3387 7315 3839 7315 3387 7316 3385 7316 3839 7316 3839 7317 3385 7317 3383 7317 3839 7318 3383 7318 3833 7318 3833 7319 3383 7319 3381 7319 3833 7320 3381 7320 3379 7320 3371 7321 3840 7321 3373 7321 3373 7322 3840 7322 3841 7322 3373 7323 3841 7323 3375 7323 3375 7324 3841 7324 3842 7324 3375 7325 3842 7325 3835 7325 3363 7326 3361 7326 3819 7326 3361 7327 3359 7327 3819 7327 3819 7328 3359 7328 3357 7328 3819 7329 3357 7329 3355 7329 3355 7330 3353 7330 3819 7330 3819 7331 3353 7331 3351 7331 3819 7332 3351 7332 3349 7332 3325 7333 3399 7333 3836 7333 3836 7334 3399 7334 3397 7334 3836 7335 3397 7335 3837 7335 3837 7336 3397 7336 3395 7336 3837 7337 3395 7337 3393 7337 3371 7338 3369 7338 3840 7338 3840 7339 3369 7339 3367 7339 3840 7340 3367 7340 3819 7340 3819 7341 3367 7341 3365 7341 3819 7342 3365 7342 3363 7342 3258 7343 3819 7343 3260 7343 3260 7344 3819 7344 3262 7344 3258 7345 3256 7345 3819 7345 3819 7346 3256 7346 3254 7346 3819 7347 3254 7347 3252 7347 3304 7348 3302 7348 3843 7348 3843 7349 3302 7349 3300 7349 3843 7350 3300 7350 3844 7350 3276 7351 3274 7351 3845 7351 3845 7352 3274 7352 3272 7352 3845 7353 3272 7353 3270 7353 3316 7354 3314 7354 3846 7354 3304 7355 3843 7355 3306 7355 3306 7356 3843 7356 3847 7356 3306 7357 3847 7357 3308 7357 3308 7358 3847 7358 3848 7358 3308 7359 3848 7359 3310 7359 3294 7360 3849 7360 3296 7360 3296 7361 3849 7361 3844 7361 3296 7362 3844 7362 3298 7362 3298 7363 3844 7363 3300 7363 3294 7364 3292 7364 3849 7364 3849 7365 3292 7365 3290 7365 3849 7366 3290 7366 3850 7366 3850 7367 3290 7367 3288 7367 3270 7368 3268 7368 3845 7368 3845 7369 3268 7369 3266 7369 3845 7370 3266 7370 3819 7370 3819 7371 3266 7371 3264 7371 3819 7372 3264 7372 3262 7372 3252 7373 3250 7373 3819 7373 3819 7374 3250 7374 3248 7374 3819 7375 3248 7375 3840 7375 3840 7376 3248 7376 3322 7376 3840 7377 3322 7377 3320 7377 3320 7378 3318 7378 3840 7378 3840 7379 3318 7379 3316 7379 3840 7380 3316 7380 3851 7380 3851 7381 3316 7381 3846 7381 3310 7382 3848 7382 3312 7382 3312 7383 3848 7383 3852 7383 3312 7384 3852 7384 3314 7384 3314 7385 3852 7385 3853 7385 3314 7386 3853 7386 3846 7386 3288 7387 3286 7387 3850 7387 3850 7388 3286 7388 3284 7388 3850 7389 3284 7389 3854 7389 3854 7390 3284 7390 3282 7390 3854 7391 3282 7391 3855 7391 3855 7392 3282 7392 3280 7392 3855 7393 3280 7393 3845 7393 3845 7394 3280 7394 3278 7394 3845 7395 3278 7395 3276 7395 3498 7396 3496 7396 3816 7396 3498 7397 3816 7397 3500 7397 3500 7398 3816 7398 3856 7398 3500 7399 3856 7399 3502 7399 3558 7400 3556 7400 3819 7400 3819 7401 3556 7401 3554 7401 3819 7402 3554 7402 3552 7402 3857 7403 3518 7403 3858 7403 3858 7404 3518 7404 3516 7404 3516 7405 3514 7405 3858 7405 3858 7406 3514 7406 3512 7406 3858 7407 3512 7407 3859 7407 3859 7408 3512 7408 3510 7408 3859 7409 3510 7409 3860 7409 3564 7410 3562 7410 3819 7410 3819 7411 3562 7411 3560 7411 3819 7412 3560 7412 3558 7412 3608 7413 3607 7413 3819 7413 3819 7414 3607 7414 3644 7414 3819 7415 3644 7415 3643 7415 3861 7416 3862 7416 3630 7416 3856 7417 3863 7417 3502 7417 3502 7418 3863 7418 3864 7418 3502 7419 3864 7419 3504 7419 3504 7420 3864 7420 3865 7420 3504 7421 3865 7421 3506 7421 3506 7422 3865 7422 3860 7422 3506 7423 3860 7423 3508 7423 3508 7424 3860 7424 3510 7424 3496 7425 3494 7425 3816 7425 3816 7426 3494 7426 3492 7426 3816 7427 3492 7427 3819 7427 3819 7428 3492 7428 3566 7428 3819 7429 3566 7429 3564 7429 3620 7430 3619 7430 3552 7430 3643 7431 3642 7431 3819 7431 3819 7432 3642 7432 3641 7432 3819 7433 3641 7433 3640 7433 3526 7434 3866 7434 3528 7434 3528 7435 3866 7435 3867 7435 3528 7436 3867 7436 3530 7436 3530 7437 3867 7437 3532 7437 3526 7438 3524 7438 3866 7438 3866 7439 3524 7439 3522 7439 3866 7440 3522 7440 3857 7440 3857 7441 3522 7441 3520 7441 3857 7442 3520 7442 3518 7442 3546 7443 3623 7443 3548 7443 3548 7444 3623 7444 3622 7444 3548 7445 3622 7445 3550 7445 3550 7446 3622 7446 3552 7446 3552 7447 3622 7447 3621 7447 3552 7448 3621 7448 3620 7448 3532 7449 3867 7449 3534 7449 3534 7450 3867 7450 3868 7450 3534 7451 3868 7451 3536 7451 3536 7452 3868 7452 3869 7452 3536 7453 3869 7453 3538 7453 3538 7454 3869 7454 3870 7454 3538 7455 3870 7455 3540 7455 3540 7456 3870 7456 3871 7456 3540 7457 3871 7457 3542 7457 3542 7458 3871 7458 3872 7458 3542 7459 3872 7459 3873 7459 3636 7460 3635 7460 3845 7460 3635 7461 3634 7461 3845 7461 3845 7462 3634 7462 3633 7462 3845 7463 3633 7463 3874 7463 3874 7464 3633 7464 3632 7464 3874 7465 3632 7465 3862 7465 3862 7466 3632 7466 3631 7466 3862 7467 3631 7467 3630 7467 3861 7468 3624 7468 3623 7468 3552 7469 3613 7469 3612 7469 3612 7470 3611 7470 3552 7470 3552 7471 3611 7471 3610 7471 3552 7472 3610 7472 3819 7472 3819 7473 3610 7473 3609 7473 3819 7474 3609 7474 3608 7474 3640 7475 3639 7475 3819 7475 3819 7476 3639 7476 3638 7476 3819 7477 3638 7477 3845 7477 3845 7478 3638 7478 3637 7478 3845 7479 3637 7479 3636 7479 3630 7480 3629 7480 3861 7480 3861 7481 3629 7481 3628 7481 3861 7482 3628 7482 3627 7482 3873 7483 3861 7483 3542 7483 3542 7484 3861 7484 3623 7484 3542 7485 3623 7485 3544 7485 3544 7486 3623 7486 3546 7486 3619 7487 3618 7487 3552 7487 3552 7488 3618 7488 3617 7488 3552 7489 3617 7489 3616 7489 3627 7490 3626 7490 3861 7490 3861 7491 3626 7491 3625 7491 3861 7492 3625 7492 3624 7492 3616 7493 3615 7493 3552 7493 3552 7494 3615 7494 3614 7494 3552 7495 3614 7495 3613 7495 3806 7496 3875 7496 3805 7496 3805 7497 3875 7497 3876 7497 3805 7498 3876 7498 3804 7498 3804 7499 3876 7499 3877 7499 3804 7500 3877 7500 3803 7500 3803 7501 3877 7501 3878 7501 3803 7502 3878 7502 3802 7502 3802 7503 3878 7503 3879 7503 3802 7504 3879 7504 3801 7504 3801 7505 3879 7505 3880 7505 3801 7506 3880 7506 3800 7506 3800 7507 3880 7507 3881 7507 3800 7508 3881 7508 3799 7508 3799 7509 3881 7509 3882 7509 3799 7510 3882 7510 3798 7510 3798 7511 3882 7511 3883 7511 3798 7512 3883 7512 3797 7512 3797 7513 3883 7513 3884 7513 3797 7514 3884 7514 3796 7514 3796 7515 3884 7515 3885 7515 3796 7516 3885 7516 3795 7516 3795 7517 3885 7517 3886 7517 3795 7518 3886 7518 3794 7518 3794 7519 3886 7519 3887 7519 3794 7520 3887 7520 3793 7520 3793 7521 3887 7521 3888 7521 3793 7522 3888 7522 3792 7522 3792 7523 3888 7523 3889 7523 3792 7524 3889 7524 3791 7524 3791 7525 3889 7525 3890 7525 3791 7526 3890 7526 3790 7526 3790 7527 3890 7527 3891 7527 3790 7528 3891 7528 3789 7528 3789 7529 3891 7529 3892 7529 3789 7530 3892 7530 3788 7530 3788 7531 3892 7531 3893 7531 3788 7532 3893 7532 3787 7532 3787 7533 3893 7533 3894 7533 3894 7534 3895 7534 3787 7534 3787 7535 3895 7535 3896 7535 3787 7536 3896 7536 3786 7536 3786 7537 3896 7537 3897 7537 3786 7538 3897 7538 3785 7538 3785 7539 3897 7539 3898 7539 3785 7540 3898 7540 3784 7540 3784 7541 3898 7541 3899 7541 3784 7542 3899 7542 3783 7542 3783 7543 3899 7543 3900 7543 3783 7544 3900 7544 3782 7544 3782 7545 3900 7545 3901 7545 3782 7546 3901 7546 3781 7546 3781 7547 3901 7547 3902 7547 3781 7548 3902 7548 3780 7548 3780 7549 3902 7549 3903 7549 3780 7550 3903 7550 3779 7550 3779 7551 3903 7551 3904 7551 3779 7552 3904 7552 3778 7552 3778 7553 3904 7553 3905 7553 3778 7554 3905 7554 3777 7554 3777 7555 3905 7555 3906 7555 3777 7556 3906 7556 3776 7556 3776 7557 3906 7557 3907 7557 3776 7558 3907 7558 3775 7558 3775 7559 3907 7559 3908 7559 3775 7560 3908 7560 3774 7560 3774 7561 3908 7561 3909 7561 3774 7562 3909 7562 3773 7562 3773 7563 3909 7563 3910 7563 3773 7564 3910 7564 3772 7564 3772 7565 3910 7565 3911 7565 3772 7566 3911 7566 3771 7566 3771 7567 3911 7567 3912 7567 3771 7568 3912 7568 3770 7568 3770 7569 3912 7569 3913 7569 3770 7570 3913 7570 3769 7570 3769 7571 3913 7571 3914 7571 3769 7572 3914 7572 3768 7572 3914 7573 3915 7573 3768 7573 3768 7574 3915 7574 3916 7574 3768 7575 3916 7575 3767 7575 3767 7576 3916 7576 3917 7576 3767 7577 3917 7577 3766 7577 3766 7578 3917 7578 3918 7578 3766 7579 3918 7579 3765 7579 3765 7580 3918 7580 3919 7580 3765 7581 3919 7581 3764 7581 3764 7582 3919 7582 3920 7582 3764 7583 3920 7583 3763 7583 3763 7584 3920 7584 3921 7584 3763 7585 3921 7585 3762 7585 3762 7586 3921 7586 3922 7586 3762 7587 3922 7587 3761 7587 3761 7588 3922 7588 3923 7588 3761 7589 3923 7589 3760 7589 3760 7590 3923 7590 3924 7590 3760 7591 3924 7591 3759 7591 3759 7592 3924 7592 3925 7592 3759 7593 3925 7593 3814 7593 3814 7594 3925 7594 3926 7594 3814 7595 3926 7595 3813 7595 3813 7596 3926 7596 3927 7596 3813 7597 3927 7597 3812 7597 3812 7598 3927 7598 3928 7598 3812 7599 3928 7599 3811 7599 3811 7600 3928 7600 3929 7600 3811 7601 3929 7601 3810 7601 3810 7602 3929 7602 3930 7602 3810 7603 3930 7603 3809 7603 3809 7604 3930 7604 3931 7604 3809 7605 3931 7605 3808 7605 3808 7606 3931 7606 3932 7606 3808 7607 3932 7607 3807 7607 3807 7608 3932 7608 3933 7608 3807 7609 3933 7609 3806 7609 3806 7610 3933 7610 3934 7610 3806 7611 3934 7611 3875 7611 3482 7612 3815 7612 3483 7612 3483 7613 3815 7613 3928 7613 3483 7614 3928 7614 3487 7614 3928 7615 3927 7615 3487 7615 3487 7616 3927 7616 3926 7616 3487 7617 3926 7617 3488 7617 3488 7618 3926 7618 3925 7618 3488 7619 3925 7619 3489 7619 3489 7620 3925 7620 3924 7620 3489 7621 3924 7621 3490 7621 3490 7622 3924 7622 3923 7622 3823 7623 3485 7623 3484 7623 3815 7624 3830 7624 3928 7624 3928 7625 3830 7625 3831 7625 3928 7626 3831 7626 3929 7626 3929 7627 3831 7627 3832 7627 3929 7628 3832 7628 3930 7628 3930 7629 3832 7629 3836 7629 3930 7630 3836 7630 3931 7630 3931 7631 3836 7631 3837 7631 3931 7632 3837 7632 3932 7632 3932 7633 3837 7633 3838 7633 3932 7634 3838 7634 3933 7634 3933 7635 3838 7635 3839 7635 3933 7636 3839 7636 3934 7636 3934 7637 3839 7637 3833 7637 3934 7638 3833 7638 3875 7638 3875 7639 3833 7639 3834 7639 3875 7640 3834 7640 3876 7640 3876 7641 3834 7641 3835 7641 3876 7642 3835 7642 3877 7642 3877 7643 3835 7643 3842 7643 3877 7644 3842 7644 3878 7644 3878 7645 3842 7645 3841 7645 3878 7646 3841 7646 3879 7646 3879 7647 3841 7647 3840 7647 3879 7648 3840 7648 3880 7648 3840 7649 3851 7649 3880 7649 3880 7650 3851 7650 3846 7650 3880 7651 3846 7651 3881 7651 3881 7652 3846 7652 3853 7652 3881 7653 3853 7653 3882 7653 3882 7654 3853 7654 3852 7654 3882 7655 3852 7655 3883 7655 3883 7656 3852 7656 3848 7656 3883 7657 3848 7657 3884 7657 3884 7658 3848 7658 3847 7658 3884 7659 3847 7659 3885 7659 3885 7660 3847 7660 3843 7660 3885 7661 3843 7661 3886 7661 3886 7662 3843 7662 3844 7662 3886 7663 3844 7663 3887 7663 3887 7664 3844 7664 3849 7664 3887 7665 3849 7665 3888 7665 3888 7666 3849 7666 3850 7666 3888 7667 3850 7667 3889 7667 3889 7668 3850 7668 3854 7668 3889 7669 3854 7669 3890 7669 3890 7670 3854 7670 3855 7670 3890 7671 3855 7671 3891 7671 3891 7672 3855 7672 3845 7672 3891 7673 3845 7673 3892 7673 3845 7674 3874 7674 3892 7674 3892 7675 3874 7675 3862 7675 3892 7676 3862 7676 3893 7676 3893 7677 3862 7677 3861 7677 3893 7678 3861 7678 3894 7678 3894 7679 3861 7679 3873 7679 3894 7680 3873 7680 3895 7680 3895 7681 3873 7681 3872 7681 3895 7682 3872 7682 3896 7682 3896 7683 3872 7683 3871 7683 3896 7684 3871 7684 3897 7684 3897 7685 3871 7685 3870 7685 3897 7686 3870 7686 3898 7686 3898 7687 3870 7687 3869 7687 3898 7688 3869 7688 3899 7688 3899 7689 3869 7689 3868 7689 3899 7690 3868 7690 3900 7690 3900 7691 3868 7691 3867 7691 3900 7692 3867 7692 3901 7692 3901 7693 3867 7693 3866 7693 3901 7694 3866 7694 3902 7694 3902 7695 3866 7695 3857 7695 3902 7696 3857 7696 3903 7696 3903 7697 3857 7697 3858 7697 3903 7698 3858 7698 3904 7698 3904 7699 3858 7699 3859 7699 3904 7700 3859 7700 3905 7700 3905 7701 3859 7701 3860 7701 3905 7702 3860 7702 3906 7702 3906 7703 3860 7703 3865 7703 3906 7704 3865 7704 3907 7704 3907 7705 3865 7705 3864 7705 3907 7706 3864 7706 3908 7706 3908 7707 3864 7707 3863 7707 3908 7708 3863 7708 3909 7708 3909 7709 3863 7709 3856 7709 3909 7710 3856 7710 3910 7710 3910 7711 3856 7711 3816 7711 3910 7712 3816 7712 3911 7712 3816 7713 3826 7713 3911 7713 3911 7714 3826 7714 3825 7714 3911 7715 3825 7715 3912 7715 3912 7716 3825 7716 3824 7716 3912 7717 3824 7717 3913 7717 3913 7718 3824 7718 3817 7718 3913 7719 3817 7719 3914 7719 3914 7720 3817 7720 3818 7720 3914 7721 3818 7721 3915 7721 3915 7722 3818 7722 3820 7722 3915 7723 3820 7723 3916 7723 3916 7724 3820 7724 3827 7724 3916 7725 3827 7725 3917 7725 3917 7726 3827 7726 3828 7726 3917 7727 3828 7727 3918 7727 3918 7728 3828 7728 3829 7728 3918 7729 3829 7729 3919 7729 3919 7730 3829 7730 3821 7730 3919 7731 3821 7731 3920 7731 3920 7732 3821 7732 3822 7732 3920 7733 3822 7733 3921 7733 3921 7734 3822 7734 3823 7734 3921 7735 3823 7735 3922 7735 3922 7736 3823 7736 3484 7736 3922 7737 3484 7737 3923 7737 3923 7738 3484 7738 3486 7738 3923 7739 3486 7739 3490 7739 617 7740 2316 7740 618 7740 618 7741 2316 7741 2318 7741 618 7742 2318 7742 619 7742 619 7743 2318 7743 2320 7743 619 7744 2320 7744 620 7744 649 7745 2260 7745 650 7745 650 7746 2260 7746 2262 7746 650 7747 2262 7747 651 7747 615 7748 2310 7748 616 7748 616 7749 2310 7749 2312 7749 616 7750 2312 7750 617 7750 617 7751 2312 7751 2314 7751 617 7752 2314 7752 2316 7752 613 7753 2304 7753 614 7753 614 7754 2304 7754 2306 7754 614 7755 2306 7755 615 7755 615 7756 2306 7756 2308 7756 615 7757 2308 7757 2310 7757 2280 7758 611 7758 2278 7758 2278 7759 611 7759 612 7759 653 7760 2272 7760 654 7760 654 7761 2272 7761 2274 7761 654 7762 2274 7762 612 7762 612 7763 2274 7763 2276 7763 612 7764 2276 7764 2278 7764 2262 7765 2264 7765 651 7765 651 7766 2264 7766 2266 7766 651 7767 2266 7767 652 7767 652 7768 2266 7768 2268 7768 652 7769 2268 7769 653 7769 653 7770 2268 7770 2270 7770 653 7771 2270 7771 2272 7771 2350 7772 631 7772 630 7772 2320 7773 2322 7773 620 7773 620 7774 2322 7774 2324 7774 620 7775 2324 7775 621 7775 621 7776 2324 7776 2326 7776 621 7777 2326 7777 622 7777 622 7778 2326 7778 2328 7778 622 7779 2328 7779 623 7779 623 7780 2328 7780 2330 7780 623 7781 2330 7781 624 7781 624 7782 2330 7782 2332 7782 624 7783 2332 7783 625 7783 644 7784 2248 7784 645 7784 645 7785 2248 7785 2250 7785 645 7786 2250 7786 646 7786 646 7787 2250 7787 2252 7787 646 7788 2252 7788 647 7788 647 7789 2252 7789 2254 7789 647 7790 2254 7790 648 7790 648 7791 2254 7791 2256 7791 648 7792 2256 7792 649 7792 649 7793 2256 7793 2258 7793 649 7794 2258 7794 2260 7794 638 7795 2232 7795 639 7795 639 7796 2232 7796 2234 7796 639 7797 2234 7797 640 7797 640 7798 2234 7798 2236 7798 640 7799 2236 7799 641 7799 628 7800 2344 7800 629 7800 629 7801 2344 7801 2346 7801 629 7802 2346 7802 630 7802 630 7803 2346 7803 2348 7803 630 7804 2348 7804 2350 7804 2332 7805 2334 7805 625 7805 625 7806 2334 7806 2336 7806 625 7807 2336 7807 626 7807 626 7808 2336 7808 2338 7808 626 7809 2338 7809 627 7809 627 7810 2338 7810 2340 7810 627 7811 2340 7811 628 7811 628 7812 2340 7812 2342 7812 628 7813 2342 7813 2344 7813 2280 7814 2282 7814 611 7814 611 7815 2282 7815 2284 7815 611 7816 2284 7816 2286 7816 2292 7817 2294 7817 611 7817 611 7818 2294 7818 2296 7818 2236 7819 2238 7819 641 7819 641 7820 2238 7820 2240 7820 641 7821 2240 7821 642 7821 642 7822 2240 7822 2242 7822 642 7823 2242 7823 643 7823 643 7824 2242 7824 2244 7824 643 7825 2244 7825 644 7825 644 7826 2244 7826 2246 7826 644 7827 2246 7827 2248 7827 636 7828 2226 7828 637 7828 637 7829 2226 7829 2228 7829 637 7830 2228 7830 638 7830 638 7831 2228 7831 2230 7831 638 7832 2230 7832 2232 7832 635 7833 2222 7833 636 7833 636 7834 2222 7834 2224 7834 636 7835 2224 7835 2226 7835 2286 7836 2288 7836 611 7836 611 7837 2288 7837 2290 7837 611 7838 2290 7838 2292 7838 2296 7839 2298 7839 611 7839 611 7840 2298 7840 2300 7840 611 7841 2300 7841 613 7841 613 7842 2300 7842 2302 7842 613 7843 2302 7843 2304 7843 2204 7844 2206 7844 634 7844 634 7845 2206 7845 2208 7845 2350 7846 2352 7846 631 7846 631 7847 2352 7847 2354 7847 631 7848 2354 7848 632 7848 632 7849 2354 7849 2356 7849 632 7850 2356 7850 633 7850 633 7851 2356 7851 2358 7851 633 7852 2358 7852 634 7852 634 7853 2358 7853 2360 7853 634 7854 2360 7854 2362 7854 2208 7855 2210 7855 634 7855 634 7856 2210 7856 2212 7856 634 7857 2212 7857 2214 7857 2214 7858 2216 7858 634 7858 634 7859 2216 7859 2218 7859 634 7860 2218 7860 635 7860 635 7861 2218 7861 2220 7861 635 7862 2220 7862 2222 7862 2362 7863 2364 7863 634 7863 634 7864 2364 7864 2202 7864 634 7865 2202 7865 2204 7865</p>
        </triangles>
      </mesh>
    </geometry>
  </library_geometries>
  <library_visual_scenes>
    <visual_scene id="Scene" name="Scene">
      <node id="RP_LIDAR" name="RP_LIDAR" type="NODE">
        <matrix sid="transform">0.001 0 0 0 0 -4.37114e-11 -0.001 0 0 0.001 -4.37114e-11 0 0 0 0 1</matrix>
        <instance_geometry url="#RP_LIDAR-mesh" name="RP_LIDAR">
          <bind_material>
            <technique_common>
              <instance_material symbol="Material_001-material" target="#Material_001-material"/>
            </technique_common>
          </bind_material>
        </instance_geometry>
      </node>
      <node id="Camera" name="Camera" type="NODE">
        <matrix sid="transform">0.6859207 -0.3240135 0.6515582 7.358891 0.7276763 0.3054208 -0.6141704 -6.925791 0 0.8953956 0.4452714 4.958309 0 0 0 1</matrix>
        <instance_camera url="#Camera-camera"/>
      </node>
      <node id="Light" name="Light" type="NODE">
        <matrix sid="transform">-0.2908646 -0.7711008 0.5663932 4.076245 0.9551712 -0.1998834 0.2183912 1.005454 -0.05518906 0.6045247 0.7946723 5.903862 0 0 0 1</matrix>
        <instance_light url="#Light-light"/>
      </node>
    </visual_scene>
  </library_visual_scenes>
  <scene>
    <instance_visual_scene url="#Scene"/>
  </scene>
</COLLADA>