<?xml version="1.0" encoding="utf-8"?>
<COLLADA xmlns="http://www.collada.org/2005/11/COLLADASchema" version="1.4.1" xmlns:xsi="http://www.w3.org/2001/XMLSchema-instance">
  <asset>
    <contributor>
      <author>Blender User</author>
      <authoring_tool>Blender 4.2.18 LTS commit date:2026-02-16, commit time:13:37, hash:d71e3422e438</authoring_tool>
    </contributor>
    <created>2026-02-23T16:07:04</created>
    <modified>2026-02-23T16:07:04</modified>
    <unit name="meter" meter="1"/>
    <up_axis>Z_UP</up_axis>
  </asset>
  <library_cameras>
    <camera id="Camera-camera" name="Camera">
      <optics>
        <technique_common>
          <perspective>
            <xfov sid="xfov">39.59775</xfov>
            <aspect_ratio>1.777778</aspect_ratio>
            <znear sid="znear">0.1</znear>
            <zfar sid="zfar">100</zfar>
          </perspective>
        </technique_common>
      </optics>
      <extra>
        <technique profile="blender">
          <shiftx sid="shiftx" type="float">0</shiftx>
          <shifty sid="shifty" type="float">0</shifty>
          <dof_distance sid="dof_distance" type="float">10</dof_distance>
        </technique>
      </extra>
    </camera>
  </library_cameras>
  <library_lights>
    <light id="Light-light" name="Light">
      <technique_common>
        <point>
          <color sid="color">1000 1000 1000</color>
          <constant_attenuation>1</constant_attenuation>
          <linear_attenuation>0</linear_attenuation>
          <quadratic_attenuation>0</quadratic_attenuation>
        </point>
      </technique_common>
      <extra>
        <technique profile="blender">
          <type sid="type" type="int">0</type>
          <flag sid="flag" type="int">0</flag>
          <mode sid="mode" type="int">2097153</mode>
          <red sid="red" type="float">1</red>
          <green sid="green" type="float">1</green>
          <blue sid="blue" type="float">1</blue>
          <shadow_r sid="blender_shadow_r" type="float">0</shadow_r>
          <shadow_g sid="blender_shadow_g" type="float">0</shadow_g>
          <shadow_b sid="blender_shadow_b" type="float">0</shadow_b>
          <energy sid="blender_energy" type="float">1000</energy>
          <spotsize sid="spotsize" type="float">75</spotsize>
          <spotblend sid="spotblend" type="float">0.15</spotblend>
          <clipsta sid="clipsta" type="float">0.04999995</clipsta>
          <clipend sid="clipend" type="float">30.002</clipend>
          <bias sid="bias" type="float">1</bias>
          <radius sid="radius" type="float">0.1</radius>
          <area_shape sid="area_shape" type="int">1</area_shape>
          <area_size sid="area_size" type="float">0.1</area_size>
          <area_sizey sid="area_sizey" type="float">0.1</area_sizey>
          <area_sizez sid="area_sizez" type="float">1</area_sizez>
        </technique>
      </extra>
    </light>
  </library_lights>
  <library_effects>
    <effect id="Material_001-effect">
      <profile_COMMON>
        <technique sid="common">
          <lambert>
            <emission>
              <color sid="emission">0 0 0 1</color>
            </emission>
            <diffuse>
              <color sid="diffuse">0.5520086 0.01938231 0.008568143 1</color>
            </diffuse>
            <index_of_refraction>
              <float sid="ior">0.8</float>
            </index_of_refraction>
          </lambert>
        </technique>
      </profile_COMMON>
    </effect>
  </library_effects>
  <library_images/>
  <library_materials>
    <material id="Material_001-material" name="Material.001">
      <instance_effect url="#Material_001-effect"/>
    </material>
  </library_materials>
  <library_geometries>
    <geometry id="red_box_001-mesh" name="red box.001">
      <mesh>
        <source id="red_box_001-mesh-positions">
          <float_array id="red_box_001-mesh-positions-array" count="2898">76 103.5 76 102.5 103.5 102.5 76 103.5 -76 102.5 103.5 -102.5 -76 103.5 -76 -102.5 103.5 -102.5 -76 103.5 76 -102.5 103.5 102.5 103.5 102.5 -102.5 103.5 102.5 102.5 103.5 -102.5 -102.5 103.5 -102.5 102.5 -102.5 102.5 -103.5 102.5 102.5 -103.5 -102.5 -102.5 -103.5 102.5 -102.5 -103.5 -103.5 -102.5 102.5 -103.5 102.5 102.5 -103.5 -102.5 -102.5 -103.5 102.5 -102.5 -102.5 -102.5 103.5 102.5 -102.5 103.5 -102.5 102.5 103.5 102.5 102.5 103.5 -102.5 -103.5 -102.5 102.5 -103.5 -102.5 -102.5 -103.5 102.5 102.5 -103.5 102.5 75 101.5 75 100.5 101.5 100.5 -75 101.5 75 -100.5 101.5 100.5 -75 101.5 -75 -100.5 101.5 -100.5 75 101.5 -75 100.5 101.5 -100.5 75 102.5 -75 75 102.5 75 -75 102.5 75 -75 102.5 -75 -100.5 -100.5 -100.5 -100.5 -100.5 100.5 100.5 -100.5 -100.5 100.5 -100.5 100.5 103.4877 102.6564 -102.5 103.4877 102.6564 102.5 103.4511 102.809 -102.5 103.4511 102.809 102.5 103.391 102.954 -102.5 103.391 102.954 102.5 103.309 103.0878 -102.5 103.309 103.0878 102.5 103.2071 103.2071 -102.5 103.2071 103.2071 102.5 103.0878 103.309 -102.5 103.0878 103.309 102.5 102.954 103.391 -102.5 102.954 103.391 102.5 102.809 103.4511 -102.5 102.809 103.4511 102.5 102.6564 103.4877 -102.5 102.6564 103.4877 102.5 102.6564 103.4755 -102.6545 103.4511 102.6816 -102.75 103.4877 102.592 -102.6266 103.4877 102.571 -102.6394 103.4877 102.5 -102.6564 103.4877 102.5245 -102.6545 103.4877 102.6106 -102.6106 103.4511 102.7185 -102.7185 103.391 102.821 -102.821 103.4877 102.6266 -102.5919 103.4511 102.6403 -102.7753 103.4877 102.5483 -102.6488 103.4511 102.5955 -102.7939 103.4511 102.5483 -102.8052 103.4511 102.5 -102.809 103.4511 102.75 -102.6816 103.391 102.8673 -102.7668 103.309 102.9755 -102.8455 103.4877 102.6394 -102.571 103.391 102.7668 -102.8673 103.391 102.7061 -102.9045 103.391 102.6403 -102.9318 103.391 102.571 -102.9484 103.391 102.5 -102.954 103.4511 102.7753 -102.6403 103.391 102.9045 -102.7061 103.309 103.0237 -102.7668 103.2071 103.13 -102.821 103.4877 102.6488 -102.5483 103.309 102.9156 -102.9156 103.309 102.8455 -102.9755 103.309 102.7668 -103.0237 103.309 102.6816 -103.059 103.309 102.592 -103.0805 103.309 102.5 -103.0878 103.4511 102.7939 -102.5955 103.391 102.9318 -102.6403 103.309 103.059 -102.6816 103.2071 103.1725 -102.7185 103.0878 103.2694 -102.75 103.4877 102.6545 -102.5245 103.2071 103.0721 -102.9156 103.2071 103 -103 103.2071 102.9156 -103.0721 103.2071 102.821 -103.13 103.2071 102.7185 -103.1725 103.2071 102.6106 -103.1984 103.2071 102.5 -103.2071 103.4511 102.8052 -102.5483 103.391 102.9484 -102.571 103.309 103.0806 -102.5919 103.2071 103.1984 -102.6106 103.0878 103.2991 -102.6266 102.954 103.38 -102.6394 103.0878 103.2208 -102.8673 103.0878 103.1545 -102.9755 103.0878 103.0721 -103.0721 103.0878 102.9755 -103.1545 103.0878 102.8673 -103.2208 103.0878 102.75 -103.2694 103.0878 102.6266 -103.2991 103.0878 102.5 -103.309 102.954 103.3474 -102.7753 102.954 103.2939 -102.9045 102.954 103.2208 -103.0237 102.954 103.13 -103.13 102.954 103.0237 -103.2208 102.954 102.9045 -103.2939 102.954 102.7753 -103.3474 102.954 102.6394 -103.38 102.954 102.5 -103.391 102.809 103.4394 -102.6488 102.809 103.4045 -102.7939 102.809 103.3474 -102.9318 102.809 103.2694 -103.059 102.809 103.1725 -103.1725 102.809 103.059 -103.2694 102.809 102.9318 -103.3474 102.809 102.7939 -103.4045 102.809 102.6488 -103.4393 102.809 102.5 -103.4511 102.6564 103.4394 -102.8052 102.6564 103.38 -102.9484 102.6564 103.2991 -103.0805 102.6564 103.1984 -103.1984 102.6564 103.0806 -103.2991 102.6564 102.9484 -103.38 102.6564 102.8052 -103.4393 102.6564 102.6545 -103.4755 102.6564 102.5 -103.4877 102.5 103.4877 -102.6564 102.5 103.4511 -102.809 102.5 103.391 -102.954 102.5 103.309 -103.0878 102.5 103.2071 -103.2071 102.5 103.0878 -103.309 102.5 102.954 -103.391 102.5 102.809 -103.4511 102.5 102.6564 -103.4877 103.4755 102.6564 102.6545 102.6816 103.4511 102.75 102.592 103.4877 102.6266 102.571 103.4877 102.6394 102.5 103.4877 102.6564 102.5245 103.4877 102.6545 102.6106 103.4877 102.6106 102.7185 103.4511 102.7185 102.821 103.391 102.821 102.6266 103.4877 102.592 102.6403 103.4511 102.7753 102.5483 103.4877 102.6488 102.5955 103.4511 102.7939 102.5483 103.4511 102.8052 102.5 103.4511 102.809 102.75 103.4511 102.6816 102.8673 103.391 102.7668 102.9755 103.309 102.8455 102.6394 103.4877 102.571 102.7668 103.391 102.8673 102.7061 103.391 102.9045 102.6403 103.391 102.9318 102.571 103.391 102.9484 102.5 103.391 102.954 102.7753 103.4511 102.6403 102.9045 103.391 102.7061 103.0237 103.309 102.7668 103.13 103.2071 102.821 102.6488 103.4877 102.5483 102.9156 103.309 102.9156 102.8455 103.309 102.9755 102.7668 103.309 103.0237 102.6816 103.309 103.059 102.592 103.309 103.0806 102.5 103.309 103.0878 102.7939 103.4511 102.5955 102.9318 103.391 102.6403 103.059 103.309 102.6816 103.1725 103.2071 102.7185 103.2694 103.0878 102.75 102.6545 103.4877 102.5245 103.0721 103.2071 102.9156 103 103.2071 103 102.9156 103.2071 103.0721 102.821 103.2071 103.13 102.7185 103.2071 103.1725 102.6106 103.2071 103.1984 102.5 103.2071 103.2071 102.8052 103.4511 102.5483 102.9484 103.391 102.571 103.0806 103.309 102.592 103.1984 103.2071 102.6106 103.2991 103.0878 102.6266 103.38 102.954 102.6394 103.2208 103.0878 102.8673 103.1545 103.0878 102.9755 103.0721 103.0878 103.0721 102.9755 103.0878 103.1545 102.8673 103.0878 103.2208 102.75 103.0878 103.2694 102.6266 103.0878 103.2991 102.5 103.0878 103.309 103.3474 102.954 102.7753 103.2939 102.954 102.9045 103.2208 102.954 103.0237 103.13 102.954 103.13 103.0237 102.954 103.2208 102.9045 102.954 103.2939 102.7753 102.954 103.3474 102.6394 102.954 103.38 102.5 102.954 103.391 103.4393 102.809 102.6488 103.4045 102.809 102.7939 103.3474 102.809 102.9318 103.2694 102.809 103.059 103.1725 102.809 103.1725 103.059 102.809 103.2694 102.9318 102.809 103.3474 102.7939 102.809 103.4045 102.6488 102.809 103.4393 102.5 102.809 103.4511 103.4393 102.6564 102.8052 103.38 102.6564 102.9484 103.2991 102.6564 103.0806 103.1984 102.6564 103.1984 103.0806 102.6564 103.2991 102.9484 102.6564 103.38 102.8052 102.6564 103.4393 102.6545 102.6564 103.4755 102.5 102.6564 103.4877 103.4877 102.5 102.6564 103.4511 102.5 102.809 103.391 102.5 102.954 103.309 102.5 103.0878 103.2071 102.5 103.2071 103.0878 102.5 103.309 102.954 102.5 103.391 102.809 102.5 103.4511 102.6564 102.5 103.4877 103.4877 -102.5 -102.6564 103.4511 -102.5 -102.809 103.391 -102.5 -102.954 103.309 -102.5 -103.0878 103.2071 -102.5 -103.2071 103.0878 -102.5 -103.309 102.954 -102.5 -103.391 102.809 -102.5 -103.4511 102.6564 -102.5 -103.4877 -102.5 102.6564 -103.4877 -102.5 102.809 -103.4511 -102.5 102.954 -103.391 -102.5 103.0878 -103.309 -102.5 103.2071 -103.2071 -102.5 103.309 -103.0878 -102.5 103.391 -102.954 -102.5 103.4511 -102.809 -102.5 103.4877 -102.6564 -103.4877 102.6564 102.5 -103.4877 102.6564 -102.5 -103.4511 102.809 102.5 -103.4511 102.809 -102.5 -103.391 102.954 102.5 -103.391 102.954 -102.5 -103.309 103.0878 102.5 -103.309 103.0878 -102.5 -103.2071 103.2071 102.5 -103.2071 103.2071 -102.5 -103.0878 103.309 102.5 -103.0878 103.309 -102.5 -102.954 103.391 102.5 -102.954 103.391 -102.5 -102.809 103.4511 102.5 -102.809 103.4511 -102.5 -102.6564 103.4877 102.5 -102.6564 103.4877 -102.5 -102.5 102.6564 103.4877 -102.5 102.809 103.4511 -102.5 102.954 103.391 -102.5 103.0878 103.309 -102.5 103.2071 103.2071 -102.5 103.309 103.0878 -102.5 103.391 102.954 -102.5 103.4511 102.809 -102.5 103.4877 102.6564 102.6564 -102.5 103.4877 102.809 -102.5 103.4511 102.954 -102.5 103.391 103.0878 -102.5 103.309 103.2071 -102.5 103.2071 103.309 -102.5 103.0878 103.391 -102.5 102.954 103.4511 -102.5 102.809 103.4877 -102.5 102.6564 103.4877 -102.6564 102.5 103.4877 -102.6564 -102.5 103.4511 -102.809 102.5 103.4511 -102.809 -102.5 103.391 -102.954 102.5 103.391 -102.954 -102.5 103.309 -103.0878 102.5 103.309 -103.0878 -102.5 103.2071 -103.2071 102.5 103.2071 -103.2071 -102.5 103.0878 -103.309 102.5 103.0878 -103.309 -102.5 102.954 -103.391 102.5 102.954 -103.391 -102.5 102.809 -103.4511 102.5 102.809 -103.4511 -102.5 102.6564 -103.4877 102.5 102.6564 -103.4877 -102.5 102.5 -103.5 102.5 102.5 -103.5 -102.5 102.6564 -102.6545 -103.4755 103.4511 -102.75 -102.6816 103.4877 -102.6266 -102.5919 103.4877 -102.6394 -102.571 103.4877 -102.6545 -102.5245 103.4877 -102.6106 -102.6106 103.4511 -102.7185 -102.7185 103.391 -102.821 -102.821 103.4877 -102.592 -102.6266 103.4511 -102.7753 -102.6403 103.4877 -102.6488 -102.5483 103.4511 -102.7939 -102.5955 103.4511 -102.8052 -102.5483 103.4511 -102.6816 -102.75 103.391 -102.7668 -102.8673 103.309 -102.8455 -102.9755 103.4877 -102.571 -102.6394 103.391 -102.8673 -102.7668 103.391 -102.9045 -102.7061 103.391 -102.9318 -102.6403 103.391 -102.9484 -102.571 103.4511 -102.6403 -102.7753 103.391 -102.7061 -102.9045 103.309 -102.7668 -103.0237 103.2071 -102.821 -103.13 103.4877 -102.5483 -102.6488 103.309 -102.9156 -102.9156 103.309 -102.9755 -102.8455 103.309 -103.0237 -102.7668 103.309 -103.059 -102.6816 103.309 -103.0806 -102.5919 103.4511 -102.5955 -102.7939 103.391 -102.6403 -102.9318 103.309 -102.6816 -103.059 103.2071 -102.7185 -103.1725 103.0878 -102.75 -103.2694 103.4877 -102.5245 -102.6545 103.2071 -102.9156 -103.0721 103.2071 -103 -103 103.2071 -103.0721 -102.9156 103.2071 -103.13 -102.821 103.2071 -103.1725 -102.7185 103.2071 -103.1984 -102.6106 103.4511 -102.5483 -102.8052 103.391 -102.571 -102.9484 103.309 -102.592 -103.0805 103.2071 -102.6106 -103.1984 103.0878 -102.6266 -103.2991 102.954 -102.6394 -103.38 103.0878 -102.8673 -103.2208 103.0878 -102.9755 -103.1545 103.0878 -103.0721 -103.0721 103.0878 -103.1545 -102.9755 103.0878 -103.2208 -102.8673 103.0878 -103.2694 -102.75 103.0878 -103.2991 -102.6266 102.954 -102.7753 -103.3474 102.954 -102.9045 -103.2939 102.954 -103.0237 -103.2208 102.954 -103.13 -103.13 102.954 -103.2208 -103.0237 102.954 -103.2939 -102.9045 102.954 -103.3474 -102.7753 102.954 -103.38 -102.6394 102.809 -102.6488 -103.4393 102.809 -102.7939 -103.4045 102.809 -102.9318 -103.3474 102.809 -103.059 -103.2694 102.809 -103.1725 -103.1725 102.809 -103.2694 -103.059 102.809 -103.3474 -102.9318 102.809 -103.4045 -102.7939 102.809 -103.4393 -102.6488 102.6564 -102.8052 -103.4393 102.6564 -102.9484 -103.38 102.6564 -103.0806 -103.2991 102.6564 -103.1984 -103.1984 102.6564 -103.2991 -103.0805 102.6564 -103.38 -102.9484 102.6564 -103.4393 -102.8052 102.6564 -103.4755 -102.6545 102.5 -102.6564 -103.4877 102.5 -102.809 -103.4511 102.5 -102.954 -103.391 102.5 -103.0878 -103.309 102.5 -103.2071 -103.2071 102.5 -103.309 -103.0878 102.5 -103.391 -102.954 102.5 -103.4511 -102.809 102.5 -103.4877 -102.6564 -103.4755 102.6564 -102.6545 -102.6816 103.4511 -102.75 -102.5919 103.4877 -102.6266 -102.571 103.4877 -102.6394 -102.5245 103.4877 -102.6545 -102.6106 103.4877 -102.6106 -102.7185 103.4511 -102.7185 -102.821 103.391 -102.821 -102.6266 103.4877 -102.5919 -102.6403 103.4511 -102.7753 -102.5483 103.4877 -102.6488 -102.5955 103.4511 -102.7939 -102.5483 103.4511 -102.8052 -102.75 103.4511 -102.6816 -102.8673 103.391 -102.7668 -102.9755 103.309 -102.8455 -102.6394 103.4877 -102.571 -102.7668 103.391 -102.8673 -102.7061 103.391 -102.9045 -102.6403 103.391 -102.9318 -102.571 103.391 -102.9484 -102.7753 103.4511 -102.6403 -102.9045 103.391 -102.7061 -103.0237 103.309 -102.7668 -103.13 103.2071 -102.821 -102.6488 103.4877 -102.5483 -102.9156 103.309 -102.9156 -102.8455 103.309 -102.9755 -102.7668 103.309 -103.0237 -102.6816 103.309 -103.059 -102.5919 103.309 -103.0805 -102.7939 103.4511 -102.5955 -102.9318 103.391 -102.6403 -103.059 103.309 -102.6816 -103.1725 103.2071 -102.7185 -103.2694 103.0878 -102.75 -102.6545 103.4877 -102.5245 -103.0721 103.2071 -102.9156 -103 103.2071 -103 -102.9156 103.2071 -103.0721 -102.821 103.2071 -103.13 -102.7185 103.2071 -103.1725 -102.6106 103.2071 -103.1984 -102.8052 103.4511 -102.5483 -102.9484 103.391 -102.571 -103.0805 103.309 -102.5919 -103.1984 103.2071 -102.6106 -103.2991 103.0878 -102.6266 -103.38 102.954 -102.6394 -103.2208 103.0878 -102.8673 -103.1545 103.0878 -102.9755 -103.0721 103.0878 -103.0721 -102.9755 103.0878 -103.1545 -102.8673 103.0878 -103.2208 -102.75 103.0878 -103.2694 -102.6266 103.0878 -103.2991 -103.3474 102.954 -102.7753 -103.2939 102.954 -102.9045 -103.2208 102.954 -103.0237 -103.13 102.954 -103.13 -103.0237 102.954 -103.2208 -102.9045 102.954 -103.2939 -102.7753 102.954 -103.3474 -102.6394 102.954 -103.38 -103.4393 102.809 -102.6488 -103.4045 102.809 -102.7939 -103.3474 102.809 -102.9318 -103.2694 102.809 -103.059 -103.1725 102.809 -103.1725 -103.059 102.809 -103.2694 -102.9318 102.809 -103.3474 -102.7939 102.809 -103.4045 -102.6488 102.809 -103.4393 -103.4393 102.6564 -102.8052 -103.38 102.6564 -102.9484 -103.2991 102.6564 -103.0805 -103.1984 102.6564 -103.1984 -103.0805 102.6564 -103.2991 -102.9484 102.6564 -103.38 -102.8052 102.6564 -103.4393 -102.6545 102.6564 -103.4755 -103.4877 102.5 -102.6564 -103.4511 102.5 -102.809 -103.391 102.5 -102.954 -103.309 102.5 -103.0878 -103.2071 102.5 -103.2071 -103.0878 102.5 -103.309 -102.954 102.5 -103.391 -102.809 102.5 -103.4511 -102.6564 102.5 -103.4877 -102.6545 102.6564 103.4755 -102.75 103.4511 102.6816 -102.6266 103.4877 102.592 -102.6394 103.4877 102.571 -102.6545 103.4877 102.5245 -102.6106 103.4877 102.6106 -102.7185 103.4511 102.7185 -102.821 103.391 102.821 -102.5919 103.4877 102.6266 -102.7753 103.4511 102.6403 -102.6488 103.4877 102.5483 -102.7939 103.4511 102.5955 -102.8052 103.4511 102.5483 -102.6816 103.4511 102.75 -102.7668 103.391 102.8673 -102.8455 103.309 102.9755 -102.571 103.4877 102.6394 -102.8673 103.391 102.7668 -102.9045 103.391 102.7061 -102.9318 103.391 102.6403 -102.9484 103.391 102.571 -102.6403 103.4511 102.7753 -102.7061 103.391 102.9045 -102.7668 103.309 103.0237 -102.821 103.2071 103.13 -102.5483 103.4877 102.6488 -102.9156 103.309 102.9156 -102.9755 103.309 102.8455 -103.0237 103.309 102.7668 -103.059 103.309 102.6816 -103.0805 103.309 102.592 -102.5955 103.4511 102.7939 -102.6403 103.391 102.9318 -102.6816 103.309 103.059 -102.7185 103.2071 103.1725 -102.75 103.0878 103.2694 -102.5245 103.4877 102.6545 -102.9156 103.2071 103.0721 -103 103.2071 103 -103.0721 103.2071 102.9156 -103.13 103.2071 102.821 -103.1725 103.2071 102.7185 -103.1984 103.2071 102.6106 -102.5483 103.4511 102.8052 -102.571 103.391 102.9484 -102.5919 103.309 103.0806 -102.6106 103.2071 103.1984 -102.6266 103.0878 103.2991 -102.6394 102.954 103.38 -102.8673 103.0878 103.2208 -102.9755 103.0878 103.1545 -103.0721 103.0878 103.0721 -103.1545 103.0878 102.9755 -103.2208 103.0878 102.8673 -103.2694 103.0878 102.75 -103.2991 103.0878 102.6266 -102.7753 102.954 103.3474 -102.9045 102.954 103.2939 -103.0237 102.954 103.2208 -103.13 102.954 103.13 -103.2208 102.954 103.0237 -103.2939 102.954 102.9045 -103.3474 102.954 102.7753 -103.38 102.954 102.6394 -102.6488 102.809 103.4393 -102.7939 102.809 103.4045 -102.9318 102.809 103.3474 -103.059 102.809 103.2694 -103.1725 102.809 103.1725 -103.2694 102.809 103.059 -103.3474 102.809 102.9318 -103.4045 102.809 102.7939 -103.4393 102.809 102.6488 -102.8052 102.6564 103.4393 -102.9484 102.6564 103.38 -103.0805 102.6564 103.2991 -103.1984 102.6564 103.1984 -103.2991 102.6564 103.0806 -103.38 102.6564 102.9484 -103.4393 102.6564 102.8052 -103.4755 102.6564 102.6545 -102.6564 102.5 103.4877 -102.809 102.5 103.4511 -102.954 102.5 103.391 -103.0878 102.5 103.309 -103.2071 102.5 103.2071 -103.309 102.5 103.0878 -103.391 102.5 102.954 -103.4511 102.5 102.809 -103.4877 102.5 102.6564 102.5 -103.5 102.5 102.6564 -103.4755 102.6545 103.4511 -102.6816 102.75 103.4877 -102.592 102.6266 103.4877 -102.571 102.6394 103.4877 -102.5245 102.6545 103.4877 -102.6106 102.6106 103.4511 -102.7185 102.7185 103.391 -102.821 102.821 103.4877 -102.6266 102.592 103.4511 -102.6403 102.7753 103.4877 -102.5483 102.6488 103.4511 -102.5955 102.7939 103.4511 -102.5483 102.8052 103.4511 -102.75 102.6816 103.391 -102.8673 102.7668 103.309 -102.9755 102.8455 103.4877 -102.6394 102.571 103.391 -102.7668 102.8673 103.391 -102.7061 102.9045 103.391 -102.6403 102.9318 103.391 -102.571 102.9484 103.4511 -102.7753 102.6403 103.391 -102.9045 102.7061 103.309 -103.0237 102.7668 103.2071 -103.13 102.821 103.4877 -102.6488 102.5483 103.309 -102.9156 102.9156 103.309 -102.8455 102.9755 103.309 -102.7668 103.0237 103.309 -102.6816 103.059 103.309 -102.592 103.0806 103.4511 -102.7939 102.5955 103.391 -102.9318 102.6403 103.309 -103.059 102.6816 103.2071 -103.1725 102.7185 103.0878 -103.2694 102.75 103.4877 -102.6545 102.5245 103.2071 -103.0721 102.9156 103.2071 -103 103 103.2071 -102.9156 103.0721 103.2071 -102.821 103.13 103.2071 -102.7185 103.1725 103.2071 -102.6106 103.1984 103.4511 -102.8052 102.5483 103.391 -102.9484 102.571 103.309 -103.0806 102.592 103.2071 -103.1984 102.6106 103.0878 -103.2991 102.6266 102.954 -103.38 102.6394 103.0878 -103.2208 102.8673 103.0878 -103.1545 102.9755 103.0878 -103.0721 103.0721 103.0878 -102.9755 103.1545 103.0878 -102.8673 103.2208 103.0878 -102.75 103.2694 103.0878 -102.6266 103.2991 102.954 -103.3474 102.7753 102.954 -103.2939 102.9045 102.954 -103.2208 103.0237 102.954 -103.13 103.13 102.954 -103.0237 103.2208 102.954 -102.9045 103.2939 102.954 -102.7753 103.3474 102.954 -102.6394 103.38 102.809 -103.4393 102.6488 102.809 -103.4045 102.7939 102.809 -103.3474 102.9318 102.809 -103.2694 103.059 102.809 -103.1725 103.1725 102.809 -103.059 103.2694 102.809 -102.9318 103.3474 102.809 -102.7939 103.4045 102.809 -102.6488 103.4393 102.6564 -103.4393 102.8052 102.6564 -103.38 102.9484 102.6564 -103.2991 103.0806 102.6564 -103.1984 103.1984 102.6564 -103.0806 103.2991 102.6564 -102.9484 103.38 102.6564 -102.8052 103.4393 102.6564 -102.6545 103.4755 102.5 -103.4877 102.6564 102.5 -103.4511 102.809 102.5 -103.391 102.954 102.5 -103.309 103.0878 102.5 -103.2071 103.2071 102.5 -103.0878 103.309 102.5 -102.954 103.391 102.5 -102.809 103.4511 102.5 -102.6564 103.4877 -102.5 -102.6564 -103.4877 -102.5 -102.809 -103.4511 -102.5 -102.954 -103.391 -102.5 -103.0878 -103.309 -102.5 -103.2071 -103.2071 -102.5 -103.309 -103.0878 -102.5 -103.391 -102.954 -102.5 -103.4511 -102.809 -102.5 -103.4877 -102.6564 -102.5 -103.5 -102.5 -102.6564 -102.5 -103.4877 -102.809 -102.5 -103.4511 -102.954 -102.5 -103.391 -103.0878 -102.5 -103.309 -103.2071 -102.5 -103.2071 -103.309 -102.5 -103.0878 -103.391 -102.5 -102.954 -103.4511 -102.5 -102.809 -103.4877 -102.5 -102.6564 -103.4877 -102.5 102.6564 -103.4511 -102.5 102.809 -103.391 -102.5 102.954 -103.309 -102.5 103.0878 -103.2071 -102.5 103.2071 -103.0878 -102.5 103.309 -102.954 -102.5 103.391 -102.809 -102.5 103.4511 -102.6564 -102.5 103.4877 -102.5 -102.6564 103.4877 -102.5 -102.809 103.4511 -102.5 -102.954 103.391 -102.5 -103.0878 103.309 -102.5 -103.2071 103.2071 -102.5 -103.309 103.0878 -102.5 -103.391 102.954 -102.5 -103.4511 102.809 -102.5 -103.4877 102.6564 -102.5 -103.5 102.5 -103.4755 -102.6545 -102.6564 -102.6816 -102.75 -103.4511 -102.5919 -102.6266 -103.4877 -102.571 -102.6394 -103.4877 -102.5245 -102.6545 -103.4877 -102.6106 -102.6106 -103.4877 -102.7185 -102.7185 -103.4511 -102.821 -102.821 -103.391 -102.6266 -102.592 -103.4877 -102.6403 -102.7753 -103.4511 -102.5483 -102.6488 -103.4877 -102.5955 -102.7939 -103.4511 -102.5483 -102.8052 -103.4511 -102.75 -102.6816 -103.4511 -102.8673 -102.7668 -103.391 -102.9755 -102.8455 -103.309 -102.6394 -102.571 -103.4877 -102.7668 -102.8673 -103.391 -102.7061 -102.9045 -103.391 -102.6403 -102.9318 -103.391 -102.571 -102.9484 -103.391 -102.7753 -102.6403 -103.4511 -102.9045 -102.7061 -103.391 -103.0237 -102.7668 -103.309 -103.13 -102.821 -103.2071 -102.6488 -102.5483 -103.4877 -102.9156 -102.9156 -103.309 -102.8455 -102.9755 -103.309 -102.7668 -103.0237 -103.309 -102.6816 -103.059 -103.309 -102.5919 -103.0806 -103.309 -102.7939 -102.5955 -103.4511 -102.9318 -102.6403 -103.391 -103.059 -102.6816 -103.309 -103.1725 -102.7185 -103.2071 -103.2694 -102.75 -103.0878 -102.6545 -102.5245 -103.4877 -103.0721 -102.9156 -103.2071 -103 -103 -103.2071 -102.9156 -103.0721 -103.2071 -102.821 -103.13 -103.2071 -102.7185 -103.1725 -103.2071 -102.6106 -103.1984 -103.2071 -102.8052 -102.5483 -103.4511 -102.9484 -102.571 -103.391 -103.0805 -102.592 -103.309 -103.1984 -102.6106 -103.2071 -103.2991 -102.6266 -103.0878 -103.38 -102.6394 -102.954 -103.2208 -102.8673 -103.0878 -103.1545 -102.9755 -103.0878 -103.0721 -103.0721 -103.0878 -102.9755 -103.1545 -103.0878 -102.8673 -103.2208 -103.0878 -102.75 -103.2694 -103.0878 -102.6266 -103.2991 -103.0878 -103.3474 -102.7753 -102.954 -103.2939 -102.9045 -102.954 -103.2208 -103.0237 -102.954 -103.13 -103.13 -102.954 -103.0237 -103.2208 -102.954 -102.9045 -103.2939 -102.954 -102.7753 -103.3474 -102.954 -102.6394 -103.38 -102.954 -103.4393 -102.6488 -102.809 -103.4045 -102.7939 -102.809 -103.3474 -102.9318 -102.809 -103.2694 -103.059 -102.809 -103.1725 -103.1725 -102.809 -103.059 -103.2694 -102.809 -102.9318 -103.3474 -102.809 -102.7939 -103.4045 -102.809 -102.6488 -103.4393 -102.809 -103.4393 -102.8052 -102.6564 -103.38 -102.9484 -102.6564 -103.2991 -103.0806 -102.6564 -103.1984 -103.1984 -102.6564 -103.0805 -103.2991 -102.6564 -102.9484 -103.38 -102.6564 -102.8052 -103.4393 -102.6564 -102.6545 -103.4755 -102.6564 -103.4877 -102.6564 -102.5 -103.4511 -102.809 -102.5 -103.391 -102.954 -102.5 -103.309 -103.0878 -102.5 -103.2071 -103.2071 -102.5 -103.0878 -103.309 -102.5 -102.954 -103.391 -102.5 -102.809 -103.4511 -102.5 -102.6564 -103.4877 -102.5 -102.5 -103.5 102.5 -102.6545 -103.4755 102.6564 -102.75 -102.6816 103.4511 -102.6266 -102.592 103.4877 -102.6394 -102.571 103.4877 -102.6545 -102.5245 103.4877 -102.6106 -102.6106 103.4877 -102.7185 -102.7185 103.4511 -102.821 -102.821 103.391 -102.5919 -102.6266 103.4877 -102.7753 -102.6403 103.4511 -102.6488 -102.5483 103.4877 -102.7939 -102.5955 103.4511 -102.8052 -102.5483 103.4511 -102.6816 -102.75 103.4511 -102.7668 -102.8673 103.391 -102.8455 -102.9755 103.309 -102.571 -102.6394 103.4877 -102.8673 -102.7668 103.391 -102.9045 -102.7061 103.391 -102.9318 -102.6403 103.391 -102.9484 -102.571 103.391 -102.6403 -102.7753 103.4511 -102.7061 -102.9045 103.391 -102.7668 -103.0237 103.309 -102.821 -103.13 103.2071 -102.5483 -102.6488 103.4877 -102.9156 -102.9156 103.309 -102.9755 -102.8455 103.309 -103.0237 -102.7668 103.309 -103.059 -102.6816 103.309 -103.0805 -102.592 103.309 -102.5955 -102.7939 103.4511 -102.6403 -102.9318 103.391 -102.6816 -103.059 103.309 -102.7185 -103.1725 103.2071 -102.75 -103.2694 103.0878 -102.5245 -102.6545 103.4877 -102.9156 -103.0721 103.2071 -103 -103 103.2071 -103.0721 -102.9156 103.2071 -103.13 -102.821 103.2071 -103.1725 -102.7185 103.2071 -103.1984 -102.6106 103.2071 -102.5483 -102.8052 103.4511 -102.571 -102.9484 103.391 -102.5919 -103.0806 103.309 -102.6106 -103.1984 103.2071 -102.6266 -103.2991 103.0878 -102.6394 -103.38 102.954 -102.8673 -103.2208 103.0878 -102.9755 -103.1545 103.0878 -103.0721 -103.0721 103.0878 -103.1545 -102.9755 103.0878 -103.2208 -102.8673 103.0878 -103.2694 -102.75 103.0878 -103.2991 -102.6266 103.0878 -102.7753 -103.3474 102.954 -102.9045 -103.2939 102.954 -103.0237 -103.2208 102.954 -103.13 -103.13 102.954 -103.2208 -103.0237 102.954 -103.2939 -102.9045 102.954 -103.3474 -102.7753 102.954 -103.38 -102.6394 102.954 -102.6488 -103.4393 102.809 -102.7939 -103.4045 102.809 -102.9318 -103.3474 102.809 -103.059 -103.2694 102.809 -103.1725 -103.1725 102.809 -103.2694 -103.059 102.809 -103.3474 -102.9318 102.809 -103.4045 -102.7939 102.809 -103.4393 -102.6488 102.809 -102.8052 -103.4393 102.6564 -102.9484 -103.38 102.6564 -103.0805 -103.2991 102.6564 -103.1984 -103.1984 102.6564 -103.2991 -103.0806 102.6564 -103.38 -102.9484 102.6564 -103.4393 -102.8052 102.6564 -103.4755 -102.6545 102.6564 -102.6564 -103.4877 102.5 -102.809 -103.4511 102.5 -102.954 -103.391 102.5 -103.0878 -103.309 102.5 -103.2071 -103.2071 102.5 -103.309 -103.0878 102.5 -103.391 -102.954 102.5 -103.4511 -102.809 102.5 -103.4877 -102.6564 102.5 75.00308 102.5785 -75.00308 75.01232 102.6564 -75.01231 75.00308 102.5785 75.00308 75.01232 102.6564 75.01232 75.02764 102.7334 -75.02763 75.04895 102.809 -75.04895 75.02764 102.7334 75.02764 75.04895 102.809 75.04895 75.07613 102.8827 -75.07612 75.109 102.954 -75.10899 75.07613 102.8827 75.07613 75.109 102.954 75.109 75.14736 103.0225 75.14736 75.19098 103.0878 -75.19099 75.14736 103.0225 -75.14736 75.19098 103.0878 75.19098 75.2929 103.2071 75.2929 75.2929 103.2071 -75.2929 75.41222 103.309 75.41222 75.41222 103.309 -75.41221 75.54601 103.391 75.54601 75.54601 103.391 -75.54602 75.69098 103.4511 75.69098 75.69098 103.4511 -75.69099 75.84357 103.4877 75.84357 75.84357 103.4877 -75.84356 -75.00308 102.5785 -75.00308 -75.01231 102.6564 -75.01231 -75.02763 102.7334 -75.02763 -75.04895 102.809 -75.04895 -75.07612 102.8827 -75.07612 -75.10899 102.954 -75.10899 -75.19099 103.0878 -75.19099 -75.14736 103.0225 -75.14736 -75.2929 103.2071 -75.2929 -75.41221 103.309 -75.41221 -75.54602 103.391 -75.54602 -75.69099 103.4511 -75.69099 -75.84356 103.4877 -75.84356 -75.00308 102.5785 75.00308 -75.01231 102.6564 75.01232 -75.84356 103.4877 75.84357 -75.69099 103.4511 75.69098 -75.54602 103.391 75.54601 -75.41221 103.309 75.41222 -75.2929 103.2071 75.2929 -75.19099 103.0878 75.19098 -75.10899 102.954 75.109 -75.14736 103.0225 75.14736 -75.04895 102.809 75.04895 -75.07612 102.8827 75.07613 -75.02763 102.7334 75.02764</float_array>
          <technique_common>
            <accessor source="#red_box_001-mesh-positions-array" count="966" stride="3">
              <param name="X" type="float"/>
              <param name="Y" type="float"/>
              <param name="Z" type="float"/>
            </accessor>
          </technique_common>
        </source>
        <source id="red_box_001-mesh-normals">
          <float_array id="red_box_001-mesh-normals-array" count="5748">0 1 0 0 1 0 0 1 0 0 1 0 0 1 0 0 1 0 0 1 0 0 1 0 1 0 0 1 0 0 0 0 -1 0 0 -1 -1 0 0 -1 0 0 0 0 1 0 0 1 0 -1 0 0 -1 0 0 -1 0 0 -1 0 0 -1 0 0 -1 0 0 -1 0 0 -1 0 0 -1 0 0 -1 0 -1 0 0 -1 0 0 0 0 -1 0 0 -1 1 0 0 1 0 0 0 0 1 0 0 1 0 1 0 0 1 0 0 0 -1 0 0 -1 1 0 0 1 0 0 0 0 1 0 0 1 -1 0 0 -1 0 0 0.9969162 0.07847356 0 0.9969162 0.07847356 0 0.9723873 0.2333729 0 0.9723873 0.2333729 0 0.9238603 0.3827297 0 0.9238603 0.3827297 0 0.8526683 0.5224526 0 0.8526683 0.5224526 0 0.7603607 0.6495011 0 0.7603607 0.6495011 0 0.6494531 0.7604017 0 0.6494531 0.7604017 0 0.5224959 0.8526418 0 0.5224959 0.8526418 0 0.3826466 0.9238948 0 0.3826466 0.9238948 0 0.2335568 0.9723432 0 0.2335568 0.9723432 0 0.07837694 0.9969239 0 0.07837694 0.9969239 0 0.07813674 0.9938689 -0.07822567 0.9722196 0.1222738 -0.199595 0.9968973 0.006164252 -0.07847207 0.9968972 0.04111951 -0.06712192 0.9968972 0.05111998 -0.05985611 0.9722207 0.1520103 -0.1779881 0.97222 0.1520023 -0.1779988 0.9234417 0.2491965 -0.2918158 0.9968971 0.05986577 -0.05111092 0.9722203 0.08956551 -0.2162535 0.9722202 0.0546444 -0.2276001 0.9722207 0.05465251 -0.2275961 0.9722205 0.01833027 -0.2333479 0.9722231 0.01837646 -0.2333335 0.9722239 0.1780033 -0.1519718 0.9722212 0.1779795 -0.1520172 0.9234358 0.2918015 -0.2492357 0.923441 0.2918152 -0.2491998 0.8519392 0.3982024 -0.3400506 0.9968972 0.0671038 -0.04114788 0.9234398 0.2005385 -0.3271749 0.9234387 0.1468397 -0.3545408 0.9234417 0.1468562 -0.3545259 0.9234423 0.08959954 -0.3731302 0.9234401 0.08958619 -0.3731389 0.9234415 0.03012859 -0.3825548 0.9234411 0.03012603 -0.3825559 0.9722175 0.19955 -0.1223635 0.9722226 0.1995801 -0.1222746 0.9234466 0.3272016 -0.200463 0.9234363 0.327186 -0.200536 0.8519182 0.4464842 -0.2736552 0.8519373 0.4464942 -0.2735795 0.7594296 0.5547367 -0.3399027 0.9968972 0.07273185 -0.030101 0.8519529 0.340113 -0.3981197 0.8519541 0.273634 -0.4464288 0.8519297 0.2735788 -0.4465091 0.8519323 0.2004008 -0.4837881 0.8519215 0.2003713 -0.4838193 0.8519226 0.1222522 -0.5091976 0.8519227 0.1222525 -0.5091975 0.8519221 0.04111129 -0.5220523 0.851921 0.04110759 -0.5220543 0.9722264 0.2162538 -0.08949935 0.9722193 0.2162314 -0.08963 0.9234392 0.3544969 -0.1469423 0.9234479 0.3545002 -0.1468796 0.8519238 0.4837844 -0.2004458 0.8519198 0.4837848 -0.2004616 0.7593969 0.6010701 -0.2490601 0.7594278 0.6010648 -0.2489786 0.6482889 0.7034329 -0.2913825 0.9968972 0.07653397 -0.01839947 0.75942 0.494749 -0.4224983 0.7594226 0.4225916 -0.4946653 0.7593718 0.4225386 -0.4947884 0.7593763 0.3399264 -0.5547953 0.7593995 0.3399592 -0.5547433 0.7593991 0.2489482 -0.6011138 0.7594087 0.2489649 -0.6010949 0.7594048 0.1518896 -0.6326405 0.759417 0.1519145 -0.6326197 0.7594217 0.0510714 -0.6485911 0.7593916 0.05100286 -0.6486318 0.972217 0.2275967 -0.05471628 0.9722243 0.2275983 -0.05457937 0.923457 0.3731234 -0.08947718 0.9234419 0.3731347 -0.08958518 0.8519197 0.5092025 -0.1222534 0.851925 0.5091985 -0.1222319 0.7594288 0.6326191 -0.1518587 0.7594015 0.6326349 -0.151929 0.6482446 0.7403814 -0.1778046 0.6482875 0.7403631 -0.1777237 0.5213343 0.8297799 -0.1991882 0.9968973 0.07847207 -0.006164252 0.6483109 0.6491881 -0.3978038 0.6483083 0.5789894 -0.4944368 0.6482523 0.5789628 -0.4945412 0.6482519 0.4944723 -0.5790221 0.6483016 0.4945101 -0.5789343 0.6483027 0.3978317 -0.6491792 0.6482863 0.3978148 -0.6492059 0.6482864 0.2913572 -0.7034456 0.6482897 0.2913614 -0.7034408 0.6482899 0.1777837 -0.7403466 0.6482798 0.1777685 -0.7403591 0.6482768 0.05968618 -0.7590619 0.6483204 0.05975872 -0.7590188 0.972224 0.2333337 -0.0183292 0.9722194 0.2333461 -0.01841425 0.9234393 0.3825552 -0.03018897 0.9234545 0.3825268 -0.03008264 0.8519495 0.5220122 -0.0410521 0.8519225 0.5220482 -0.0411539 0.759366 0.6486514 -0.05113422 0.759422 0.6485966 -0.0509966 0.6482954 0.7590463 -0.05968081 0.6482493 0.7590792 -0.05976349 0.5213226 0.850727 -0.06697911 0.5213343 0.8507212 -0.06696242 0.3816388 0.9214615 -0.07253056 0.5213065 0.7883882 -0.3266246 0.521309 0.7276254 -0.445868 0.5213426 0.7276321 -0.4458178 0.5213451 0.648856 -0.5542429 0.5213724 0.6488678 -0.5542034 0.5213696 0.5542289 -0.6488483 0.5213244 0.5541995 -0.6489098 0.5213258 0.4458627 -0.7276167 0.5213563 0.4458888 -0.7275788 0.5213502 0.3265474 -0.7883912 0.5213457 0.3265427 -0.7883961 0.5213513 0.1992343 -0.8297582 0.5213413 0.1992223 -0.8297673 0.5213377 0.06697839 -0.850718 0.5213233 0.06695932 -0.8507282 0.3816895 0.8987341 -0.2158474 0.3816834 0.8539111 -0.3537704 0.3817252 0.853914 -0.3537184 0.3817278 0.7881103 -0.4828726 0.3816784 0.7880973 -0.4829329 0.381675 0.702831 -0.6002939 0.3816752 0.7028312 -0.6002936 0.3816697 0.6002704 -0.702854 0.3816973 0.6002877 -0.7028242 0.3816874 0.482963 -0.7880746 0.3816897 0.4829648 -0.7880724 0.3816858 0.3536913 -0.8539428 0.3816794 0.3536854 -0.8539482 0.3816667 0.2157867 -0.8987584 0.3816638 0.2157837 -0.8987603 0.3816725 0.07252556 -0.9214478 0.3816801 0.07253414 -0.9214441 0.2327433 0.9695397 -0.07631075 0.2327413 0.9456481 -0.2271146 0.232831 0.9456495 -0.2270171 0.2328293 0.8984832 -0.3721805 0.2327587 0.8984702 -0.3722562 0.2327589 0.8292285 -0.5081374 0.2327361 0.8292204 -0.5081608 0.2327362 0.7395153 -0.6316258 0.2328137 0.7395545 -0.6315512 0.2328152 0.6316134 -0.7395008 0.232772 0.6315854 -0.7395384 0.2327756 0.5081714 -0.8292029 0.2327585 0.508158 -0.8292158 0.2327565 0.3721447 -0.8985169 0.2327526 0.3721412 -0.8985195 0.2327652 0.2270437 -0.9456593 0.2327535 0.2270323 -0.9456649 0.2327471 0.07632005 -0.9695381 0.2327383 0.07631087 -0.9695409 0.07822459 0.993869 -0.0781368 0.07822167 0.9693937 -0.2327173 0.07809543 0.9693735 -0.2328435 0.078103 0.921022 -0.3815999 0.07823395 0.921063 -0.3814738 0.07823616 0.8500204 -0.5209074 0.07825124 0.8500273 -0.5208938 0.07825249 0.7581188 -0.6474044 0.07814681 0.7580558 -0.6474909 0.07814639 0.6474382 -0.7581009 0.07828283 0.647536 -0.7580033 0.07827657 0.5209057 -0.8500176 0.0782113 0.5208523 -0.8500564 0.07821547 0.381478 -0.9210629 0.07825595 0.3815146 -0.9210444 0.07824695 0.232728 -0.969389 0.07822179 0.2327037 -0.9693969 0.07822513 0.07822513 -0.993862 0.07823306 0.07823306 -0.9938608 0.9968974 0.01837587 -0.07653772 0.2328783 0.9695187 -0.07616543 0.3817582 0.9214233 -0.07238703 0.3817646 0.8987246 -0.2157544 0.5213239 0.8297827 -0.1992037 0.5213247 0.7883875 -0.3265972 0.6482775 0.7034343 -0.2914044 0.6482687 0.6491805 -0.3978849 0.7593947 0.5547283 -0.3399947 0.7593941 0.494732 -0.4225646 0.8519256 0.398187 -0.3401027 0.8519236 0.3400623 -0.3982257 0.9234415 0.2491956 -0.2918174 0.9234404 0.2005416 -0.327171 0.9722228 0.1223171 -0.1995527 0.9722244 0.08962678 -0.2162101 0.9968972 0.03014278 -0.07271456 0.9938614 0.07823312 0.07822507 0.1224145 0.9721791 0.199706 0.006156623 0.9969049 0.07837545 0.04108577 0.9969049 0.06702703 0.05101621 0.9969052 0.05981212 0.152038 0.972168 0.1782515 0.1521514 0.9721782 0.1780996 0.2491756 0.9234933 0.2916706 0.05981212 0.9969052 0.05101621 0.08970087 0.9721747 0.2164025 0.05461978 0.9721745 0.227801 0.05462712 0.972175 0.2277974 0.01834559 0.9721735 0.2335427 0.01842778 0.9721781 0.2335172 0.1782091 0.9721814 0.1520019 0.178121 0.9721714 0.1521697 0.2917233 0.9234645 0.2492205 0.291786 0.9234886 0.2490575 0.3982762 0.8519434 0.3399536 0.06702703 0.9969049 0.04108577 0.200482 0.9234793 0.3270979 0.146901 0.923484 0.3543971 0.1467943 0.9234642 0.3544929 0.08947563 0.9234596 0.3731171 0.08963787 0.9234864 0.373012 0.03017902 0.923492 0.3824288 0.03007853 0.9234768 0.3824735 0.1997247 0.9721738 0.122426 0.1997486 0.9721779 0.1223552 0.3271453 0.923482 0.2003916 0.3271228 0.9234672 0.2004972 0.4464526 0.8519409 0.2736359 0.4464521 0.8519399 0.2736402 0.5547167 0.7594016 0.339998 0.07262176 0.9969052 0.03010427 0.3400153 0.8519407 0.3982293 0.2736369 0.8519397 0.4464544 0.2736395 0.8519408 0.4464508 0.2003397 0.8519403 0.4837991 0.2003809 0.8519553 0.4837558 0.1223446 0.8519587 0.5091152 0.1222325 0.8519234 0.5092011 0.04105579 0.8519201 0.5220599 0.04106438 0.8519226 0.5220552 0.2164009 0.9721747 0.08970588 0.2164018 0.9721749 0.08970057 0.3544496 0.9234604 0.1469227 0.3544572 0.9234803 0.1467796 0.4837738 0.8519572 0.2003292 0.4837753 0.8519423 0.200389 0.6011055 0.7593921 0.2489894 0.6011047 0.759397 0.2489767 0.7034021 0.6483377 0.2913481 0.07644718 0.9969052 0.01832973 0.4947222 0.759379 0.4226031 0.4224917 0.759373 0.4948266 0.4225589 0.7594375 0.4946703 0.3399741 0.7594408 0.5546776 0.3399234 0.759405 0.5547578 0.248987 0.7593975 0.6010998 0.2489786 0.7593926 0.6011095 0.1518681 0.7593942 0.6326583 0.1519325 0.7594258 0.6326048 0.05101782 0.7594228 0.648594 0.05099397 0.7594124 0.6486081 0.2277987 0.9721751 0.05461925 0.2277986 0.9721747 0.05462741 0.3730426 0.9234915 0.08945775 0.3730626 0.9234647 0.08965003 0.5091781 0.8519189 0.1223598 0.5091525 0.8519542 0.1222208 0.6326191 0.7594288 0.1518587 0.6326375 0.7593972 0.1519404 0.7403446 0.6482856 0.1778084 0.7403233 0.6483356 0.1777141 0.8298007 0.5212993 0.1991932 0.07837545 0.9969049 0.006156623 0.6491988 0.6482961 0.3978104 0.578927 0.6482906 0.4945329 0.5789591 0.6483578 0.4944074 0.4944933 0.6483623 0.5788807 0.494442 0.6482952 0.5789995 0.3977968 0.6482955 0.6492078 0.3978065 0.6483049 0.6491925 0.2913561 0.6483132 0.7034214 0.2913854 0.6483362 0.7033881 0.1777977 0.648339 0.7403004 0.1777235 0.6482889 0.7403619 0.059677 0.6482919 0.7590497 0.05975741 0.6483404 0.7590019 0.2335175 0.9721795 0.01834362 0.2335299 0.972175 0.0184288 0.3824723 0.9234738 0.03018242 0.382444 0.9234891 0.03007608 0.5220554 0.8519229 0.0410555 0.5220586 0.8519204 0.04106467 0.6486073 0.7594114 0.05101889 0.648597 0.7594219 0.05099308 0.7590057 0.6483436 0.05967354 0.7590402 0.6482951 0.05976045 0.8507534 0.5212793 0.06698119 0.8507462 0.5212936 0.06696069 0.9214276 0.3817218 0.07252395 0.788417 0.5213379 0.3265048 0.7276068 0.5213447 0.4458566 0.727602 0.5213206 0.4458925 0.6489359 0.5213286 0.5541648 0.6489035 0.5212532 0.5542737 0.5541962 0.5212496 0.6489726 0.5542452 0.521325 0.6488702 0.4458646 0.5213195 0.7276199 0.4458852 0.5213435 0.7275901 0.3265933 0.5213413 0.7883781 0.3265205 0.5212712 0.7884547 0.1991971 0.5212718 0.829817 0.1992285 0.521298 0.829793 0.06698042 0.5212944 0.8507443 0.06696134 0.52128 0.8507546 0.8987488 0.3817064 0.2157564 0.8539481 0.3817189 0.353643 0.8539412 0.3816176 0.3537689 0.7881065 0.3816112 0.4829711 0.7881237 0.381677 0.4828912 0.7028101 0.3816741 0.600319 0.7028227 0.3817021 0.6002863 0.6003112 0.3817031 0.7028009 0.6002936 0.381675 0.7028313 0.4829565 0.3816791 0.7880825 0.4829048 0.3816133 0.7881461 0.3536595 0.3816143 0.8539879 0.3537534 0.3817156 0.8539038 0.2157828 0.3817071 0.8987421 0.2157586 0.3816839 0.8987578 0.07252532 0.3816791 0.9214451 0.07257241 0.3817204 0.9214243 0.9695405 0.2327397 0.07631087 0.9456728 0.2327323 0.2270211 0.9456726 0.2327203 0.2270342 0.8984954 0.2327085 0.3722267 0.8985108 0.2327917 0.3721376 0.8292456 0.2328079 0.5080869 0.8292204 0.2327361 0.5081608 0.7395153 0.2327362 0.6316258 0.7395545 0.2328137 0.6315512 0.6316134 0.2328152 0.7395008 0.631563 0.2327377 0.7395683 0.508096 0.2327347 0.8292605 0.508152 0.2328065 0.829206 0.3722189 0.2327932 0.8984767 0.3721451 0.2327101 0.8985288 0.2270218 0.23272 0.9456756 0.2270335 0.2327321 0.9456699 0.07636177 0.2327406 0.9695364 0.0763117 0.2326924 0.9695518 0.9938614 0.07822519 0.07823312 0.9693909 0.07822161 0.2327284 0.9694024 0.0782935 0.2326565 0.9210568 0.07830083 0.3814755 0.9210301 0.07821601 0.3815571 0.850022 0.07821089 0.5209084 0.850029 0.07822597 0.5208948 0.7581207 0.07822114 0.6474061 0.7580763 0.07814663 0.647467 0.6474099 0.07814621 0.7581252 0.6474632 0.07822066 0.7580719 0.5209078 0.07822608 0.850021 0.5208954 0.078211 0.85003 0.381478 0.07821547 0.9210629 0.3815546 0.07830029 0.921024 0.2327271 0.07829397 0.9693855 0.2326579 0.07822209 0.9694079 0.07822513 0.07822513 0.993862 0.07823306 0.07823306 0.9938608 0.01832973 0.9969052 0.07644718 0.969548 0.2326915 0.07636266 0.9214408 0.3816804 0.07257372 0.8987518 0.3816832 0.2157852 0.8298078 0.521273 0.1992321 0.7884196 0.5212678 0.3266105 0.703405 0.6483148 0.2913923 0.6492005 0.6483055 0.3977923 0.5547254 0.7594376 0.3399035 0.4947642 0.7594434 0.4224384 0.3982521 0.8519223 0.3400347 0.3399788 0.8519196 0.3983057 0.2490881 0.9234691 0.2918218 0.200414 0.9234642 0.3271819 0.1223611 0.9721751 0.1997581 0.08970522 0.972175 0.2163994 0.03010427 0.9969052 0.07262176 0.9969162 0 -0.07847356 0.9969162 0 -0.07847356 0.9723873 0 -0.2333729 0.9723873 0 -0.2333729 0.9238603 0 -0.3827297 0.9238603 0 -0.3827297 0.8526418 0 -0.5224959 0.8526418 0 -0.5224959 0.7603812 0 -0.649477 0.7603812 0 -0.649477 0.6494811 0 -0.7603777 0.6494811 0 -0.7603777 0.5224959 0 -0.8526418 0.5224959 0 -0.8526418 0.3826881 0 -0.9238775 0.3826881 0 -0.9238775 0.2334189 0 -0.9723764 0.2334189 0 -0.9723764 0.07847356 0 -0.9969162 0.07847356 0 -0.9969162 0 0.07847356 -0.9969162 0 0.07847356 -0.9969162 0 0.2334189 -0.9723764 0 0.2334189 -0.9723764 0 0.3826881 -0.9238775 0 0.3826881 -0.9238775 0 0.5224526 -0.8526683 0 0.5224526 -0.8526683 0 0.6495292 -0.7603366 0 0.6495292 -0.7603366 0 0.7603812 -0.649477 0 0.7603812 -0.649477 0 0.8526418 -0.5224959 0 0.8526418 -0.5224959 0 0.9238948 -0.3826466 0 0.9238948 -0.3826466 0 0.9723432 -0.2335568 0 0.9723432 -0.2335568 0 0.9969239 -0.07837694 0 0.9969239 -0.07837694 -0.9969162 0.07847356 0 -0.9969162 0.07847356 0 -0.9723764 0.2334189 0 -0.9723764 0.2334189 0 -0.9238775 0.3826881 0 -0.9238775 0.3826881 0 -0.8526683 0.5224526 0 -0.8526683 0.5224526 0 -0.7603366 0.6495292 0 -0.7603366 0.6495292 0 -0.649477 0.7603812 0 -0.649477 0.7603812 0 -0.5224959 0.8526418 0 -0.5224959 0.8526418 0 -0.3826466 0.9238948 0 -0.3826466 0.9238948 0 -0.2335568 0.9723432 0 -0.2335568 0.9723432 0 -0.07837694 0.9969239 0 -0.07837694 0.9969239 0 0 0.07847356 0.9969162 0 0.07847356 0.9969162 0 0.2333729 0.9723873 0 0.2333729 0.9723873 0 0.3827297 0.9238603 0 0.3827297 0.9238603 0 0.5224526 0.8526683 0 0.5224526 0.8526683 0 0.6495011 0.7603607 0 0.6495011 0.7603607 0 0.7604017 0.6494531 0 0.7604017 0.6494531 0 0.8526418 0.5224959 0 0.8526418 0.5224959 0 0.9238948 0.3826466 0 0.9238948 0.3826466 0 0.9723432 0.2335568 0 0.9723432 0.2335568 0 0.9969239 0.07837694 0 0.9969239 0.07837694 0.07847356 0 0.9969162 0.07847356 0 0.9969162 0.2333729 0 0.9723873 0.2333729 0 0.9723873 0.3827297 0 0.9238603 0.3827297 0 0.9238603 0.5224959 0 0.8526418 0.5224959 0 0.8526418 0.6494531 0 0.7604017 0.6494531 0 0.7604017 0.7604017 0 0.6494531 0.7604017 0 0.6494531 0.8526418 0 0.5224959 0.8526418 0 0.5224959 0.9238603 0 0.3827297 0.9238603 0 0.3827297 0.9723873 0 0.2333729 0.9723873 0 0.2333729 0.9969162 0 0.07847356 0.9969162 0 0.07847356 0.9969162 -0.07847356 0 0.9969162 -0.07847356 0 0.9723847 -0.233384 0 0.9723847 -0.233384 0 0.9238603 -0.3827297 0 0.9238603 -0.3827297 0 0.8526551 -0.5224743 0 0.8526551 -0.5224743 0 0.7604017 -0.6494531 0 0.7604017 -0.6494531 0 0.649425 -0.7604257 0 0.649425 -0.7604257 0 0.5225313 -0.8526201 0 0.5225313 -0.8526201 0 0.3826881 -0.9238775 0 0.3826881 -0.9238775 0 0.2334189 -0.9723764 0 0.2334189 -0.9723764 0 0.07847356 -0.9969162 0 0.07847356 -0.9969162 0 0.07823312 -0.07822507 -0.9938614 0.9722231 -0.1995629 -0.1222987 0.9968973 -0.07847207 -0.006164252 0.996897 -0.06711614 -0.04113095 0.9968972 -0.05987679 -0.05109584 0.9722173 -0.1780602 -0.1519477 0.9722231 -0.1779736 -0.1520122 0.9234475 -0.2917798 -0.2492173 0.9968973 -0.0511071 -0.05986553 0.9722203 -0.2162535 -0.08956551 0.9722202 -0.2276001 -0.0546444 0.9722207 -0.2275961 -0.05465251 0.9722205 -0.2333479 -0.01833027 0.9722211 -0.2333447 -0.01834052 0.9722223 -0.1519699 -0.1780136 0.9722192 -0.1520227 -0.1779859 0.9234358 -0.2492357 -0.2918015 0.9234456 -0.2491688 -0.2918272 0.8519406 -0.3400166 -0.3982282 0.9968972 -0.04112988 -0.06711441 0.9234395 -0.3271977 -0.200502 0.9234398 -0.3545382 -0.1468387 0.923442 -0.3545281 -0.1468501 0.9234423 -0.3731302 -0.08959954 0.9234401 -0.3731389 -0.08958619 0.9234398 -0.3825635 -0.03006887 0.9234422 -0.3825564 -0.03008496 0.9722218 -0.1223013 -0.1995673 0.9722217 -0.1223032 -0.1995667 0.9234368 -0.2005194 -0.3271951 0.9234359 -0.2005249 -0.3271939 0.8519347 -0.2736255 -0.4464711 0.8519386 -0.2736099 -0.4464731 0.7594102 -0.3399537 -0.5547321 0.9968973 -0.03013384 -0.07271748 0.8519284 -0.3982049 -0.3400747 0.8519268 -0.4464974 -0.2736073 0.8519307 -0.446484 -0.2736166 0.8519299 -0.4837952 -0.2003942 0.8519261 -0.4838061 -0.2003838 0.8519257 -0.5091927 -0.1222511 0.8519318 -0.509178 -0.1222703 0.8519325 -0.52204 -0.04105424 0.8519358 -0.5220335 -0.04106611 0.9722195 -0.08960872 -0.2162393 0.972222 -0.08956283 -0.2162472 0.9234423 -0.1468364 -0.3545327 0.9234369 -0.1468752 -0.3545306 0.8519245 -0.2004255 -0.4837915 0.8519366 -0.2003773 -0.4837903 0.7594009 -0.2489665 -0.601104 0.7594072 -0.2489497 -0.601103 0.6482907 -0.2913372 -0.7034499 0.9968974 -0.01837587 -0.07653772 0.7594056 -0.422535 -0.4947396 0.7594051 -0.4947488 -0.4225251 0.7594109 -0.494735 -0.4225311 0.7594107 -0.5547316 -0.3399533 0.7594102 -0.5547326 -0.3399526 0.7594078 -0.6010965 -0.2489634 0.7594189 -0.6010746 -0.2489827 0.7594211 -0.6326156 -0.1519117 0.7594079 -0.6326377 -0.1518849 0.7594025 -0.6486174 -0.0510239 0.7594105 -0.6486065 -0.05104207 0.9722208 -0.05464375 -0.2275975 0.9722204 -0.05465281 -0.2275974 0.9234414 -0.08960008 -0.3731324 0.9234421 -0.08959436 -0.3731318 0.8519191 -0.1222663 -0.5092001 0.8519254 -0.1222416 -0.5091956 0.7594234 -0.1518723 -0.6326221 0.7594015 -0.151929 -0.6326349 0.648272 -0.1777991 -0.7403587 0.6482893 -0.1777667 -0.7403513 0.5213326 -0.1992369 -0.8297692 0.9968973 -0.006164252 -0.07847207 0.6482878 -0.3978345 -0.6491923 0.6482852 -0.4944798 -0.5789784 0.6482725 -0.4945036 -0.5789724 0.6482716 -0.5789873 -0.4944874 0.6482843 -0.5789647 -0.494497 0.6482879 -0.6491899 -0.3978382 0.6482716 -0.6492166 -0.3978213 0.6482768 -0.7034425 -0.2913865 0.6482881 -0.7034258 -0.291401 0.6482884 -0.7403569 -0.1777464 0.6482749 -0.7403736 -0.1777262 0.6482764 -0.7590584 -0.05973416 0.6482659 -0.7590686 -0.05971693 0.972224 -0.0183292 -0.2333337 0.9722214 -0.018377 -0.2333407 0.9234409 -0.03012865 -0.3825559 0.9234418 -0.03012269 -0.3825543 0.8519211 -0.04110705 -0.5220543 0.8519209 -0.04110765 -0.5220545 0.7593888 -0.05107444 -0.6486294 0.7594204 -0.05099672 -0.6485985 0.6483235 -0.05967897 -0.7590224 0.6482775 -0.05976158 -0.7590553 0.5213226 -0.06697911 -0.850727 0.5213343 -0.06696242 -0.8507212 0.3816803 -0.07252925 -0.9214443 0.5213371 -0.3265612 -0.7883942 0.5213383 -0.4458814 -0.7275961 0.5213449 -0.4458717 -0.7275974 0.5213464 -0.5542128 -0.6488807 0.5213455 -0.5542141 -0.6488804 0.5213454 -0.6488811 -0.5542131 0.5213464 -0.64888 -0.5542138 0.5213443 -0.727607 -0.4458568 0.5213395 -0.7276129 -0.4458526 0.5213383 -0.7883798 -0.3265939 0.5213253 -0.788394 -0.3265805 0.5213233 -0.8297864 -0.1991897 0.5213338 -0.8297768 -0.1992022 0.521333 -0.8507246 -0.06692761 0.5213585 -0.8507065 -0.06696128 0.3816478 -0.2158067 -0.8987616 0.3816469 -0.3537153 -0.8539503 0.3816697 -0.3536869 -0.8539519 0.3816688 -0.4829446 -0.7880949 0.381644 -0.4829747 -0.7880884 0.3816434 -0.6003023 -0.7028409 0.3816697 -0.6002718 -0.7028528 0.3816752 -0.702831 -0.6002938 0.381675 -0.7028313 -0.6002936 0.3816779 -0.7881054 -0.4829201 0.3816908 -0.788093 -0.4829303 0.3816869 -0.8539277 -0.3537268 0.3816848 -0.8539295 -0.3537248 0.3816871 -0.8987557 -0.2157618 0.3816839 -0.8987578 -0.2157586 0.3816791 -0.9214448 -0.07252925 0.3816802 -0.9214442 -0.07253044 0.2327433 -0.07631075 -0.9695397 0.2327421 -0.2270675 -0.9456592 0.2327862 -0.2270196 -0.9456599 0.2327877 -0.3721418 -0.89851 0.2327571 -0.3721746 -0.8985044 0.2327581 -0.5081736 -0.8292064 0.2327989 -0.5081316 -0.8292207 0.2328016 -0.631591 -0.7395243 0.2327851 -0.6316069 -0.7395159 0.2327802 -0.7395072 -0.6316189 0.232737 -0.7395448 -0.6315908 0.2327356 -0.8292332 -0.5081402 0.2327585 -0.8292158 -0.508158 0.2327573 -0.8984991 -0.372187 0.2327446 -0.8985071 -0.3721758 0.2327415 -0.9456707 -0.2270206 0.232743 -0.9456699 -0.227022 0.2327434 -0.9695393 -0.07631623 0.2327383 -0.9695409 -0.07631087 0.07822519 -0.07823312 -0.9938614 0.07822167 -0.2327173 -0.9693937 0.0782243 -0.2327147 -0.9693941 0.07821899 -0.3815127 -0.9210483 0.07821571 -0.3815158 -0.9210472 0.07821106 -0.5208866 -0.8500354 0.07822585 -0.5208732 -0.8500422 0.07822072 -0.6474587 -0.7580757 0.07817828 -0.6474934 -0.7580505 0.07818317 -0.7580987 -0.6474363 0.07821536 -0.7580757 -0.6474594 0.07821011 -0.8500221 -0.5209085 0.07823598 -0.8500067 -0.5209296 0.07823419 -0.9210472 -0.3815122 0.07823747 -0.9210457 -0.3815151 0.07823562 -0.9693926 -0.232717 0.07822179 -0.9693969 -0.2327037 0.07822513 -0.993862 -0.07822513 0.07823306 -0.9938607 -0.07823306 0.9968974 -0.07653772 -0.01837587 0.2327382 -0.07631629 -0.9695405 0.3816792 -0.0725305 -0.9214447 0.3816838 -0.2157621 -0.898757 0.5213583 -0.1991988 -0.8297623 0.5213598 -0.326527 -0.7883933 0.648286 -0.2913464 -0.7034505 0.6482852 -0.3978394 -0.6491919 0.7594107 -0.3399524 -0.5547322 0.7594114 -0.4225203 -0.4947433 0.8519245 -0.3400789 -0.3982098 0.8519239 -0.3982214 -0.3400669 0.9234421 -0.2918132 -0.249198 0.923442 -0.3271844 -0.2005129 0.9722231 -0.1995615 -0.1223 0.9722244 -0.2162101 -0.08962678 0.9968972 -0.07271456 -0.03014278 -0.9938614 0.07823312 -0.07822507 -0.122395 0.9721787 -0.19972 -0.006156623 0.9969049 -0.07837545 -0.04108029 0.9969047 -0.06703346 -0.0510329 0.9969049 -0.059803 -0.1520674 0.9721729 -0.1782005 -0.152132 0.9721786 -0.1781138 -0.2491633 0.9234821 -0.2917166 -0.059803 0.9969049 -0.0510329 -0.08963602 0.972176 -0.2164239 -0.05468744 0.9721758 -0.2277794 -0.05469554 0.9721763 -0.2277753 -0.01834475 0.9721761 -0.2335317 -0.01839095 0.9721787 -0.2335173 -0.1781764 0.9721806 -0.1520467 -0.178126 0.9721748 -0.1521424 -0.2917382 0.9234703 -0.2491817 -0.2917639 0.9234802 -0.2491148 -0.3982282 0.8519406 -0.3400166 -0.06703346 0.9969047 -0.04108029 -0.2004663 0.9234679 -0.3271394 -0.146813 0.9234676 -0.3544762 -0.1468542 0.9234754 -0.3544391 -0.08958011 0.9234769 -0.3730494 -0.08956676 0.9234747 -0.373058 -0.03012204 0.923476 -0.3824719 -0.03011959 0.9234756 -0.3824731 -0.1997196 0.9721788 -0.1223947 -0.199719 0.9721787 -0.1223965 -0.3271319 0.9234675 -0.2004806 -0.3271355 0.9234699 -0.200464 -0.4464753 0.8519427 -0.2735937 -0.4464731 0.8519386 -0.2736099 -0.5547321 0.7594102 -0.3399537 -0.07262504 0.9969049 -0.03010565 -0.340064 0.8519386 -0.3981923 -0.2735976 0.8519381 -0.4464817 -0.2736068 0.8519421 -0.4464682 -0.2004332 0.851944 -0.483754 -0.2003838 0.8519261 -0.4838061 -0.1222511 0.8519257 -0.5091927 -0.1222337 0.8519203 -0.509206 -0.04111146 0.8519211 -0.522054 -0.04111105 0.851921 -0.5220542 -0.2164009 0.9721747 -0.08970588 -0.2164135 0.9721786 -0.08963173 -0.3544558 0.9234768 -0.1468046 -0.3544529 0.9234692 -0.14686 -0.4837844 0.8519238 -0.2004458 -0.4837826 0.8519417 -0.2003741 -0.601104 0.7594009 -0.2489665 -0.601103 0.7594072 -0.2489497 -0.703412 0.6483388 -0.2913216 -0.07644349 0.996905 -0.01835328 -0.4947396 0.7594056 -0.422535 -0.4225251 0.7594051 -0.4947488 -0.4225311 0.7594109 -0.494735 -0.3399533 0.7594107 -0.5547316 -0.3399527 0.7594103 -0.5547326 -0.2489634 0.7594078 -0.6010965 -0.2489523 0.7594015 -0.6011092 -0.1518668 0.759399 -0.6326529 -0.1519222 0.7594264 -0.6326069 -0.05107527 0.7594251 -0.6485868 -0.05099934 0.7593917 -0.6486319 -0.2277768 0.9721765 -0.05468678 -0.2277767 0.972176 -0.05469584 -0.3730555 0.9234743 -0.0895816 -0.3730539 0.9234765 -0.08956575 -0.5092025 0.8519197 -0.1222534 -0.5091985 0.851925 -0.1222319 -0.6326191 0.7594288 -0.1518587 -0.6326349 0.7594015 -0.151929 -0.7403188 0.6483201 -0.1777896 -0.7403116 0.6483373 -0.1777571 -0.829795 0.5212893 -0.1992431 -0.07837545 0.9969049 -0.006156623 -0.6491706 0.6483349 -0.3977932 -0.5789474 0.6483333 -0.4944532 -0.5789413 0.6483206 -0.494477 -0.4944607 0.6483197 -0.5789562 -0.4944705 0.6483324 -0.5789335 -0.3978168 0.648336 -0.649155 -0.3977999 0.6483196 -0.6491817 -0.2913268 0.6483229 -0.7034246 -0.2913457 0.6483379 -0.703403 -0.1777859 0.6483384 -0.7403035 -0.1777603 0.6483212 -0.7403249 -0.05967903 0.6483224 -0.7590234 -0.05975556 0.6483685 -0.758978 -0.2335175 0.9721795 -0.01834362 -0.2335245 0.972177 -0.01839154 -0.382473 0.9234755 -0.03012216 -0.3824723 0.9234759 -0.03011941 -0.5220542 0.8519209 -0.04111146 -0.522054 0.851921 -0.04111099 -0.6486293 0.7593886 -0.05107867 -0.6485966 0.759422 -0.0509966 -0.7589816 0.6483716 -0.05967575 -0.7590144 0.6483255 -0.05975842 -0.8507534 0.5212793 -0.06698119 -0.8507475 0.521291 -0.06696444 -0.9214444 0.3816803 -0.07252925 -0.7884114 0.5212944 -0.3265877 -0.7276322 0.5212959 -0.4458721 -0.7276331 0.5213007 -0.445865 -0.6489008 0.5213031 -0.5542299 -0.6489004 0.5213022 -0.5542313 -0.5542303 0.5213021 -0.6489012 -0.5542309 0.5213031 -0.6489 -0.4458705 0.5213009 -0.7276296 -0.4458665 0.5212962 -0.7276355 -0.3265607 0.5212934 -0.7884233 -0.3265829 0.5213147 -0.7883999 -0.1992392 0.5213162 -0.829779 -0.1992084 0.5212905 -0.8298025 -0.0669806 0.5212916 -0.850746 -0.06696504 0.5212799 -0.8507544 -0.8987616 0.3816478 -0.2158067 -0.8539432 0.3816463 -0.3537332 -0.8539458 0.3816856 -0.3536844 -0.7881007 0.3816912 -0.4829172 -0.7880883 0.381644 -0.4829747 -0.7028409 0.3816434 -0.6003023 -0.7028411 0.3816435 -0.6003021 -0.6003023 0.3816436 -0.7028409 -0.6003021 0.3816433 -0.7028412 -0.4829277 0.3816425 -0.7881179 -0.4829648 0.3816897 -0.7880724 -0.3537268 0.3816869 -0.8539277 -0.3536904 0.3816476 -0.8539603 -0.2157657 0.3816466 -0.8987719 -0.2158033 0.3816826 -0.8987476 -0.07252925 0.3816791 -0.9214448 -0.07253044 0.3816802 -0.9214443 -0.9695397 0.2327433 -0.07631075 -0.9456592 0.2327421 -0.2270675 -0.9456599 0.2327862 -0.2270196 -0.89851 0.2327877 -0.3721418 -0.8985044 0.2327571 -0.3721746 -0.8292064 0.2327581 -0.5081736 -0.8292124 0.2327753 -0.508156 -0.7395088 0.2327712 -0.6316203 -0.7395308 0.2328144 -0.6315788 -0.6316134 0.2328152 -0.7395008 -0.6315854 0.232772 -0.7395384 -0.5081714 0.2327756 -0.8292029 -0.508158 0.2327585 -0.8292158 -0.3721447 0.2327565 -0.8985169 -0.3721719 0.2327871 -0.8984978 -0.227065 0.2327871 -0.9456488 -0.227022 0.232743 -0.9456699 -0.07631623 0.2327434 -0.9695393 -0.07631087 0.2327383 -0.9695409 -0.9938614 0.07822519 -0.07823312 -0.9693937 0.07822167 -0.2327173 -0.9693958 0.0782355 -0.2327035 -0.9210469 0.07823747 -0.3815121 -0.9210459 0.07823419 -0.3815152 -0.8500204 0.07823616 -0.5209074 -0.8500273 0.07825124 -0.5208938 -0.7580946 0.07825225 -0.6474328 -0.7580319 0.07814705 -0.6475189 -0.6474382 0.07814639 -0.7581009 -0.6475136 0.0782516 -0.7580256 -0.5209068 0.07825136 -0.8500193 -0.5208944 0.07823622 -0.8500283 -0.3815122 0.07823419 -0.9210472 -0.3815151 0.07823747 -0.9210457 -0.232717 0.07823562 -0.9693926 -0.2327037 0.07822179 -0.9693969 -0.07822513 0.07822513 -0.993862 -0.07823306 0.07823306 -0.9938608 -0.01835328 0.996905 -0.07644349 -0.9695405 0.2327382 -0.07631629 -0.9214447 0.3816792 -0.0725305 -0.898757 0.3816838 -0.2157621 -0.829788 0.521315 -0.199205 -0.7884107 0.5213158 -0.3265554 -0.7034139 0.648324 -0.2913503 -0.6491677 0.6483185 -0.3978246 -0.5547322 0.7594107 -0.3399524 -0.4947433 0.7594114 -0.4225203 -0.3982098 0.8519245 -0.3400789 -0.340036 0.8519224 -0.3982509 -0.2491274 0.9234721 -0.2917786 -0.2004771 0.9234704 -0.3271261 -0.1223964 0.9721788 -0.1997187 -0.08969742 0.97218 -0.2163804 -0.03010565 0.9969049 -0.07262504 -0.07822507 0.07823312 0.9938614 -0.1997423 0.972178 0.122364 -0.07837545 0.9969049 0.006156623 -0.06703931 0.9969047 0.04106885 -0.05980116 0.996905 0.05103129 -0.178206 0.9721711 0.152072 -0.1780996 0.9721782 0.1521514 -0.2916806 0.9234878 0.2491841 -0.05101782 0.996905 0.05981397 -0.2164239 0.972176 0.08963602 -0.2277794 0.9721758 0.05468744 -0.2277753 0.9721763 0.05469554 -0.2335317 0.9721761 0.01834475 -0.2335173 0.9721787 0.01839095 -0.1520019 0.9721814 0.1782091 -0.1521479 0.9721727 0.1781324 -0.2491817 0.9234703 0.2917382 -0.2490839 0.9234847 0.2917758 -0.3399826 0.8519422 0.3982542 -0.04109722 0.9969049 0.06702119 -0.3271394 0.9234679 0.2004663 -0.3544762 0.9234676 0.146813 -0.3544391 0.9234754 0.1468542 -0.3730494 0.9234769 0.08958011 -0.373058 0.9234747 0.08956676 -0.3824719 0.923476 0.03012204 -0.3824731 0.9234756 0.03011959 -0.1224599 0.9721732 0.1997072 -0.1223709 0.9721782 0.1997374 -0.2004196 0.9234812 0.3271307 -0.2004925 0.9234709 0.3271151 -0.2736359 0.851941 0.4464526 -0.2736402 0.8519399 0.4464521 -0.3400046 0.7593908 0.5547274 -0.03010427 0.9969052 0.07262176 -0.3982093 0.8519395 0.3400415 -0.4464817 0.8519381 0.2735976 -0.4464682 0.8519421 0.2736068 -0.483754 0.851944 0.2004332 -0.483793 0.8519306 0.2003963 -0.5091878 0.8519289 0.1222499 -0.5092011 0.8519234 0.1222325 -0.5220523 0.8519221 0.04111129 -0.5220543 0.851921 0.04110759 -0.08970588 0.9721747 0.2164009 -0.08970057 0.9721749 0.2164018 -0.1469227 0.9234604 0.3544496 -0.1467796 0.9234803 0.3544572 -0.2003324 0.8519521 0.4837815 -0.2003741 0.8519417 0.4837826 -0.2489665 0.7594009 0.601104 -0.2489957 0.7593897 0.6011059 -0.2913669 0.648337 0.7033951 -0.01832973 0.9969052 0.07644718 -0.4225718 0.7593913 0.4947302 -0.4947847 0.7593903 0.4225097 -0.4947052 0.7594231 0.4225439 -0.5547208 0.7594215 0.3399468 -0.5547218 0.759421 0.339946 -0.6010792 0.7594165 0.2489785 -0.6011235 0.7593942 0.2489397 -0.6326583 0.7593942 0.1518681 -0.6326048 0.7594258 0.1519325 -0.6485873 0.7594249 0.0510711 -0.6486321 0.7593919 0.05099582 -0.05461925 0.9721751 0.2277987 -0.05462741 0.9721747 0.2277986 -0.08945775 0.9234915 0.3730426 -0.08965003 0.9234647 0.3730626 -0.1223609 0.8519157 0.509183 -0.122222 0.8519511 0.5091574 -0.1518587 0.7594288 0.6326191 -0.151929 0.7594015 0.6326349 -0.177795 0.6482926 0.7403416 -0.1777141 0.6483356 0.7403233 -0.1991943 0.521291 0.8298056 -0.006156623 0.9969049 0.07837545 -0.3978039 0.6483108 0.6491881 -0.4944962 0.6483103 0.5789364 -0.4944394 0.6483406 0.5789508 -0.5789214 0.6483393 0.4944757 -0.5789639 0.6483153 0.4944574 -0.6491657 0.6483212 0.3978234 -0.6491925 0.6483049 0.3978065 -0.7034413 0.6483113 0.291312 -0.703403 0.6483379 0.2913457 -0.7403004 0.648339 0.1777977 -0.7403303 0.6483146 0.1777616 -0.7590258 0.64832 0.05967509 -0.758978 0.6483685 0.05975556 -0.01834362 0.9721795 0.2335175 -0.0184288 0.972175 0.2335299 -0.03018242 0.9234738 0.3824723 -0.03007608 0.923489 0.3824439 -0.0410555 0.8519229 0.5220554 -0.04106819 0.8519195 0.5220599 -0.05102306 0.7594112 0.6486072 -0.0509966 0.759422 0.6485966 -0.0596776 0.6483435 0.7590055 -0.05976027 0.6482973 0.7590383 -0.06698119 0.5212793 0.8507534 -0.0669645 0.521291 0.8507476 -0.07252788 0.3817217 0.9214273 -0.3265407 0.5213257 0.7884104 -0.4458625 0.5213261 0.7276164 -0.4458984 0.5213021 0.7276117 -0.5541998 0.5213045 0.6489256 -0.554242 0.5212752 0.6489129 -0.6489341 0.5212779 0.5542145 -0.6488702 0.521325 0.5542452 -0.7276199 0.5213195 0.4458646 -0.7276259 0.5213147 0.4458606 -0.7884157 0.5213069 0.3265575 -0.7884206 0.5213025 0.3265529 -0.8297839 0.521308 0.1992404 -0.829793 0.521298 0.1992285 -0.8507443 0.5212944 0.06698042 -0.8507546 0.52128 0.06696134 -0.2157582 0.3816869 0.8987566 -0.3536839 0.381686 0.8539459 -0.3537306 0.3816484 0.8539432 -0.4829618 0.3816546 0.7880911 -0.4829329 0.3816784 0.7880973 -0.6002939 0.381675 0.702831 -0.6002936 0.3816752 0.7028312 -0.7028108 0.3816715 0.6003197 -0.7028412 0.3816433 0.6003021 -0.7881179 0.3816425 0.4829277 -0.7881129 0.3816476 0.4829317 -0.8539549 0.381654 0.3536963 -0.8539347 0.3816784 0.3537189 -0.8987584 0.3816667 0.2157867 -0.8987476 0.3816826 0.2158033 -0.9214451 0.3816791 0.07252532 -0.9214445 0.3816803 0.07252675 -0.07631075 0.2327433 0.9695397 -0.2270205 0.232743 0.9456704 -0.2270221 0.2327415 0.9456703 -0.3721883 0.2327443 0.8985021 -0.3721746 0.2327571 0.8985044 -0.5081374 0.2327589 0.8292285 -0.5081608 0.2327361 0.8292204 -0.6316258 0.2327362 0.7395153 -0.6315512 0.2328137 0.7395545 -0.7395008 0.2328152 0.6316134 -0.7395384 0.232772 0.6315853 -0.8292302 0.2327747 0.5081272 -0.829206 0.2328065 0.508152 -0.8984944 0.2327924 0.3721766 -0.8985194 0.2327525 0.3721412 -0.9456537 0.2327656 0.2270662 -0.9456699 0.2327321 0.2270335 -0.9695404 0.2327397 0.07631236 -0.9695409 0.2327383 0.07631087 -0.07823312 0.07822519 0.9938614 -0.2327173 0.07822167 0.9693937 -0.2326567 0.07828223 0.9694033 -0.3815107 0.07828211 0.9210437 -0.3815566 0.07823449 0.9210287 -0.5209074 0.07823616 0.8500204 -0.5208938 0.07825124 0.8500273 -0.6474044 0.07825249 0.7581188 -0.6474909 0.07814681 0.7580558 -0.7581009 0.07814639 0.6474382 -0.7580479 0.07822042 0.6474913 -0.850021 0.07822608 0.5209078 -0.85003 0.078211 0.5208954 -0.9210629 0.07821547 0.381478 -0.9210444 0.07825595 0.3815146 -0.969389 0.07824695 0.232728 -0.9693969 0.07822179 0.2327037 -0.993862 0.07822513 0.07822513 -0.9938607 0.07823306 0.07823306 -0.07644349 0.996905 0.01835328 -0.0763666 0.2326914 0.9695478 -0.07257741 0.3816805 0.9214405 -0.2157621 0.3816838 0.898757 -0.1992099 0.5212805 0.8298084 -0.3266073 0.5212814 0.788412 -0.2913888 0.6483256 0.7033964 -0.3977858 0.6483203 0.6491898 -0.33991 0.7594268 0.5547361 -0.4224761 0.7594286 0.4947546 -0.3400551 0.8519234 0.3982326 -0.3982762 0.8519211 0.3400096 -0.2918031 0.9234682 0.2491132 -0.327152 0.9234657 0.200456 -0.1997275 0.9721791 0.1223792 -0.2163804 0.97218 0.08969742 -0.07262504 0.9969049 0.03010565 0.07823312 -0.9938614 0.07822507 0.9722228 -0.1223521 0.1995315 0.9968973 -0.006164252 0.07847207 0.9968973 -0.04114681 0.06710213 0.9968974 -0.05109196 0.0598765 0.9722151 -0.1519474 0.1780724 0.9722213 -0.1520169 0.1779791 0.9234529 -0.2492088 0.2917699 0.9968974 -0.05987489 0.05109417 0.9722191 -0.0896303 0.2162322 0.9722189 -0.05457681 0.2276217 0.9722194 -0.05458414 0.2276181 0.9722178 -0.01833117 0.2333589 0.9722225 -0.0184133 0.2333334 0.972225 -0.1780361 0.1519271 0.9722178 -0.1779745 0.1520444 0.9234354 -0.2917765 0.249266 0.9234504 -0.2918155 0.2491648 0.8519303 -0.3982371 0.3400323 0.9968972 -0.06712198 0.04111951 0.9234478 -0.2005398 0.3271511 0.9234523 -0.1469302 0.3544678 0.9234301 -0.1468113 0.3545747 0.9234251 -0.089495 0.373198 0.9234532 -0.08966583 0.3730872 0.923458 -0.03018546 0.3825104 0.9234423 -0.03008174 0.3825564 0.9722239 -0.1995798 0.1222645 0.9722228 -0.199573 0.1222845 0.92344 -0.3272049 0.2004885 0.9234377 -0.3272015 0.2005044 0.8519313 -0.4464911 0.2736034 0.8519272 -0.446489 0.2736196 0.759421 -0.5547214 0.3399471 0.9968972 -0.07271456 0.03014278 0.8519397 -0.3400377 0.3982123 0.8519408 -0.273661 0.4464376 0.8519338 -0.2736454 0.4464604 0.8519345 -0.2003235 0.4838162 0.8519508 -0.2003684 0.483769 0.851956 -0.1223583 0.5091163 0.85192 -0.1222437 0.5092042 0.8519189 -0.04105156 0.5220622 0.8519226 -0.04106438 0.5220552 0.972219 -0.2162305 0.08963525 0.972223 -0.2162432 0.08956122 0.9234423 -0.3545327 0.1468364 0.9234402 -0.3545318 0.1468516 0.8519307 -0.4837938 0.2003936 0.85193 -0.4837939 0.2003967 0.7594112 -0.601085 0.2489809 0.759416 -0.6010841 0.2489681 0.6482896 -0.7034399 0.2913638 0.9968974 -0.07653772 0.01837587 0.7593934 -0.4947316 0.4225664 0.7593878 -0.4225071 0.4947907 0.7594252 -0.4225461 0.4947001 0.7594301 -0.3399806 0.5546883 0.7593942 -0.3399299 0.5547685 0.7593888 -0.2489719 0.6011171 0.7593998 -0.2489913 0.6010951 0.7593995 -0.1518789 0.6326494 0.7594214 -0.1519235 0.6326123 0.7594212 -0.05101794 0.6485958 0.7594122 -0.05099749 0.648608 0.9722208 -0.2275975 0.05464375 0.9722204 -0.2275974 0.05465281 0.9234397 -0.3731364 0.08960098 0.9234419 -0.3731347 0.08958518 0.8519357 -0.5091769 0.1222473 0.8519297 -0.5091813 0.1222711 0.7594067 -0.6326319 0.1519156 0.7594154 -0.6326268 0.151893 0.6482669 -0.7403719 0.1777625 0.6482875 -0.7403631 0.1777237 0.5213426 -0.829775 0.199187 0.9968973 -0.07847207 0.006164252 0.6482721 -0.6492162 0.3978211 0.6482656 -0.5789691 0.4945164 0.6482896 -0.5789806 0.4944716 0.6482946 -0.4945049 0.5789465 0.6482642 -0.4944817 0.5790003 0.6482621 -0.3978116 0.6492319 0.6482854 -0.3978356 0.6491941 0.6482875 -0.291383 0.7034339 0.6482887 -0.2913846 0.703432 0.6482904 -0.1777955 0.7403433 0.6482474 -0.1777317 0.7403964 0.6482462 -0.05968409 0.759088 0.6482923 -0.05976063 0.7590427 0.9722213 -0.2333447 0.01833003 0.9722207 -0.2333463 0.01834064 0.9234427 -0.3825566 0.03006833 0.9234403 -0.3825612 0.03008538 0.8519362 -0.5220338 0.04105377 0.8519338 -0.522037 0.04106295 0.7594114 -0.6486073 0.05101889 0.759403 -0.6486154 0.05103927 0.6482654 -0.759068 0.05973076 0.6482735 -0.7590623 0.0597164 0.5213597 -0.8507085 0.06692636 0.521337 -0.8507199 0.06695866 0.3816804 -0.9214446 0.07252526 0.52135 -0.7883937 0.3265417 0.5213577 -0.7276 0.4458524 0.5213626 -0.7276009 0.4458453 0.5213706 -0.6488912 0.5541778 0.5213235 -0.6488709 0.5542458 0.5213171 -0.5541947 0.6489197 0.5213463 -0.5542138 0.6488799 0.5213451 -0.4458793 0.7275925 0.5213674 -0.4458983 0.7275649 0.5213704 -0.3265684 0.7883692 0.5213274 -0.3265237 0.7884161 0.5213233 -0.1991897 0.8297864 0.5213338 -0.1992022 0.8297768 0.5213349 -0.06697851 0.8507196 0.5213232 -0.06696295 0.850728 0.3817064 -0.8987488 0.2157564 0.3817176 -0.8539307 0.3536863 0.381656 -0.8539266 0.3537628 0.3816478 -0.788116 0.4829266 0.381677 -0.7881237 0.4828912 0.3816741 -0.7028101 0.600319 0.3817021 -0.7028227 0.6002863 0.3817022 -0.6002866 0.7028225 0.3816758 -0.6002701 0.7028509 0.3816798 -0.4829788 0.7880685 0.3816336 -0.4829425 0.7881131 0.3816308 -0.3536748 0.8539743 0.3816848 -0.3537248 0.8539295 0.3816871 -0.2157618 0.8987557 0.3816839 -0.2157586 0.8987578 0.3816791 -0.07252925 0.9214448 0.3817203 -0.0725761 0.9214241 0.2327397 -0.9695405 0.07631087 0.2327323 -0.9456728 0.2270211 0.2327203 -0.9456726 0.2270342 0.2327085 -0.8984954 0.3722267 0.2327917 -0.8985108 0.3721376 0.2328079 -0.8292456 0.5080869 0.2327361 -0.8292204 0.5081608 0.2327362 -0.7395153 0.6316258 0.2327794 -0.7395371 0.6315842 0.2327848 -0.6315936 0.7395273 0.232767 -0.6315821 0.7395429 0.2327597 -0.5081372 0.8292283 0.2327589 -0.5081366 0.8292289 0.2327573 -0.3721871 0.8984992 0.2327446 -0.3721758 0.8985071 0.2327415 -0.2270206 0.9456707 0.232743 -0.227022 0.9456699 0.2327443 -0.07636559 0.9695351 0.2326924 -0.0763117 0.9695518 0.07822519 -0.9938614 0.07823312 0.07822161 -0.9693909 0.2327284 0.07824683 -0.969395 0.2327032 0.07825618 -0.9210599 0.3814768 0.07821571 -0.9210472 0.3815158 0.07821089 -0.850022 0.5209084 0.07818502 -0.8500101 0.5209317 0.07818412 -0.7580986 0.6474363 0.07818317 -0.758098 0.647437 0.07817775 -0.6474325 0.7581025 0.07822066 -0.6474632 0.7580719 0.07822591 -0.520886 0.8500344 0.07821112 -0.5208738 0.8500432 0.07821571 -0.3815127 0.9210485 0.07826334 -0.3815557 0.9210267 0.07827132 -0.2327163 0.9693899 0.07822203 -0.2326689 0.9694052 0.07822513 -0.07822513 0.993862 0.07823306 -0.07823306 0.9938608 0.9968975 -0.01835232 0.07654148 0.2327383 -0.9695408 0.07631242 0.3816791 -0.921445 0.07252681 0.3816832 -0.8987518 0.2157852 0.5213163 -0.8297821 0.1992259 0.5213111 -0.7883951 0.3266003 0.6482666 -0.7034427 0.291408 0.6482557 -0.6492133 0.3978525 0.7594215 -0.5547214 0.3399458 0.7594261 -0.494753 0.4224826 0.8519235 -0.3982293 0.3400586 0.8519209 -0.3400051 0.3982805 0.9234385 -0.2491563 0.2918606 0.9234343 -0.2004785 0.3272268 0.9722177 -0.122285 0.199597 0.9722179 -0.08961135 0.2162456 0.9968975 -0.03013247 0.0727142 0 -0.07847356 -0.9969162 0 -0.07847356 -0.9969162 0 -0.2334299 -0.9723736 0 -0.2334299 -0.9723736 0 -0.3826881 -0.9238775 0 -0.3826881 -0.9238775 0 -0.5224743 -0.8526551 0 -0.5224743 -0.8526551 0 -0.6494811 -0.7603777 0 -0.6494811 -0.7603777 0 -0.7604053 -0.649449 0 -0.7604053 -0.649449 0 -0.8526201 -0.5225313 0 -0.8526201 -0.5225313 0 -0.9238775 -0.3826881 0 -0.9238775 -0.3826881 0 -0.9723764 -0.2334189 0 -0.9723764 -0.2334189 0 -0.9969162 -0.07847356 0 -0.9969162 -0.07847356 -0.07847356 0 -0.9969162 -0.07847356 0 -0.9969162 -0.2334189 0 -0.9723764 -0.2334189 0 -0.9723764 -0.3826881 0 -0.9238775 -0.3826881 0 -0.9238775 -0.5224959 0 -0.8526418 -0.5224959 0 -0.8526418 -0.6495051 0 -0.7603572 -0.6495051 0 -0.7603572 -0.7603572 0 -0.6495051 -0.7603572 0 -0.6495051 -0.8526418 0 -0.5224959 -0.8526418 0 -0.5224959 -0.9238775 0 -0.3826881 -0.9238775 0 -0.3826881 -0.9723764 0 -0.2334189 -0.9723764 0 -0.2334189 -0.9969162 0 -0.07847356 -0.9969162 0 -0.07847356 -0.9969162 0 0.07847356 -0.9969162 0 0.07847356 -0.9723764 0 0.2334189 -0.9723764 0 0.2334189 -0.9238775 0 0.3826881 -0.9238775 0 0.3826881 -0.8526418 0 0.5224959 -0.8526418 0 0.5224959 -0.7603777 0 0.6494811 -0.7603777 0 0.6494811 -0.649477 0 0.7603812 -0.649477 0 0.7603812 -0.5224959 0 0.8526418 -0.5224959 0 0.8526418 -0.3827297 0 0.9238603 -0.3827297 0 0.9238603 -0.2333729 0 0.9723873 -0.2333729 0 0.9723873 -0.07847356 0 0.9969162 -0.07847356 0 0.9969162 0 -0.07847356 0.9969162 0 -0.07847356 0.9969162 0 -0.233384 0.9723847 0 -0.233384 0.9723847 0 -0.3827297 0.9238603 0 -0.3827297 0.9238603 0 -0.5224743 0.8526551 0 -0.5224743 0.8526551 0 -0.6494531 0.7604017 0 -0.6494531 0.7604017 0 -0.7604257 0.649425 0 -0.7604257 0.649425 0 -0.8526201 0.5225313 0 -0.8526201 0.5225313 0 -0.9238775 0.3826881 0 -0.9238775 0.3826881 0 -0.9723764 0.2334189 0 -0.9723764 0.2334189 0 -0.9969162 0.07847356 0 -0.9969162 0.07847356 -0.9938614 -0.07822507 -0.07823312 -0.1223227 -0.1996021 -0.972212 -0.006164252 -0.07847207 -0.9968973 -0.04113095 -0.06711614 -0.996897 -0.05109584 -0.05987679 -0.9968972 -0.1519776 -0.1780954 -0.9722062 -0.1520422 -0.1780087 -0.9722119 -0.2491903 -0.2917482 -0.9234648 -0.05986553 -0.0511071 -0.9968973 -0.08958315 -0.2162961 -0.9722093 -0.05465513 -0.2276449 -0.9722091 -0.05466324 -0.2276409 -0.9722096 -0.01833391 -0.2333939 -0.9722095 -0.0183441 -0.2333906 -0.97221 -0.1780486 -0.1519998 -0.9722113 -0.178021 -0.1520527 -0.972208 -0.2917698 -0.2492087 -0.923453 -0.2917955 -0.2491418 -0.9234629 -0.3982282 -0.3400166 -0.8519406 -0.06711441 -0.04112988 -0.9968972 -0.2004804 -0.3271623 -0.9234569 -0.1468228 -0.3544998 -0.923457 -0.1468341 -0.3544896 -0.9234591 -0.08958983 -0.3730898 -0.9234596 -0.08957648 -0.3730985 -0.9234574 -0.03006565 -0.3825221 -0.923457 -0.03008168 -0.382515 -0.9234595 -0.1996066 -0.1223254 -0.9722107 -0.199606 -0.1223273 -0.9722106 -0.3271597 -0.2004977 -0.9234541 -0.3271585 -0.2005032 -0.9234532 -0.4464711 -0.2736255 -0.8519347 -0.4464731 -0.2736099 -0.8519386 -0.554756 -0.3399683 -0.7593861 -0.07271748 -0.03013384 -0.9968973 -0.3400747 -0.3982049 -0.8519284 -0.2736073 -0.4464974 -0.8519268 -0.2736166 -0.446484 -0.8519307 -0.2003942 -0.4837952 -0.8519299 -0.2003838 -0.4838061 -0.851926 -0.1222511 -0.5091927 -0.8519257 -0.1222703 -0.509178 -0.8519318 -0.04105424 -0.52204 -0.8519324 -0.04106611 -0.5220335 -0.8519358 -0.2162818 -0.08962637 -0.9722084 -0.2162897 -0.08958047 -0.9722109 -0.3544942 -0.1468205 -0.9234595 -0.3544922 -0.1468592 -0.9234542 -0.4837915 -0.2004255 -0.8519245 -0.4837903 -0.2003773 -0.8519366 -0.60113 -0.2489773 -0.7593768 -0.6011289 -0.2489604 -0.7593832 -0.703431 -0.2913294 -0.6483147 -0.07653772 -0.01837587 -0.9968973 -0.4947609 -0.4225533 -0.7593815 -0.4225434 -0.4947702 -0.759381 -0.4225494 -0.4947564 -0.7593868 -0.339968 -0.5547555 -0.7593867 -0.3399673 -0.5547565 -0.7593862 -0.2489742 -0.6011224 -0.7593837 -0.2489935 -0.6011005 -0.7593948 -0.1519182 -0.6326429 -0.759397 -0.1518915 -0.6326651 -0.7593839 -0.0510261 -0.6486454 -0.7593784 -0.05104428 -0.6486345 -0.7593864 -0.2276424 -0.05465453 -0.9722098 -0.2276422 -0.05466353 -0.9722093 -0.373092 -0.08959037 -0.9234586 -0.3730914 -0.0895847 -0.9234594 -0.5092002 -0.1222664 -0.8519191 -0.5091956 -0.1222416 -0.8519254 -0.6326494 -0.1518789 -0.7593994 -0.6326622 -0.1519355 -0.7593774 -0.7403388 -0.1777943 -0.6482961 -0.7403314 -0.1777619 -0.6483133 -0.8297692 -0.1992369 -0.5213326 -0.07847207 -0.006164252 -0.9968973 -0.6491749 -0.3978238 -0.6483118 -0.5789629 -0.4944664 -0.6483092 -0.5789568 -0.4944903 -0.6482965 -0.494474 -0.5789718 -0.6482957 -0.4944838 -0.5789491 -0.6483084 -0.3978275 -0.6491724 -0.6483119 -0.3978106 -0.6491991 -0.6482956 -0.2913786 -0.7034235 -0.6483007 -0.2913932 -0.7034071 -0.6483122 -0.1777416 -0.740337 -0.6483125 -0.1777215 -0.7403537 -0.6482989 -0.05973255 -0.759038 -0.6483004 -0.05971533 -0.7590482 -0.64829 -0.2333797 -0.01833277 -0.9722129 -0.2333866 -0.0183807 -0.9722103 -0.3825144 -0.03012537 -0.9234582 -0.3825128 -0.03011941 -0.9234591 -0.5220543 -0.04110705 -0.8519211 -0.5220545 -0.04110765 -0.8519209 -0.6486574 -0.05107665 -0.7593647 -0.6486265 -0.05099898 -0.7593963 -0.759002 -0.05967736 -0.6483476 -0.7590349 -0.05975997 -0.6483014 -0.850727 -0.06697911 -0.5213226 -0.8507212 -0.06696242 -0.5213343 -0.9214444 -0.07252925 -0.3816803 -0.7883942 -0.3265612 -0.5213371 -0.7275961 -0.4458814 -0.5213383 -0.7275974 -0.4458717 -0.5213449 -0.6488807 -0.5542128 -0.5213464 -0.6488804 -0.5542141 -0.5213455 -0.5542131 -0.6488811 -0.5213454 -0.5542138 -0.64888 -0.5213464 -0.4458567 -0.727607 -0.5213442 -0.4458526 -0.7276129 -0.5213395 -0.3265939 -0.7883798 -0.5213383 -0.3265805 -0.788394 -0.5213253 -0.1991897 -0.8297864 -0.5213233 -0.1992022 -0.8297768 -0.5213338 -0.06692761 -0.8507246 -0.521333 -0.06696128 -0.8507065 -0.5213585 -0.8987616 -0.2158067 -0.3816478 -0.8539503 -0.3537153 -0.3816469 -0.8539519 -0.3536869 -0.3816697 -0.7880948 -0.4829445 -0.3816688 -0.7880884 -0.4829747 -0.381644 -0.7028409 -0.6003023 -0.3816434 -0.7028528 -0.6002718 -0.3816697 -0.6002938 -0.702831 -0.3816752 -0.6002936 -0.7028313 -0.381675 -0.4829201 -0.7881054 -0.3816779 -0.4829303 -0.788093 -0.3816908 -0.3537268 -0.8539277 -0.3816869 -0.3537248 -0.8539295 -0.3816848 -0.2157618 -0.8987557 -0.3816871 -0.2157586 -0.8987578 -0.3816839 -0.07252925 -0.9214448 -0.3816791 -0.07253044 -0.9214443 -0.3816802 -0.9695397 -0.07631075 -0.2327433 -0.9456592 -0.2270675 -0.2327421 -0.9456599 -0.2270196 -0.2327862 -0.89851 -0.3721418 -0.2327877 -0.8985044 -0.3721746 -0.2327571 -0.8292064 -0.5081736 -0.2327581 -0.8292207 -0.5081316 -0.2327989 -0.7395243 -0.631591 -0.2328016 -0.7395159 -0.6316069 -0.2327851 -0.6316189 -0.7395073 -0.2327802 -0.6315908 -0.7395448 -0.232737 -0.5081403 -0.8292332 -0.2327356 -0.508158 -0.8292158 -0.2327585 -0.3721871 -0.8984992 -0.2327573 -0.3721758 -0.8985071 -0.2327446 -0.2270206 -0.9456707 -0.2327415 -0.227022 -0.9456699 -0.232743 -0.07631623 -0.9695393 -0.2327434 -0.07631087 -0.9695409 -0.2327383 -0.9938614 -0.07823312 -0.07822519 -0.9693937 -0.2327173 -0.07822167 -0.9693941 -0.2327147 -0.0782243 -0.9210483 -0.3815127 -0.07821899 -0.9210472 -0.3815158 -0.07821571 -0.8500354 -0.5208866 -0.07821106 -0.8500423 -0.5208733 -0.07822585 -0.7580757 -0.6474586 -0.07822072 -0.7580505 -0.6474934 -0.07817828 -0.6474363 -0.7580987 -0.07818317 -0.6474594 -0.7580757 -0.07821536 -0.5209084 -0.850022 -0.07821011 -0.5209297 -0.8500068 -0.07823598 -0.3815122 -0.9210472 -0.07823419 -0.3815151 -0.9210457 -0.07823747 -0.232717 -0.9693926 -0.07823562 -0.2327037 -0.9693969 -0.07822179 -0.07822513 -0.993862 -0.07822513 -0.07823306 -0.9938607 -0.07823306 -0.01837587 -0.07653772 -0.9968973 -0.9695405 -0.07631629 -0.2327382 -0.9214447 -0.0725305 -0.3816792 -0.8987571 -0.2157622 -0.3816838 -0.8297623 -0.1991988 -0.5213583 -0.7883933 -0.326527 -0.5213598 -0.7034316 -0.2913386 -0.64831 -0.6491744 -0.3978287 -0.6483092 -0.5547561 -0.339967 -0.7593867 -0.4947646 -0.4225386 -0.7593873 -0.3982098 -0.3400789 -0.8519245 -0.3400669 -0.3982214 -0.8519239 -0.249171 -0.2917816 -0.9234594 -0.2004911 -0.3271489 -0.9234592 -0.1223241 -0.1996008 -0.9722121 -0.08964443 -0.2162528 -0.9722133 -0.03014278 -0.07271456 -0.9968972 -0.07822507 -0.9938614 0.07823312 -0.1995678 -0.1223016 0.9722217 -0.07847207 -0.006164252 0.9968973 -0.06711441 -0.04112988 0.9968972 -0.05986553 -0.0511071 0.9968973 -0.1780269 -0.1519813 0.9722181 -0.1779791 -0.1520169 0.9722213 -0.2917798 -0.2492173 0.9234475 -0.05109584 -0.05987679 0.9968972 -0.2162535 -0.08956551 0.9722203 -0.2276001 -0.0546444 0.9722202 -0.2275961 -0.05465251 0.9722207 -0.2333479 -0.01833027 0.9722205 -0.2333335 -0.01837646 0.9722231 -0.1519271 -0.1780361 0.972225 -0.1520227 -0.1779859 0.9722192 -0.2492272 -0.2917914 0.9234412 -0.2491912 -0.2918053 0.9234465 -0.3400614 -0.398215 0.851929 -0.04113095 -0.06711614 0.996897 -0.3271926 -0.2005241 0.9234366 -0.3545469 -0.1468423 0.9234359 -0.3545209 -0.1468712 0.9234412 -0.3731302 -0.08959954 0.9234423 -0.3731334 -0.08959472 0.9234416 -0.3825535 -0.03012847 0.923442 -0.382556 -0.03012281 0.9234412 -0.1222984 -0.1995624 0.9722232 -0.1223002 -0.1995617 0.9722231 -0.2005164 -0.3271902 0.9234391 -0.2004997 -0.3271938 0.9234414 -0.2736034 -0.4464911 0.8519313 -0.2736195 -0.4464889 0.8519272 -0.3399537 -0.5547321 0.7594102 -0.03014278 -0.07271456 0.9968972 -0.3981923 -0.340064 0.8519386 -0.4464649 -0.2736217 0.8519392 -0.4464779 -0.2736128 0.8519352 -0.483771 -0.200417 0.851938 -0.4838061 -0.2003838 0.851926 -0.5091889 -0.1222636 0.8519262 -0.5092042 -0.1222437 0.85192 -0.5220546 -0.04110705 0.8519209 -0.5220543 -0.04110759 0.851921 -0.08963525 -0.2162305 0.972219 -0.08956122 -0.2162432 0.972223 -0.1468364 -0.3545327 0.9234423 -0.1468516 -0.3545318 0.9234402 -0.2003968 -0.4838016 0.8519256 -0.2003817 -0.4838011 0.8519293 -0.248958 -0.6010835 0.7594199 -0.2489871 -0.6010854 0.7594088 -0.2913825 -0.7034329 0.6482889 -0.01837587 -0.07653772 0.9968973 -0.422535 -0.4947396 0.7594056 -0.4947488 -0.4225251 0.7594051 -0.494735 -0.4225311 0.7594109 -0.5547316 -0.3399533 0.7594107 -0.5547326 -0.3399527 0.7594103 -0.6010965 -0.2489634 0.7594078 -0.6011092 -0.2489523 0.7594015 -0.6326494 -0.1518789 0.7593995 -0.6326123 -0.1519235 0.7594214 -0.6485892 -0.05107128 0.7594234 -0.6486319 -0.05099934 0.7593917 -0.05464375 -0.2275975 0.9722208 -0.05465281 -0.2275974 0.9722204 -0.08960098 -0.3731364 0.9234397 -0.08958518 -0.3731347 0.9234419 -0.1222485 -0.5091819 0.8519327 -0.1222722 -0.5091863 0.8519265 -0.1519156 -0.6326319 0.7594067 -0.1518816 -0.6326243 0.7594198 -0.1777492 -0.7403689 0.648274 -0.1777237 -0.7403631 0.6482875 -0.1991882 -0.8297799 0.5213343 -0.006164252 -0.07847207 0.9968973 -0.3978146 -0.6492055 0.6482868 -0.4944798 -0.5789784 0.6482852 -0.4945036 -0.5789724 0.6482725 -0.5789873 -0.4944874 0.6482716 -0.5789647 -0.494497 0.6482843 -0.6491899 -0.3978382 0.6482879 -0.6491941 -0.3978356 0.6482854 -0.7034539 -0.2913389 0.6482856 -0.7034469 -0.291345 0.6482904 -0.7403433 -0.1777955 0.6482904 -0.7403647 -0.1777699 0.6482732 -0.7590641 -0.05968225 0.6482743 -0.7590188 -0.05975872 0.6483204 -0.01833003 -0.2333447 0.9722213 -0.01834064 -0.2333463 0.9722207 -0.03006833 -0.3825566 0.9234427 -0.03008538 -0.3825612 0.9234403 -0.04105377 -0.5220338 0.8519362 -0.0410664 -0.5220382 0.8519328 -0.05102306 -0.6486072 0.7594112 -0.05104279 -0.648615 0.7594032 -0.05973488 -0.7590678 0.6482653 -0.05971622 -0.7590604 0.6482756 -0.06692636 -0.8507085 0.5213597 -0.06696242 -0.8507212 0.5213343 -0.07252925 -0.9214444 0.3816803 -0.3265776 -0.788387 0.5213377 -0.4458583 -0.7276096 0.5213392 -0.4458512 -0.7276106 0.521344 -0.5542128 -0.6488807 0.5213464 -0.5542141 -0.6488804 0.5213455 -0.6488811 -0.5542131 0.5213454 -0.64888 -0.5542138 0.5213464 -0.7275925 -0.4458793 0.5213451 -0.7276007 -0.4458737 0.5213386 -0.7884068 -0.3265326 0.521336 -0.788382 -0.3265562 0.5213587 -0.8297532 -0.1992331 0.5213595 -0.8297768 -0.1992022 0.5213338 -0.8507196 -0.06697851 0.5213349 -0.850728 -0.06696295 0.5213232 -0.2157582 -0.8987566 0.3816869 -0.3537271 -0.8539285 0.3816847 -0.3537245 -0.8539286 0.3816868 -0.4829172 -0.7881007 0.3816912 -0.4829329 -0.7880973 0.3816784 -0.6002939 -0.702831 0.381675 -0.6002936 -0.7028312 0.3816752 -0.7028324 -0.6002951 0.3816706 -0.7028608 -0.6002786 0.3816442 -0.7881039 -0.48295 0.3816432 -0.78808 -0.4829695 0.3816679 -0.8539413 -0.3537116 0.3816705 -0.8539603 -0.3536904 0.3816476 -0.898772 -0.2157658 0.3816467 -0.8987476 -0.2158033 0.3816826 -0.9214448 -0.07252925 0.3816791 -0.9214443 -0.07253044 0.3816802 -0.07631075 -0.9695397 0.2327433 -0.2270205 -0.9456703 0.232743 -0.2270221 -0.9456703 0.2327415 -0.3721883 -0.8985021 0.2327443 -0.3721746 -0.8985044 0.2327571 -0.5081374 -0.8292285 0.2327589 -0.5081608 -0.8292204 0.2327361 -0.6316258 -0.7395153 0.2327362 -0.6315842 -0.7395371 0.2327794 -0.7395273 -0.6315936 0.2327848 -0.7395129 -0.6316044 0.2328013 -0.829198 -0.5081684 0.2327997 -0.8292289 -0.5081366 0.2327589 -0.898517 -0.3721447 0.2327565 -0.8984978 -0.3721719 0.2327871 -0.9456488 -0.227065 0.2327871 -0.9456699 -0.227022 0.232743 -0.9695393 -0.07631623 0.2327434 -0.9695409 -0.07631087 0.2327383 -0.07823312 -0.9938614 0.07822519 -0.2327173 -0.9693937 0.07822167 -0.2327035 -0.9693958 0.0782355 -0.3815121 -0.9210469 0.07823747 -0.3815152 -0.9210459 0.07823419 -0.5209074 -0.8500204 0.07823616 -0.5209307 -0.8500084 0.07821029 -0.6474347 -0.7580968 0.07821553 -0.647461 -0.7580776 0.07818335 -0.7580783 -0.6474608 0.07817798 -0.7580479 -0.6474912 0.07822042 -0.8500344 -0.520886 0.07822591 -0.8500432 -0.5208739 0.07821112 -0.9210485 -0.3815127 0.07821571 -0.921047 -0.3815157 0.07821893 -0.9693934 -0.2327172 0.07822436 -0.9693943 -0.2327147 0.07822173 -0.993862 -0.07822513 0.07822513 -0.9938607 -0.07823306 0.07823306 -0.07653772 -0.01837587 0.9968973 -0.07631629 -0.9695405 0.2327382 -0.0725305 -0.9214447 0.3816792 -0.2157622 -0.8987571 0.3816838 -0.1992037 -0.8297827 0.5213239 -0.3265972 -0.7883875 0.5213247 -0.2914044 -0.7034343 0.6482775 -0.3978461 -0.6492027 0.6482705 -0.3399524 -0.5547322 0.7594107 -0.4225203 -0.4947433 0.7594114 -0.3400789 -0.3982098 0.8519245 -0.3982509 -0.340036 0.8519224 -0.2918419 -0.2491814 0.9234375 -0.327197 -0.2005206 0.9234358 -0.1995665 -0.122303 0.9722217 -0.2162266 -0.08960348 0.9722229 -0.07271748 -0.03013384 0.9968973 -0.9969162 -0.07847356 0 -0.9969162 -0.07847356 0 -0.9723736 -0.2334299 0 -0.9723736 -0.2334299 0 -0.9238775 -0.3826881 0 -0.9238775 -0.3826881 0 -0.8526551 -0.5224743 0 -0.8526551 -0.5224743 0 -0.7603777 -0.6494811 0 -0.7603777 -0.6494811 0 -0.649449 -0.7604053 0 -0.649449 -0.7604053 0 -0.5225313 -0.8526201 0 -0.5225313 -0.8526201 0 -0.3826881 -0.9238775 0 -0.3826881 -0.9238775 0 -0.2334189 -0.9723764 0 -0.2334189 -0.9723764 0 -0.07847356 -0.9969162 0 -0.07847356 -0.9969162 0 -0.9992293 0.039254 0 -0.9930636 0.1175789 4.10953e-5 -0.9992292 0.03925561 -4.10864e-5 -0.9930641 0.1175741 0 -0.980782 0.195107 0 -0.9624466 0.2714709 4.10675e-5 -0.9807804 0.1951149 -4.10502e-5 -0.9624497 0.2714602 0 -0.9381771 0.3461557 0 -0.908191 0.4185562 4.09492e-5 -0.9381722 0.3461689 -4.09274e-5 -0.9081981 0.4185405 0 -0.872483 0.4886444 -4.09061e-5 -0.8315292 0.5554811 4.09345e-5 -0.8724928 0.488627 0 -0.8315418 0.5554622 0 -0.7603606 0.6495011 0 -0.7603607 0.649501 0 -0.6494531 0.7604017 0 -0.6494531 0.7604016 0 -0.5224959 0.8526418 0 -0.5224959 0.8526418 0 -0.3826467 0.9238948 0 -0.3826466 0.9238948 0 -0.2335568 0.9723432 0 -0.2335568 0.9723432 0 -0.07837694 0.9969238 0 -0.07837694 0.9969238 0 0 0.03915703 0.9992331 4.11459e-5 0.1175789 0.9930636 -4.11371e-5 0.03915864 0.999233 0 0.1175741 0.9930641 0 0.195107 0.980782 4.10675e-5 0.2714709 0.9624466 -4.10502e-5 0.1951149 0.9807804 0 0.2714602 0.9624497 0 0.3461557 0.9381771 4.09492e-5 0.4185562 0.908191 -4.08178e-5 0.4887924 0.8724001 -4.09274e-5 0.3461689 0.9381722 0 0.4185405 0.9081981 0 0.488775 0.8724099 4.085e-5 0.555481 0.8315292 0 0.5554622 0.8315418 0 0.649473 0.7603847 0 0.649473 0.7603846 0 0.7603812 0.6494771 0 0.7603812 0.6494771 0 0.8526684 0.5224526 0 0.8526684 0.5224526 0 0.9238948 0.3826467 0 0.9238948 0.3826466 0 0.9723379 0.2335789 0 0.9723379 0.2335789 0 0.9969238 0.07837694 0 0.9969238 0.07837694 0 0.1175741 -0.9930641 0 0.9969238 -0.07837694 0 0.9969238 -0.07837694 0 0.9723432 -0.2335568 0 0.9723432 -0.2335568 0 0.9238948 -0.3826466 0 0.9238948 -0.3826467 0 0.8526418 -0.5224959 0 0.8526418 -0.5224959 0 0.7604016 -0.6494531 0 0.7604017 -0.6494531 0 0.649501 -0.7603607 0 0.6495011 -0.7603606 0 0.488627 -0.8724928 -4.09345e-5 0.5554811 -0.8315292 4.09061e-5 0.4886445 -0.872483 0 0.5554622 -0.8315418 0 0.3461557 -0.9381771 -4.09492e-5 0.4185562 -0.908191 4.09274e-5 0.3461689 -0.9381722 0 0.4185405 -0.9081981 0 0.195107 -0.980782 -4.10675e-5 0.2714709 -0.9624466 4.10502e-5 0.1951149 -0.9807804 0 0.2714602 -0.9624497 4.10864e-5 0.03925561 -0.9992292 -4.10953e-5 0.1175789 -0.9930635 0 0.039254 -0.9992293 0.9992331 0.03915703 0 0.9930635 0.1175789 -4.11459e-5 0.9992331 0.03915864 4.11371e-5 0.9930641 0.1175741 0 0.980782 0.195107 0 0.9624466 0.2714709 -4.10675e-5 0.9807804 0.1951149 4.10502e-5 0.9624497 0.2714602 0 0.9381771 0.3461557 0 0.908191 0.4185562 -4.09492e-5 0.9381722 0.3461689 4.09274e-5 0.9081981 0.4185405 0 0.8724002 0.4887924 4.08178e-5 0.8315292 0.555481 -4.085e-5 0.8724099 0.488775 0 0.8315418 0.5554622 0 0.7603847 0.649473 0 0.7603846 0.649473 0 0.6494771 0.7603812 0 0.6494771 0.7603812 0 0.5224526 0.8526684 0 0.5224526 0.8526684 0 0.3826467 0.9238948 0 0.3826466 0.9238948 0 0.2335789 0.9723379 0 0.2335789 0.9723379 0 0.07837694 0.9969238 0 0.07837694 0.9969238 0</float_array>
          <technique_common>
            <accessor source="#red_box_001-mesh-normals-array" count="1916" stride="3">
              <param name="X" type="float"/>
              <param name="Y" type="float"/>
              <param name="Z" type="float"/>
            </accessor>
          </technique_common>
        </source>
        <vertices id="red_box_001-mesh-vertices">
          <input semantic="POSITION" source="#red_box_001-mesh-positions"/>
        </vertices>
        <triangles material="Material_001-material" count="1916">
          <input semantic="VERTEX" source="#red_box_001-mesh-vertices" offset="0"/>
          <input semantic="NORMAL" source="#red_box_001-mesh-normals" offset="1"/>
          <p>0 0 1 0 2 0 2 1 1 1 3 1 2 2 3 2 4 2 4 3 3 3 5 3 4 4 5 4 6 4 6 5 5 5 7 5 6 6 7 6 0 6 0 7 7 7 1 7 8 8 9 8 10 8 10 9 9 9 11 9 12 10 13 10 14 10 14 11 13 11 15 11 16 12 17 12 18 12 18 13 17 13 19 13 20 14 21 14 22 14 22 15 21 15 23 15 24 16 25 16 26 16 26 17 25 17 27 17 28 18 29 18 30 18 30 19 29 19 31 19 30 20 31 20 32 20 32 21 31 21 33 21 32 22 33 22 34 22 34 23 33 23 35 23 34 24 35 24 28 24 28 25 35 25 29 25 36 26 34 26 37 26 37 27 34 27 28 27 37 28 28 28 38 28 38 29 28 29 30 29 38 30 30 30 39 30 39 31 30 31 32 31 39 32 32 32 36 32 36 33 32 33 34 33 40 34 41 34 42 34 42 35 41 35 43 35 43 36 41 36 29 36 29 37 41 37 31 37 41 38 40 38 31 38 31 39 40 39 33 39 40 40 42 40 33 40 33 41 42 41 35 41 42 42 43 42 35 42 35 43 43 43 29 43 9 44 8 44 44 44 9 45 44 45 45 45 45 46 44 46 46 46 45 47 46 47 47 47 47 48 46 48 48 48 47 49 48 49 49 49 49 50 48 50 50 50 49 51 50 51 51 51 51 52 50 52 52 52 51 53 52 53 53 53 53 54 52 54 54 54 53 55 54 55 55 55 55 56 54 56 56 56 55 57 56 57 57 57 57 58 56 58 58 58 57 59 58 59 59 59 59 60 58 60 60 60 59 61 60 61 61 61 61 62 60 62 3 62 61 63 3 63 1 63 3 64 60 64 62 64 63 65 64 65 65 65 8 66 66 66 67 66 65 67 64 67 8 67 68 68 8 68 64 68 68 69 64 69 69 69 69 70 64 70 63 70 69 71 63 71 70 71 71 72 8 72 68 72 72 73 73 73 74 73 74 74 73 74 67 74 74 75 67 75 75 75 75 76 67 76 66 76 75 77 66 77 76 77 71 78 68 78 77 78 77 79 68 79 69 79 77 80 69 80 78 80 78 81 69 81 70 81 78 82 70 82 79 82 80 83 8 83 71 83 81 84 72 84 82 84 82 85 72 85 74 85 82 86 74 86 83 86 83 87 74 87 75 87 83 88 75 88 84 88 84 89 75 89 76 89 84 90 76 90 85 90 80 91 71 91 86 91 86 92 71 92 77 92 86 93 77 93 87 93 87 94 77 94 78 94 87 95 78 95 88 95 88 96 78 96 79 96 88 97 79 97 89 97 90 98 8 98 80 98 91 99 81 99 92 99 92 100 81 100 82 100 92 101 82 101 93 101 93 102 82 102 83 102 93 103 83 103 94 103 94 104 83 104 84 104 94 105 84 105 95 105 95 106 84 106 85 106 95 107 85 107 96 107 90 108 80 108 97 108 97 109 80 109 86 109 97 110 86 110 98 110 98 111 86 111 87 111 98 112 87 112 99 112 99 113 87 113 88 113 99 114 88 114 100 114 100 115 88 115 89 115 100 116 89 116 101 116 102 117 8 117 90 117 103 118 91 118 104 118 104 119 91 119 92 119 104 120 92 120 105 120 105 121 92 121 93 121 105 122 93 122 106 122 106 123 93 123 94 123 106 124 94 124 107 124 107 125 94 125 95 125 107 126 95 126 108 126 108 127 95 127 96 127 108 128 96 128 109 128 102 129 90 129 110 129 110 130 90 130 97 130 110 131 97 131 111 131 111 132 97 132 98 132 111 133 98 133 112 133 112 134 98 134 99 134 112 135 99 135 113 135 113 136 99 136 100 136 113 137 100 137 114 137 114 138 100 138 101 138 114 139 101 139 115 139 44 140 8 140 102 140 116 141 103 141 117 141 117 142 103 142 104 142 117 143 104 143 118 143 118 144 104 144 105 144 118 145 105 145 119 145 119 146 105 146 106 146 119 147 106 147 120 147 120 148 106 148 107 148 120 149 107 149 121 149 121 150 107 150 108 150 121 151 108 151 122 151 122 152 108 152 109 152 122 153 109 153 123 153 44 154 102 154 46 154 46 155 102 155 110 155 46 156 110 156 48 156 48 157 110 157 111 157 48 158 111 158 50 158 50 159 111 159 112 159 50 160 112 160 52 160 52 161 112 161 113 161 52 162 113 162 54 162 54 163 113 163 114 163 54 164 114 164 56 164 56 165 114 165 115 165 56 166 115 166 58 166 124 167 116 167 125 167 125 168 116 168 117 168 125 169 117 169 126 169 126 170 117 170 118 170 126 171 118 171 127 171 127 172 118 172 119 172 127 173 119 173 128 173 128 174 119 174 120 174 128 175 120 175 129 175 129 176 120 176 121 176 129 177 121 177 130 177 130 178 121 178 122 178 130 179 122 179 131 179 131 180 122 180 123 180 131 181 123 181 132 181 133 182 124 182 134 182 134 183 124 183 125 183 134 184 125 184 135 184 135 185 125 185 126 185 135 186 126 186 136 186 136 187 126 187 127 187 136 188 127 188 137 188 137 189 127 189 128 189 137 190 128 190 138 190 138 191 128 191 129 191 138 192 129 192 139 192 139 193 129 193 130 193 139 194 130 194 140 194 140 195 130 195 131 195 140 196 131 196 141 196 141 197 131 197 132 197 141 198 132 198 142 198 60 199 133 199 62 199 62 200 133 200 134 200 62 201 134 201 143 201 143 202 134 202 135 202 143 203 135 203 144 203 144 204 135 204 136 204 144 205 136 205 145 205 145 206 136 206 137 206 145 207 137 207 146 207 146 208 137 208 138 208 146 209 138 209 147 209 147 210 138 210 139 210 147 211 139 211 148 211 148 212 139 212 140 212 148 213 140 213 149 213 149 214 140 214 141 214 149 215 141 215 150 215 150 216 141 216 142 216 150 217 142 217 151 217 3 218 62 218 152 218 152 219 62 219 143 219 152 220 143 220 153 220 153 221 143 221 144 221 153 222 144 222 154 222 154 223 144 223 145 223 154 224 145 224 155 224 155 225 145 225 146 225 155 226 146 226 156 226 156 227 146 227 147 227 156 228 147 228 157 228 157 229 147 229 148 229 157 230 148 230 158 230 158 231 148 231 149 231 158 232 149 232 159 232 159 233 149 233 150 233 159 234 150 234 160 234 160 235 150 235 151 235 160 236 151 236 13 236 73 237 8 237 67 237 60 238 58 238 133 238 133 239 58 239 115 239 133 240 115 240 124 240 124 241 115 241 101 241 124 242 101 242 116 242 116 243 101 243 89 243 116 244 89 244 103 244 103 245 89 245 79 245 103 246 79 246 91 246 91 247 79 247 70 247 91 248 70 248 81 248 81 249 70 249 63 249 81 250 63 250 72 250 72 251 63 251 65 251 72 252 65 252 73 252 73 253 65 253 8 253 9 254 45 254 161 254 162 255 163 255 164 255 1 256 165 256 166 256 164 257 163 257 1 257 167 258 1 258 163 258 167 259 163 259 168 259 168 260 163 260 162 260 168 261 162 261 169 261 170 262 1 262 167 262 171 263 172 263 173 263 173 264 172 264 166 264 173 265 166 265 174 265 174 266 166 266 165 266 174 267 165 267 175 267 170 268 167 268 176 268 176 269 167 269 168 269 176 270 168 270 177 270 177 271 168 271 169 271 177 272 169 272 178 272 179 273 1 273 170 273 180 274 171 274 181 274 181 275 171 275 173 275 181 276 173 276 182 276 182 277 173 277 174 277 182 278 174 278 183 278 183 279 174 279 175 279 183 280 175 280 184 280 179 281 170 281 185 281 185 282 170 282 176 282 185 283 176 283 186 283 186 284 176 284 177 284 186 285 177 285 187 285 187 286 177 286 178 286 187 287 178 287 188 287 189 288 1 288 179 288 190 289 180 289 191 289 191 290 180 290 181 290 191 291 181 291 192 291 192 292 181 292 182 292 192 293 182 293 193 293 193 294 182 294 183 294 193 295 183 295 194 295 194 296 183 296 184 296 194 297 184 297 195 297 189 298 179 298 196 298 196 299 179 299 185 299 196 300 185 300 197 300 197 301 185 301 186 301 197 302 186 302 198 302 198 303 186 303 187 303 198 304 187 304 199 304 199 305 187 305 188 305 199 306 188 306 200 306 201 307 1 307 189 307 202 308 190 308 203 308 203 309 190 309 191 309 203 310 191 310 204 310 204 311 191 311 192 311 204 312 192 312 205 312 205 313 192 313 193 313 205 314 193 314 206 314 206 315 193 315 194 315 206 316 194 316 207 316 207 317 194 317 195 317 207 318 195 318 208 318 201 319 189 319 209 319 209 320 189 320 196 320 209 321 196 321 210 321 210 322 196 322 197 322 210 323 197 323 211 323 211 324 197 324 198 324 211 325 198 325 212 325 212 326 198 326 199 326 212 327 199 327 213 327 213 328 199 328 200 328 213 329 200 329 214 329 61 330 1 330 201 330 215 331 202 331 216 331 216 332 202 332 203 332 216 333 203 333 217 333 217 334 203 334 204 334 217 335 204 335 218 335 218 336 204 336 205 336 218 337 205 337 219 337 219 338 205 338 206 338 219 339 206 339 220 339 220 340 206 340 207 340 220 341 207 341 221 341 221 342 207 342 208 342 221 343 208 343 222 343 61 344 201 344 59 344 59 345 201 345 209 345 59 346 209 346 57 346 57 347 209 347 210 347 57 348 210 348 55 348 55 349 210 349 211 349 55 350 211 350 53 350 53 351 211 351 212 351 53 352 212 352 51 352 51 353 212 353 213 353 51 354 213 354 49 354 49 355 213 355 214 355 49 356 214 356 47 356 223 357 215 357 224 357 224 358 215 358 216 358 224 359 216 359 225 359 225 360 216 360 217 360 225 361 217 361 226 361 226 362 217 362 218 362 226 363 218 363 227 363 227 364 218 364 219 364 227 365 219 365 228 365 228 366 219 366 220 366 228 367 220 367 229 367 229 368 220 368 221 368 229 369 221 369 230 369 230 370 221 370 222 370 230 371 222 371 231 371 232 372 223 372 233 372 233 373 223 373 224 373 233 374 224 374 234 374 234 375 224 375 225 375 234 376 225 376 235 376 235 377 225 377 226 377 235 378 226 378 236 378 236 379 226 379 227 379 236 380 227 380 237 380 237 381 227 381 228 381 237 382 228 382 238 382 238 383 228 383 229 383 238 384 229 384 239 384 239 385 229 385 230 385 239 386 230 386 240 386 240 387 230 387 231 387 240 388 231 388 241 388 45 389 232 389 161 389 161 390 232 390 233 390 161 391 233 391 242 391 242 392 233 392 234 392 242 393 234 393 243 393 243 394 234 394 235 394 243 395 235 395 244 395 244 396 235 396 236 396 244 397 236 397 245 397 245 398 236 398 237 398 245 399 237 399 246 399 246 400 237 400 238 400 246 401 238 401 247 401 247 402 238 402 239 402 247 403 239 403 248 403 248 404 239 404 240 404 248 405 240 405 249 405 249 406 240 406 241 406 249 407 241 407 250 407 9 408 161 408 251 408 251 409 161 409 242 409 251 410 242 410 252 410 252 411 242 411 243 411 252 412 243 412 253 412 253 413 243 413 244 413 253 414 244 414 254 414 254 415 244 415 245 415 254 416 245 416 255 416 255 417 245 417 246 417 255 418 246 418 256 418 256 419 246 419 247 419 256 420 247 420 257 420 257 421 247 421 248 421 257 422 248 422 258 422 258 423 248 423 249 423 258 424 249 424 259 424 259 425 249 425 250 425 259 426 250 426 23 426 172 427 1 427 166 427 45 428 47 428 232 428 232 429 47 429 214 429 232 430 214 430 223 430 223 431 214 431 200 431 223 432 200 432 215 432 215 433 200 433 188 433 215 434 188 434 202 434 202 435 188 435 178 435 202 436 178 436 190 436 190 437 178 437 169 437 190 438 169 438 180 438 180 439 169 439 162 439 180 440 162 440 171 440 171 441 162 441 164 441 171 442 164 442 172 442 172 443 164 443 1 443 8 444 10 444 260 444 8 445 260 445 66 445 66 446 260 446 261 446 66 447 261 447 76 447 76 448 261 448 262 448 76 449 262 449 85 449 85 450 262 450 263 450 85 451 263 451 96 451 96 452 263 452 264 452 96 453 264 453 109 453 109 454 264 454 265 454 109 455 265 455 123 455 123 456 265 456 266 456 123 457 266 457 132 457 132 458 266 458 267 458 132 459 267 459 142 459 142 460 267 460 268 460 142 461 268 461 151 461 151 462 268 462 15 462 151 463 15 463 13 463 13 464 12 464 269 464 13 465 269 465 160 465 160 466 269 466 270 466 160 467 270 467 159 467 159 468 270 468 271 468 159 469 271 469 158 469 158 470 271 470 272 470 158 471 272 471 157 471 157 472 272 472 273 472 157 473 273 473 156 473 156 474 273 474 274 474 156 475 274 475 155 475 155 476 274 476 275 476 155 477 275 477 154 477 154 478 275 478 276 478 154 479 276 479 153 479 153 480 276 480 277 480 153 481 277 481 152 481 152 482 277 482 5 482 152 483 5 483 3 483 19 484 17 484 278 484 19 485 278 485 279 485 279 486 278 486 280 486 279 487 280 487 281 487 281 488 280 488 282 488 281 489 282 489 283 489 283 490 282 490 284 490 283 491 284 491 285 491 285 492 284 492 286 492 285 493 286 493 287 493 287 494 286 494 288 494 287 495 288 495 289 495 289 496 288 496 290 496 289 497 290 497 291 497 291 498 290 498 292 498 291 499 292 499 293 499 293 500 292 500 294 500 293 501 294 501 295 501 295 502 294 502 7 502 295 503 7 503 5 503 22 504 23 504 250 504 22 505 250 505 296 505 296 506 250 506 241 506 296 507 241 507 297 507 297 508 241 508 231 508 297 509 231 509 298 509 298 510 231 510 222 510 298 511 222 511 299 511 299 512 222 512 208 512 299 513 208 513 300 513 300 514 208 514 195 514 300 515 195 515 301 515 301 516 195 516 184 516 301 517 184 517 302 517 302 518 184 518 175 518 302 519 175 519 303 519 303 520 175 520 165 520 303 521 165 521 304 521 304 522 165 522 1 522 304 523 1 523 7 523 23 524 21 524 305 524 23 525 305 525 259 525 259 526 305 526 306 526 259 527 306 527 258 527 258 528 306 528 307 528 258 529 307 529 257 529 257 530 307 530 308 530 257 531 308 531 256 531 256 532 308 532 309 532 256 533 309 533 255 533 255 534 309 534 310 534 255 535 310 535 254 535 254 536 310 536 311 536 254 537 311 537 253 537 253 538 311 538 312 538 253 539 312 539 252 539 252 540 312 540 313 540 252 541 313 541 251 541 251 542 313 542 11 542 251 543 11 543 9 543 10 544 11 544 314 544 10 545 314 545 315 545 315 546 314 546 316 546 315 547 316 547 317 547 317 548 316 548 318 548 317 549 318 549 319 549 319 550 318 550 320 550 319 551 320 551 321 551 321 552 320 552 322 552 321 553 322 553 323 553 323 554 322 554 324 554 323 555 324 555 325 555 325 556 324 556 326 556 325 557 326 557 327 557 327 558 326 558 328 558 327 559 328 559 329 559 329 560 328 560 330 560 329 561 330 561 331 561 331 562 330 562 332 562 331 563 332 563 333 563 15 564 268 564 334 564 335 565 336 565 337 565 10 566 315 566 338 566 337 567 336 567 10 567 339 568 10 568 336 568 339 569 336 569 340 569 340 570 336 570 335 570 340 571 335 571 341 571 342 572 10 572 339 572 343 573 344 573 345 573 345 574 344 574 338 574 345 575 338 575 346 575 346 576 338 576 315 576 346 577 315 577 317 577 342 578 339 578 347 578 347 579 339 579 340 579 347 580 340 580 348 580 348 581 340 581 341 581 348 582 341 582 349 582 350 583 10 583 342 583 351 584 343 584 352 584 352 585 343 585 345 585 352 586 345 586 353 586 353 587 345 587 346 587 353 588 346 588 354 588 354 589 346 589 317 589 354 590 317 590 319 590 350 591 342 591 355 591 355 592 342 592 347 592 355 593 347 593 356 593 356 594 347 594 348 594 356 595 348 595 357 595 357 596 348 596 349 596 357 597 349 597 358 597 359 598 10 598 350 598 360 599 351 599 361 599 361 600 351 600 352 600 361 601 352 601 362 601 362 602 352 602 353 602 362 603 353 603 363 603 363 604 353 604 354 604 363 605 354 605 364 605 364 606 354 606 319 606 364 607 319 607 321 607 359 608 350 608 365 608 365 609 350 609 355 609 365 610 355 610 366 610 366 611 355 611 356 611 366 612 356 612 367 612 367 613 356 613 357 613 367 614 357 614 368 614 368 615 357 615 358 615 368 616 358 616 369 616 370 617 10 617 359 617 371 618 360 618 372 618 372 619 360 619 361 619 372 620 361 620 373 620 373 621 361 621 362 621 373 622 362 622 374 622 374 623 362 623 363 623 374 624 363 624 375 624 375 625 363 625 364 625 375 626 364 626 376 626 376 627 364 627 321 627 376 628 321 628 323 628 370 629 359 629 377 629 377 630 359 630 365 630 377 631 365 631 378 631 378 632 365 632 366 632 378 633 366 633 379 633 379 634 366 634 367 634 379 635 367 635 380 635 380 636 367 636 368 636 380 637 368 637 381 637 381 638 368 638 369 638 381 639 369 639 382 639 260 640 10 640 370 640 383 641 371 641 384 641 384 642 371 642 372 642 384 643 372 643 385 643 385 644 372 644 373 644 385 645 373 645 386 645 386 646 373 646 374 646 386 647 374 647 387 647 387 648 374 648 375 648 387 649 375 649 388 649 388 650 375 650 376 650 388 651 376 651 389 651 389 652 376 652 323 652 389 653 323 653 325 653 260 654 370 654 261 654 261 655 370 655 377 655 261 656 377 656 262 656 262 657 377 657 378 657 262 658 378 658 263 658 263 659 378 659 379 659 263 660 379 660 264 660 264 661 379 661 380 661 264 662 380 662 265 662 265 663 380 663 381 663 265 664 381 664 266 664 266 665 381 665 382 665 266 666 382 666 267 666 390 667 383 667 391 667 391 668 383 668 384 668 391 669 384 669 392 669 392 670 384 670 385 670 392 671 385 671 393 671 393 672 385 672 386 672 393 673 386 673 394 673 394 674 386 674 387 674 394 675 387 675 395 675 395 676 387 676 388 676 395 677 388 677 396 677 396 678 388 678 389 678 396 679 389 679 397 679 397 680 389 680 325 680 397 681 325 681 327 681 398 682 390 682 399 682 399 683 390 683 391 683 399 684 391 684 400 684 400 685 391 685 392 685 400 686 392 686 401 686 401 687 392 687 393 687 401 688 393 688 402 688 402 689 393 689 394 689 402 690 394 690 403 690 403 691 394 691 395 691 403 692 395 692 404 692 404 693 395 693 396 693 404 694 396 694 405 694 405 695 396 695 397 695 405 696 397 696 406 696 406 697 397 697 327 697 406 698 327 698 329 698 268 699 398 699 334 699 334 700 398 700 399 700 334 701 399 701 407 701 407 702 399 702 400 702 407 703 400 703 408 703 408 704 400 704 401 704 408 705 401 705 409 705 409 706 401 706 402 706 409 707 402 707 410 707 410 708 402 708 403 708 410 709 403 709 411 709 411 710 403 710 404 710 411 711 404 711 412 711 412 712 404 712 405 712 412 713 405 713 413 713 413 714 405 714 406 714 413 715 406 715 414 715 414 716 406 716 329 716 414 717 329 717 331 717 15 718 334 718 415 718 415 719 334 719 407 719 415 720 407 720 416 720 416 721 407 721 408 721 416 722 408 722 417 722 417 723 408 723 409 723 417 724 409 724 418 724 418 725 409 725 410 725 418 726 410 726 419 726 419 727 410 727 411 727 419 728 411 728 420 728 420 729 411 729 412 729 420 730 412 730 421 730 421 731 412 731 413 731 421 732 413 732 422 732 422 733 413 733 414 733 422 734 414 734 423 734 423 735 414 735 331 735 423 736 331 736 25 736 344 737 10 737 338 737 268 738 267 738 398 738 398 739 267 739 382 739 398 740 382 740 390 740 390 741 382 741 369 741 390 742 369 742 383 742 383 743 369 743 358 743 383 744 358 744 371 744 371 745 358 745 349 745 371 746 349 746 360 746 360 747 349 747 341 747 360 748 341 748 351 748 351 749 341 749 335 749 351 750 335 750 343 750 343 751 335 751 337 751 343 752 337 752 344 752 344 753 337 753 10 753 19 754 279 754 424 754 425 755 426 755 427 755 5 756 277 756 428 756 427 757 426 757 5 757 429 758 5 758 426 758 429 759 426 759 430 759 430 760 426 760 425 760 430 761 425 761 431 761 432 762 5 762 429 762 433 763 434 763 435 763 435 764 434 764 428 764 435 765 428 765 436 765 436 766 428 766 277 766 436 767 277 767 276 767 432 768 429 768 437 768 437 769 429 769 430 769 437 770 430 770 438 770 438 771 430 771 431 771 438 772 431 772 439 772 440 773 5 773 432 773 441 774 433 774 442 774 442 775 433 775 435 775 442 776 435 776 443 776 443 777 435 777 436 777 443 778 436 778 444 778 444 779 436 779 276 779 444 780 276 780 275 780 440 781 432 781 445 781 445 782 432 782 437 782 445 783 437 783 446 783 446 784 437 784 438 784 446 785 438 785 447 785 447 786 438 786 439 786 447 787 439 787 448 787 449 788 5 788 440 788 450 789 441 789 451 789 451 790 441 790 442 790 451 791 442 791 452 791 452 792 442 792 443 792 452 793 443 793 453 793 453 794 443 794 444 794 453 795 444 795 454 795 454 796 444 796 275 796 454 797 275 797 274 797 449 798 440 798 455 798 455 799 440 799 445 799 455 800 445 800 456 800 456 801 445 801 446 801 456 802 446 802 457 802 457 803 446 803 447 803 457 804 447 804 458 804 458 805 447 805 448 805 458 806 448 806 459 806 460 807 5 807 449 807 461 808 450 808 462 808 462 809 450 809 451 809 462 810 451 810 463 810 463 811 451 811 452 811 463 812 452 812 464 812 464 813 452 813 453 813 464 814 453 814 465 814 465 815 453 815 454 815 465 816 454 816 466 816 466 817 454 817 274 817 466 818 274 818 273 818 460 819 449 819 467 819 467 820 449 820 455 820 467 821 455 821 468 821 468 822 455 822 456 822 468 823 456 823 469 823 469 824 456 824 457 824 469 825 457 825 470 825 470 826 457 826 458 826 470 827 458 827 471 827 471 828 458 828 459 828 471 829 459 829 472 829 295 830 5 830 460 830 473 831 461 831 474 831 474 832 461 832 462 832 474 833 462 833 475 833 475 834 462 834 463 834 475 835 463 835 476 835 476 836 463 836 464 836 476 837 464 837 477 837 477 838 464 838 465 838 477 839 465 839 478 839 478 840 465 840 466 840 478 841 466 841 479 841 479 842 466 842 273 842 479 843 273 843 272 843 295 844 460 844 293 844 293 845 460 845 467 845 293 846 467 846 291 846 291 847 467 847 468 847 291 848 468 848 289 848 289 849 468 849 469 849 289 850 469 850 287 850 287 851 469 851 470 851 287 852 470 852 285 852 285 853 470 853 471 853 285 854 471 854 283 854 283 855 471 855 472 855 283 856 472 856 281 856 480 857 473 857 481 857 481 858 473 858 474 858 481 859 474 859 482 859 482 860 474 860 475 860 482 861 475 861 483 861 483 862 475 862 476 862 483 863 476 863 484 863 484 864 476 864 477 864 484 865 477 865 485 865 485 866 477 866 478 866 485 867 478 867 486 867 486 868 478 868 479 868 486 869 479 869 487 869 487 870 479 870 272 870 487 871 272 871 271 871 488 872 480 872 489 872 489 873 480 873 481 873 489 874 481 874 490 874 490 875 481 875 482 875 490 876 482 876 491 876 491 877 482 877 483 877 491 878 483 878 492 878 492 879 483 879 484 879 492 880 484 880 493 880 493 881 484 881 485 881 493 882 485 882 494 882 494 883 485 883 486 883 494 884 486 884 495 884 495 885 486 885 487 885 495 886 487 886 496 886 496 887 487 887 271 887 496 888 271 888 270 888 279 889 488 889 424 889 424 890 488 890 489 890 424 891 489 891 497 891 497 892 489 892 490 892 497 893 490 893 498 893 498 894 490 894 491 894 498 895 491 895 499 895 499 896 491 896 492 896 499 897 492 897 500 897 500 898 492 898 493 898 500 899 493 899 501 899 501 900 493 900 494 900 501 901 494 901 502 901 502 902 494 902 495 902 502 903 495 903 503 903 503 904 495 904 496 904 503 905 496 905 504 905 504 906 496 906 270 906 504 907 270 907 269 907 19 908 424 908 505 908 505 909 424 909 497 909 505 910 497 910 506 910 506 911 497 911 498 911 506 912 498 912 507 912 507 913 498 913 499 913 507 914 499 914 508 914 508 915 499 915 500 915 508 916 500 916 509 916 509 917 500 917 501 917 509 918 501 918 510 918 510 919 501 919 502 919 510 920 502 920 511 920 511 921 502 921 503 921 511 922 503 922 512 922 512 923 503 923 504 923 512 924 504 924 513 924 513 925 504 925 269 925 513 926 269 926 12 926 434 927 5 927 428 927 279 928 281 928 488 928 488 929 281 929 472 929 488 930 472 930 480 930 480 931 472 931 459 931 480 932 459 932 473 932 473 933 459 933 448 933 473 934 448 934 461 934 461 935 448 935 439 935 461 936 439 936 450 936 450 937 439 937 431 937 450 938 431 938 441 938 441 939 431 939 425 939 441 940 425 940 433 940 433 941 425 941 427 941 433 942 427 942 434 942 434 943 427 943 5 943 22 944 296 944 514 944 515 945 516 945 517 945 7 946 294 946 518 946 517 947 516 947 7 947 519 948 7 948 516 948 519 949 516 949 520 949 520 950 516 950 515 950 520 951 515 951 521 951 522 952 7 952 519 952 523 953 524 953 525 953 525 954 524 954 518 954 525 955 518 955 526 955 526 956 518 956 294 956 526 957 294 957 292 957 522 958 519 958 527 958 527 959 519 959 520 959 527 960 520 960 528 960 528 961 520 961 521 961 528 962 521 962 529 962 530 963 7 963 522 963 531 964 523 964 532 964 532 965 523 965 525 965 532 966 525 966 533 966 533 967 525 967 526 967 533 968 526 968 534 968 534 969 526 969 292 969 534 970 292 970 290 970 530 971 522 971 535 971 535 972 522 972 527 972 535 973 527 973 536 973 536 974 527 974 528 974 536 975 528 975 537 975 537 976 528 976 529 976 537 977 529 977 538 977 539 978 7 978 530 978 540 979 531 979 541 979 541 980 531 980 532 980 541 981 532 981 542 981 542 982 532 982 533 982 542 983 533 983 543 983 543 984 533 984 534 984 543 985 534 985 544 985 544 986 534 986 290 986 544 987 290 987 288 987 539 988 530 988 545 988 545 989 530 989 535 989 545 990 535 990 546 990 546 991 535 991 536 991 546 992 536 992 547 992 547 993 536 993 537 993 547 994 537 994 548 994 548 995 537 995 538 995 548 996 538 996 549 996 550 997 7 997 539 997 551 998 540 998 552 998 552 999 540 999 541 999 552 1000 541 1000 553 1000 553 1001 541 1001 542 1001 553 1002 542 1002 554 1002 554 1003 542 1003 543 1003 554 1004 543 1004 555 1004 555 1005 543 1005 544 1005 555 1006 544 1006 556 1006 556 1007 544 1007 288 1007 556 1008 288 1008 286 1008 550 1009 539 1009 557 1009 557 1010 539 1010 545 1010 557 1011 545 1011 558 1011 558 1012 545 1012 546 1012 558 1013 546 1013 559 1013 559 1014 546 1014 547 1014 559 1015 547 1015 560 1015 560 1016 547 1016 548 1016 560 1017 548 1017 561 1017 561 1018 548 1018 549 1018 561 1019 549 1019 562 1019 304 1020 7 1020 550 1020 563 1021 551 1021 564 1021 564 1022 551 1022 552 1022 564 1023 552 1023 565 1023 565 1024 552 1024 553 1024 565 1025 553 1025 566 1025 566 1026 553 1026 554 1026 566 1027 554 1027 567 1027 567 1028 554 1028 555 1028 567 1029 555 1029 568 1029 568 1030 555 1030 556 1030 568 1031 556 1031 569 1031 569 1032 556 1032 286 1032 569 1033 286 1033 284 1033 304 1034 550 1034 303 1034 303 1035 550 1035 557 1035 303 1036 557 1036 302 1036 302 1037 557 1037 558 1037 302 1038 558 1038 301 1038 301 1039 558 1039 559 1039 301 1040 559 1040 300 1040 300 1041 559 1041 560 1041 300 1042 560 1042 299 1042 299 1043 560 1043 561 1043 299 1044 561 1044 298 1044 298 1045 561 1045 562 1045 298 1046 562 1046 297 1046 570 1047 563 1047 571 1047 571 1048 563 1048 564 1048 571 1049 564 1049 572 1049 572 1050 564 1050 565 1050 572 1051 565 1051 573 1051 573 1052 565 1052 566 1052 573 1053 566 1053 574 1053 574 1054 566 1054 567 1054 574 1055 567 1055 575 1055 575 1056 567 1056 568 1056 575 1057 568 1057 576 1057 576 1058 568 1058 569 1058 576 1059 569 1059 577 1059 577 1060 569 1060 284 1060 577 1061 284 1061 282 1061 578 1062 570 1062 579 1062 579 1063 570 1063 571 1063 579 1064 571 1064 580 1064 580 1065 571 1065 572 1065 580 1066 572 1066 581 1066 581 1067 572 1067 573 1067 581 1068 573 1068 582 1068 582 1069 573 1069 574 1069 582 1070 574 1070 583 1070 583 1071 574 1071 575 1071 583 1072 575 1072 584 1072 584 1073 575 1073 576 1073 584 1074 576 1074 585 1074 585 1075 576 1075 577 1075 585 1076 577 1076 586 1076 586 1077 577 1077 282 1077 586 1078 282 1078 280 1078 296 1079 578 1079 514 1079 514 1080 578 1080 579 1080 514 1081 579 1081 587 1081 587 1082 579 1082 580 1082 587 1083 580 1083 588 1083 588 1084 580 1084 581 1084 588 1085 581 1085 589 1085 589 1086 581 1086 582 1086 589 1087 582 1087 590 1087 590 1088 582 1088 583 1088 590 1089 583 1089 591 1089 591 1090 583 1090 584 1090 591 1091 584 1091 592 1091 592 1092 584 1092 585 1092 592 1093 585 1093 593 1093 593 1094 585 1094 586 1094 593 1095 586 1095 594 1095 594 1096 586 1096 280 1096 594 1097 280 1097 278 1097 22 1098 514 1098 595 1098 595 1099 514 1099 587 1099 595 1100 587 1100 596 1100 596 1101 587 1101 588 1101 596 1102 588 1102 597 1102 597 1103 588 1103 589 1103 597 1104 589 1104 598 1104 598 1105 589 1105 590 1105 598 1106 590 1106 599 1106 599 1107 590 1107 591 1107 599 1108 591 1108 600 1108 600 1109 591 1109 592 1109 600 1110 592 1110 601 1110 601 1111 592 1111 593 1111 601 1112 593 1112 602 1112 602 1113 593 1113 594 1113 602 1114 594 1114 603 1114 603 1115 594 1115 278 1115 603 1116 278 1116 17 1116 524 1117 7 1117 518 1117 296 1118 297 1118 578 1118 578 1119 297 1119 562 1119 578 1120 562 1120 570 1120 570 1121 562 1121 549 1121 570 1122 549 1122 563 1122 563 1123 549 1123 538 1123 563 1124 538 1124 551 1124 551 1125 538 1125 529 1125 551 1126 529 1126 540 1126 540 1127 529 1127 521 1127 540 1128 521 1128 531 1128 531 1129 521 1129 515 1129 531 1130 515 1130 523 1130 523 1131 515 1131 517 1131 523 1132 517 1132 524 1132 524 1133 517 1133 7 1133 604 1134 330 1134 605 1134 606 1135 607 1135 608 1135 11 1136 313 1136 609 1136 608 1137 607 1137 11 1137 610 1138 11 1138 607 1138 610 1139 607 1139 611 1139 611 1140 607 1140 606 1140 611 1141 606 1141 612 1141 613 1142 11 1142 610 1142 614 1143 615 1143 616 1143 616 1144 615 1144 609 1144 616 1145 609 1145 617 1145 617 1146 609 1146 313 1146 617 1147 313 1147 312 1147 613 1148 610 1148 618 1148 618 1149 610 1149 611 1149 618 1150 611 1150 619 1150 619 1151 611 1151 612 1151 619 1152 612 1152 620 1152 621 1153 11 1153 613 1153 622 1154 614 1154 623 1154 623 1155 614 1155 616 1155 623 1156 616 1156 624 1156 624 1157 616 1157 617 1157 624 1158 617 1158 625 1158 625 1159 617 1159 312 1159 625 1160 312 1160 311 1160 621 1161 613 1161 626 1161 626 1162 613 1162 618 1162 626 1163 618 1163 627 1163 627 1164 618 1164 619 1164 627 1165 619 1165 628 1165 628 1166 619 1166 620 1166 628 1167 620 1167 629 1167 630 1168 11 1168 621 1168 631 1169 622 1169 632 1169 632 1170 622 1170 623 1170 632 1171 623 1171 633 1171 633 1172 623 1172 624 1172 633 1173 624 1173 634 1173 634 1174 624 1174 625 1174 634 1175 625 1175 635 1175 635 1176 625 1176 311 1176 635 1177 311 1177 310 1177 630 1178 621 1178 636 1178 636 1179 621 1179 626 1179 636 1180 626 1180 637 1180 637 1181 626 1181 627 1181 637 1182 627 1182 638 1182 638 1183 627 1183 628 1183 638 1184 628 1184 639 1184 639 1185 628 1185 629 1185 639 1186 629 1186 640 1186 641 1187 11 1187 630 1187 642 1188 631 1188 643 1188 643 1189 631 1189 632 1189 643 1190 632 1190 644 1190 644 1191 632 1191 633 1191 644 1192 633 1192 645 1192 645 1193 633 1193 634 1193 645 1194 634 1194 646 1194 646 1195 634 1195 635 1195 646 1196 635 1196 647 1196 647 1197 635 1197 310 1197 647 1198 310 1198 309 1198 641 1199 630 1199 648 1199 648 1200 630 1200 636 1200 648 1201 636 1201 649 1201 649 1202 636 1202 637 1202 649 1203 637 1203 650 1203 650 1204 637 1204 638 1204 650 1205 638 1205 651 1205 651 1206 638 1206 639 1206 651 1207 639 1207 652 1207 652 1208 639 1208 640 1208 652 1209 640 1209 653 1209 314 1210 11 1210 641 1210 654 1211 642 1211 655 1211 655 1212 642 1212 643 1212 655 1213 643 1213 656 1213 656 1214 643 1214 644 1214 656 1215 644 1215 657 1215 657 1216 644 1216 645 1216 657 1217 645 1217 658 1217 658 1218 645 1218 646 1218 658 1219 646 1219 659 1219 659 1220 646 1220 647 1220 659 1221 647 1221 660 1221 660 1222 647 1222 309 1222 660 1223 309 1223 308 1223 314 1224 641 1224 316 1224 316 1225 641 1225 648 1225 316 1226 648 1226 318 1226 318 1227 648 1227 649 1227 318 1228 649 1228 320 1228 320 1229 649 1229 650 1229 320 1230 650 1230 322 1230 322 1231 650 1231 651 1231 322 1232 651 1232 324 1232 324 1233 651 1233 652 1233 324 1234 652 1234 326 1234 326 1235 652 1235 653 1235 326 1236 653 1236 328 1236 661 1237 654 1237 662 1237 662 1238 654 1238 655 1238 662 1239 655 1239 663 1239 663 1240 655 1240 656 1240 663 1241 656 1241 664 1241 664 1242 656 1242 657 1242 664 1243 657 1243 665 1243 665 1244 657 1244 658 1244 665 1245 658 1245 666 1245 666 1246 658 1246 659 1246 666 1247 659 1247 667 1247 667 1248 659 1248 660 1248 667 1249 660 1249 668 1249 668 1250 660 1250 308 1250 668 1251 308 1251 307 1251 669 1252 661 1252 670 1252 670 1253 661 1253 662 1253 670 1254 662 1254 671 1254 671 1255 662 1255 663 1255 671 1256 663 1256 672 1256 672 1257 663 1257 664 1257 672 1258 664 1258 673 1258 673 1259 664 1259 665 1259 673 1260 665 1260 674 1260 674 1261 665 1261 666 1261 674 1262 666 1262 675 1262 675 1263 666 1263 667 1263 675 1264 667 1264 676 1264 676 1265 667 1265 668 1265 676 1266 668 1266 677 1266 677 1267 668 1267 307 1267 677 1268 307 1268 306 1268 330 1269 669 1269 605 1269 605 1270 669 1270 670 1270 605 1271 670 1271 678 1271 678 1272 670 1272 671 1272 678 1273 671 1273 679 1273 679 1274 671 1274 672 1274 679 1275 672 1275 680 1275 680 1276 672 1276 673 1276 680 1277 673 1277 681 1277 681 1278 673 1278 674 1278 681 1279 674 1279 682 1279 682 1280 674 1280 675 1280 682 1281 675 1281 683 1281 683 1282 675 1282 676 1282 683 1283 676 1283 684 1283 684 1284 676 1284 677 1284 684 1285 677 1285 685 1285 685 1286 677 1286 306 1286 685 1287 306 1287 305 1287 604 1288 605 1288 686 1288 686 1289 605 1289 678 1289 686 1290 678 1290 687 1290 687 1291 678 1291 679 1291 687 1292 679 1292 688 1292 688 1293 679 1293 680 1293 688 1294 680 1294 689 1294 689 1295 680 1295 681 1295 689 1296 681 1296 690 1296 690 1297 681 1297 682 1297 690 1298 682 1298 691 1298 691 1299 682 1299 683 1299 691 1300 683 1300 692 1300 692 1301 683 1301 684 1301 692 1302 684 1302 693 1302 693 1303 684 1303 685 1303 693 1304 685 1304 694 1304 694 1305 685 1305 305 1305 694 1306 305 1306 21 1306 615 1307 11 1307 609 1307 330 1308 328 1308 669 1308 669 1309 328 1309 653 1309 669 1310 653 1310 661 1310 661 1311 653 1311 640 1311 661 1312 640 1312 654 1312 654 1313 640 1313 629 1313 654 1314 629 1314 642 1314 642 1315 629 1315 620 1315 642 1316 620 1316 631 1316 631 1317 620 1317 612 1317 631 1318 612 1318 622 1318 622 1319 612 1319 606 1319 622 1320 606 1320 614 1320 614 1321 606 1321 608 1321 614 1322 608 1322 615 1322 615 1323 608 1323 11 1323 14 1324 15 1324 415 1324 14 1325 415 1325 695 1325 695 1326 415 1326 416 1326 695 1327 416 1327 696 1327 696 1328 416 1328 417 1328 696 1329 417 1329 697 1329 697 1330 417 1330 418 1330 697 1331 418 1331 698 1331 698 1332 418 1332 419 1332 698 1333 419 1333 699 1333 699 1334 419 1334 420 1334 699 1335 420 1335 700 1335 700 1336 420 1336 421 1336 700 1337 421 1337 701 1337 701 1338 421 1338 422 1338 701 1339 422 1339 702 1339 702 1340 422 1340 423 1340 702 1341 423 1341 703 1341 703 1342 423 1342 333 1342 703 1343 333 1343 704 1343 12 1344 14 1344 705 1344 12 1345 705 1345 513 1345 513 1346 705 1346 706 1346 513 1347 706 1347 512 1347 512 1348 706 1348 707 1348 512 1349 707 1349 511 1349 511 1350 707 1350 708 1350 511 1351 708 1351 510 1351 510 1352 708 1352 709 1352 510 1353 709 1353 509 1353 509 1354 709 1354 710 1354 509 1355 710 1355 508 1355 508 1356 710 1356 711 1356 508 1357 711 1357 507 1357 507 1358 711 1358 712 1358 507 1359 712 1359 506 1359 506 1360 712 1360 713 1360 506 1361 713 1361 505 1361 505 1362 713 1362 18 1362 505 1363 18 1363 19 1363 17 1364 16 1364 714 1364 17 1365 714 1365 603 1365 603 1366 714 1366 715 1366 603 1367 715 1367 602 1367 602 1368 715 1368 716 1368 602 1369 716 1369 601 1369 601 1370 716 1370 717 1370 601 1371 717 1371 600 1371 600 1372 717 1372 718 1372 600 1373 718 1373 599 1373 599 1374 718 1374 719 1374 599 1375 719 1375 598 1375 598 1376 719 1376 720 1376 598 1377 720 1377 597 1377 597 1378 720 1378 721 1378 597 1379 721 1379 596 1379 596 1380 721 1380 722 1380 596 1381 722 1381 595 1381 595 1382 722 1382 20 1382 595 1383 20 1383 22 1383 21 1384 20 1384 723 1384 21 1385 723 1385 694 1385 694 1386 723 1386 724 1386 694 1387 724 1387 693 1387 693 1388 724 1388 725 1388 693 1389 725 1389 692 1389 692 1390 725 1390 726 1390 692 1391 726 1391 691 1391 691 1392 726 1392 727 1392 691 1393 727 1393 690 1393 690 1394 727 1394 728 1394 690 1395 728 1395 689 1395 689 1396 728 1396 729 1396 689 1397 729 1397 688 1397 688 1398 729 1398 730 1398 688 1399 730 1399 687 1399 687 1400 730 1400 731 1400 687 1401 731 1401 686 1401 686 1402 731 1402 732 1402 686 1403 732 1403 332 1403 18 1404 713 1404 733 1404 734 1405 735 1405 736 1405 14 1406 695 1406 737 1406 736 1407 735 1407 14 1407 738 1408 14 1408 735 1408 738 1409 735 1409 739 1409 739 1410 735 1410 734 1410 739 1411 734 1411 740 1411 741 1412 14 1412 738 1412 742 1413 743 1413 744 1413 744 1414 743 1414 737 1414 744 1415 737 1415 745 1415 745 1416 737 1416 695 1416 745 1417 695 1417 696 1417 741 1418 738 1418 746 1418 746 1419 738 1419 739 1419 746 1420 739 1420 747 1420 747 1421 739 1421 740 1421 747 1422 740 1422 748 1422 749 1423 14 1423 741 1423 750 1424 742 1424 751 1424 751 1425 742 1425 744 1425 751 1426 744 1426 752 1426 752 1427 744 1427 745 1427 752 1428 745 1428 753 1428 753 1429 745 1429 696 1429 753 1430 696 1430 697 1430 749 1431 741 1431 754 1431 754 1432 741 1432 746 1432 754 1433 746 1433 755 1433 755 1434 746 1434 747 1434 755 1435 747 1435 756 1435 756 1436 747 1436 748 1436 756 1437 748 1437 757 1437 758 1438 14 1438 749 1438 759 1439 750 1439 760 1439 760 1440 750 1440 751 1440 760 1441 751 1441 761 1441 761 1442 751 1442 752 1442 761 1443 752 1443 762 1443 762 1444 752 1444 753 1444 762 1445 753 1445 763 1445 763 1446 753 1446 697 1446 763 1447 697 1447 698 1447 758 1448 749 1448 764 1448 764 1449 749 1449 754 1449 764 1450 754 1450 765 1450 765 1451 754 1451 755 1451 765 1452 755 1452 766 1452 766 1453 755 1453 756 1453 766 1454 756 1454 767 1454 767 1455 756 1455 757 1455 767 1456 757 1456 768 1456 769 1457 14 1457 758 1457 770 1458 759 1458 771 1458 771 1459 759 1459 760 1459 771 1460 760 1460 772 1460 772 1461 760 1461 761 1461 772 1462 761 1462 773 1462 773 1463 761 1463 762 1463 773 1464 762 1464 774 1464 774 1465 762 1465 763 1465 774 1466 763 1466 775 1466 775 1467 763 1467 698 1467 775 1468 698 1468 699 1468 769 1469 758 1469 776 1469 776 1470 758 1470 764 1470 776 1471 764 1471 777 1471 777 1472 764 1472 765 1472 777 1473 765 1473 778 1473 778 1474 765 1474 766 1474 778 1475 766 1475 779 1475 779 1476 766 1476 767 1476 779 1477 767 1477 780 1477 780 1478 767 1478 768 1478 780 1479 768 1479 781 1479 705 1480 14 1480 769 1480 782 1481 770 1481 783 1481 783 1482 770 1482 771 1482 783 1483 771 1483 784 1483 784 1484 771 1484 772 1484 784 1485 772 1485 785 1485 785 1486 772 1486 773 1486 785 1487 773 1487 786 1487 786 1488 773 1488 774 1488 786 1489 774 1489 787 1489 787 1490 774 1490 775 1490 787 1491 775 1491 788 1491 788 1492 775 1492 699 1492 788 1493 699 1493 700 1493 705 1494 769 1494 706 1494 706 1495 769 1495 776 1495 706 1496 776 1496 707 1496 707 1497 776 1497 777 1497 707 1498 777 1498 708 1498 708 1499 777 1499 778 1499 708 1500 778 1500 709 1500 709 1501 778 1501 779 1501 709 1502 779 1502 710 1502 710 1503 779 1503 780 1503 710 1504 780 1504 711 1504 711 1505 780 1505 781 1505 711 1506 781 1506 712 1506 789 1507 782 1507 790 1507 790 1508 782 1508 783 1508 790 1509 783 1509 791 1509 791 1510 783 1510 784 1510 791 1511 784 1511 792 1511 792 1512 784 1512 785 1512 792 1513 785 1513 793 1513 793 1514 785 1514 786 1514 793 1515 786 1515 794 1515 794 1516 786 1516 787 1516 794 1517 787 1517 795 1517 795 1518 787 1518 788 1518 795 1519 788 1519 796 1519 796 1520 788 1520 700 1520 796 1521 700 1521 701 1521 797 1522 789 1522 798 1522 798 1523 789 1523 790 1523 798 1524 790 1524 799 1524 799 1525 790 1525 791 1525 799 1526 791 1526 800 1526 800 1527 791 1527 792 1527 800 1528 792 1528 801 1528 801 1529 792 1529 793 1529 801 1530 793 1530 802 1530 802 1531 793 1531 794 1531 802 1532 794 1532 803 1532 803 1533 794 1533 795 1533 803 1534 795 1534 804 1534 804 1535 795 1535 796 1535 804 1536 796 1536 805 1536 805 1537 796 1537 701 1537 805 1538 701 1538 702 1538 713 1539 797 1539 733 1539 733 1540 797 1540 798 1540 733 1541 798 1541 806 1541 806 1542 798 1542 799 1542 806 1543 799 1543 807 1543 807 1544 799 1544 800 1544 807 1545 800 1545 808 1545 808 1546 800 1546 801 1546 808 1547 801 1547 809 1547 809 1548 801 1548 802 1548 809 1549 802 1549 810 1549 810 1550 802 1550 803 1550 810 1551 803 1551 811 1551 811 1552 803 1552 804 1552 811 1553 804 1553 812 1553 812 1554 804 1554 805 1554 812 1555 805 1555 813 1555 813 1556 805 1556 702 1556 813 1557 702 1557 703 1557 18 1558 733 1558 814 1558 814 1559 733 1559 806 1559 814 1560 806 1560 815 1560 815 1561 806 1561 807 1561 815 1562 807 1562 816 1562 816 1563 807 1563 808 1563 816 1564 808 1564 817 1564 817 1565 808 1565 809 1565 817 1566 809 1566 818 1566 818 1567 809 1567 810 1567 818 1568 810 1568 819 1568 819 1569 810 1569 811 1569 819 1570 811 1570 820 1570 820 1571 811 1571 812 1571 820 1572 812 1572 821 1572 821 1573 812 1573 813 1573 821 1574 813 1574 822 1574 822 1575 813 1575 703 1575 822 1576 703 1576 24 1576 743 1577 14 1577 737 1577 713 1578 712 1578 797 1578 797 1579 712 1579 781 1579 797 1580 781 1580 789 1580 789 1581 781 1581 768 1581 789 1582 768 1582 782 1582 782 1583 768 1583 757 1583 782 1584 757 1584 770 1584 770 1585 757 1585 748 1585 770 1586 748 1586 759 1586 759 1587 748 1587 740 1587 759 1588 740 1588 750 1588 750 1589 740 1589 734 1589 750 1590 734 1590 742 1590 742 1591 734 1591 736 1591 742 1592 736 1592 743 1592 743 1593 736 1593 14 1593 823 1594 731 1594 824 1594 825 1595 826 1595 827 1595 20 1596 722 1596 828 1596 827 1597 826 1597 20 1597 829 1598 20 1598 826 1598 829 1599 826 1599 830 1599 830 1600 826 1600 825 1600 830 1601 825 1601 831 1601 832 1602 20 1602 829 1602 833 1603 834 1603 835 1603 835 1604 834 1604 828 1604 835 1605 828 1605 836 1605 836 1606 828 1606 722 1606 836 1607 722 1607 721 1607 832 1608 829 1608 837 1608 837 1609 829 1609 830 1609 837 1610 830 1610 838 1610 838 1611 830 1611 831 1611 838 1612 831 1612 839 1612 840 1613 20 1613 832 1613 841 1614 833 1614 842 1614 842 1615 833 1615 835 1615 842 1616 835 1616 843 1616 843 1617 835 1617 836 1617 843 1618 836 1618 844 1618 844 1619 836 1619 721 1619 844 1620 721 1620 720 1620 840 1621 832 1621 845 1621 845 1622 832 1622 837 1622 845 1623 837 1623 846 1623 846 1624 837 1624 838 1624 846 1625 838 1625 847 1625 847 1626 838 1626 839 1626 847 1627 839 1627 848 1627 849 1628 20 1628 840 1628 850 1629 841 1629 851 1629 851 1630 841 1630 842 1630 851 1631 842 1631 852 1631 852 1632 842 1632 843 1632 852 1633 843 1633 853 1633 853 1634 843 1634 844 1634 853 1635 844 1635 854 1635 854 1636 844 1636 720 1636 854 1637 720 1637 719 1637 849 1638 840 1638 855 1638 855 1639 840 1639 845 1639 855 1640 845 1640 856 1640 856 1641 845 1641 846 1641 856 1642 846 1642 857 1642 857 1643 846 1643 847 1643 857 1644 847 1644 858 1644 858 1645 847 1645 848 1645 858 1646 848 1646 859 1646 860 1647 20 1647 849 1647 861 1648 850 1648 862 1648 862 1649 850 1649 851 1649 862 1650 851 1650 863 1650 863 1651 851 1651 852 1651 863 1652 852 1652 864 1652 864 1653 852 1653 853 1653 864 1654 853 1654 865 1654 865 1655 853 1655 854 1655 865 1656 854 1656 866 1656 866 1657 854 1657 719 1657 866 1658 719 1658 718 1658 860 1659 849 1659 867 1659 867 1660 849 1660 855 1660 867 1661 855 1661 868 1661 868 1662 855 1662 856 1662 868 1663 856 1663 869 1663 869 1664 856 1664 857 1664 869 1665 857 1665 870 1665 870 1666 857 1666 858 1666 870 1667 858 1667 871 1667 871 1668 858 1668 859 1668 871 1669 859 1669 872 1669 723 1670 20 1670 860 1670 873 1671 861 1671 874 1671 874 1672 861 1672 862 1672 874 1673 862 1673 875 1673 875 1674 862 1674 863 1674 875 1675 863 1675 876 1675 876 1676 863 1676 864 1676 876 1677 864 1677 877 1677 877 1678 864 1678 865 1678 877 1679 865 1679 878 1679 878 1680 865 1680 866 1680 878 1681 866 1681 879 1681 879 1682 866 1682 718 1682 879 1683 718 1683 717 1683 723 1684 860 1684 724 1684 724 1685 860 1685 867 1685 724 1686 867 1686 725 1686 725 1687 867 1687 868 1687 725 1688 868 1688 726 1688 726 1689 868 1689 869 1689 726 1690 869 1690 727 1690 727 1691 869 1691 870 1691 727 1692 870 1692 728 1692 728 1693 870 1693 871 1693 728 1694 871 1694 729 1694 729 1695 871 1695 872 1695 729 1696 872 1696 730 1696 880 1697 873 1697 881 1697 881 1698 873 1698 874 1698 881 1699 874 1699 882 1699 882 1700 874 1700 875 1700 882 1701 875 1701 883 1701 883 1702 875 1702 876 1702 883 1703 876 1703 884 1703 884 1704 876 1704 877 1704 884 1705 877 1705 885 1705 885 1706 877 1706 878 1706 885 1707 878 1707 886 1707 886 1708 878 1708 879 1708 886 1709 879 1709 887 1709 887 1710 879 1710 717 1710 887 1711 717 1711 716 1711 888 1712 880 1712 889 1712 889 1713 880 1713 881 1713 889 1714 881 1714 890 1714 890 1715 881 1715 882 1715 890 1716 882 1716 891 1716 891 1717 882 1717 883 1717 891 1718 883 1718 892 1718 892 1719 883 1719 884 1719 892 1720 884 1720 893 1720 893 1721 884 1721 885 1721 893 1722 885 1722 894 1722 894 1723 885 1723 886 1723 894 1724 886 1724 895 1724 895 1725 886 1725 887 1725 895 1726 887 1726 896 1726 896 1727 887 1727 716 1727 896 1728 716 1728 715 1728 731 1729 888 1729 824 1729 824 1730 888 1730 889 1730 824 1731 889 1731 897 1731 897 1732 889 1732 890 1732 897 1733 890 1733 898 1733 898 1734 890 1734 891 1734 898 1735 891 1735 899 1735 899 1736 891 1736 892 1736 899 1737 892 1737 900 1737 900 1738 892 1738 893 1738 900 1739 893 1739 901 1739 901 1740 893 1740 894 1740 901 1741 894 1741 902 1741 902 1742 894 1742 895 1742 902 1743 895 1743 903 1743 903 1744 895 1744 896 1744 903 1745 896 1745 904 1745 904 1746 896 1746 715 1746 904 1747 715 1747 714 1747 823 1748 824 1748 905 1748 905 1749 824 1749 897 1749 905 1750 897 1750 906 1750 906 1751 897 1751 898 1751 906 1752 898 1752 907 1752 907 1753 898 1753 899 1753 907 1754 899 1754 908 1754 908 1755 899 1755 900 1755 908 1756 900 1756 909 1756 909 1757 900 1757 901 1757 909 1758 901 1758 910 1758 910 1759 901 1759 902 1759 910 1760 902 1760 911 1760 911 1761 902 1761 903 1761 911 1762 903 1762 912 1762 912 1763 903 1763 904 1763 912 1764 904 1764 913 1764 913 1765 904 1765 714 1765 913 1766 714 1766 16 1766 834 1767 20 1767 828 1767 731 1768 730 1768 888 1768 888 1769 730 1769 872 1769 888 1770 872 1770 880 1770 880 1771 872 1771 859 1771 880 1772 859 1772 873 1772 873 1773 859 1773 848 1773 873 1774 848 1774 861 1774 861 1775 848 1775 839 1775 861 1776 839 1776 850 1776 850 1777 839 1777 831 1777 850 1778 831 1778 841 1778 841 1779 831 1779 825 1779 841 1780 825 1780 833 1780 833 1781 825 1781 827 1781 833 1782 827 1782 834 1782 834 1783 827 1783 20 1783 16 1784 18 1784 814 1784 16 1785 814 1785 913 1785 913 1786 814 1786 815 1786 913 1787 815 1787 912 1787 912 1788 815 1788 816 1788 912 1789 816 1789 911 1789 911 1790 816 1790 817 1790 911 1791 817 1791 910 1791 910 1792 817 1792 818 1792 910 1793 818 1793 909 1793 909 1794 818 1794 819 1794 909 1795 819 1795 908 1795 908 1796 819 1796 820 1796 908 1797 820 1797 907 1797 907 1798 820 1798 821 1798 907 1799 821 1799 906 1799 906 1800 821 1800 822 1800 906 1801 822 1801 905 1801 905 1802 822 1802 704 1802 905 1803 704 1803 732 1803 914 1804 36 1804 37 1804 914 1805 37 1805 915 1805 37 1806 916 1806 915 1806 915 1807 916 1807 917 1807 915 1808 917 1808 918 1808 918 1809 917 1809 919 1809 917 1810 920 1810 919 1810 919 1811 920 1811 921 1811 919 1812 921 1812 922 1812 922 1813 921 1813 923 1813 923 1814 921 1814 924 1814 923 1815 924 1815 925 1815 926 1816 927 1816 925 1816 925 1817 927 1817 928 1817 925 1818 928 1818 923 1818 926 1819 929 1819 927 1819 927 1820 929 1820 930 1820 927 1821 930 1821 931 1821 931 1822 930 1822 932 1822 931 1823 932 1823 933 1823 933 1824 932 1824 934 1824 933 1825 934 1825 935 1825 935 1826 934 1826 936 1826 935 1827 936 1827 937 1827 937 1828 936 1828 938 1828 937 1829 938 1829 939 1829 939 1830 938 1830 0 1830 939 1831 0 1831 2 1831 940 1832 39 1832 36 1832 940 1833 36 1833 941 1833 36 1834 914 1834 941 1834 941 1835 914 1835 915 1835 941 1836 915 1836 942 1836 942 1837 915 1837 943 1837 915 1838 918 1838 943 1838 943 1839 918 1839 919 1839 943 1840 919 1840 944 1840 944 1841 919 1841 945 1841 923 1842 928 1842 946 1842 919 1843 922 1843 945 1843 945 1844 922 1844 923 1844 945 1845 923 1845 947 1845 947 1846 923 1846 946 1846 928 1847 927 1847 946 1847 946 1848 927 1848 931 1848 946 1849 931 1849 948 1849 948 1850 931 1850 933 1850 948 1851 933 1851 949 1851 949 1852 933 1852 935 1852 949 1853 935 1853 950 1853 950 1854 935 1854 937 1854 950 1855 937 1855 951 1855 951 1856 937 1856 939 1856 951 1857 939 1857 952 1857 952 1858 939 1858 2 1858 952 1859 2 1859 4 1859 953 1860 954 1860 917 1860 6 1861 0 1861 938 1861 6 1862 938 1862 955 1862 955 1863 938 1863 936 1863 955 1864 936 1864 956 1864 956 1865 936 1865 934 1865 956 1866 934 1866 957 1866 957 1867 934 1867 932 1867 957 1868 932 1868 958 1868 958 1869 932 1869 930 1869 958 1870 930 1870 959 1870 959 1871 930 1871 929 1871 959 1872 929 1872 960 1872 926 1873 925 1873 961 1873 926 1874 961 1874 929 1874 929 1875 961 1875 962 1875 929 1876 962 1876 960 1876 924 1877 921 1877 963 1877 924 1878 963 1878 925 1878 925 1879 963 1879 964 1879 925 1880 964 1880 961 1880 917 1881 954 1881 920 1881 920 1882 954 1882 921 1882 921 1883 954 1883 965 1883 921 1884 965 1884 963 1884 953 1885 917 1885 38 1885 38 1886 917 1886 916 1886 38 1887 916 1887 37 1887 953 1888 38 1888 39 1888 953 1889 39 1889 954 1889 39 1890 940 1890 954 1890 954 1891 940 1891 941 1891 954 1892 941 1892 965 1892 965 1893 941 1893 963 1893 941 1894 942 1894 963 1894 963 1895 942 1895 943 1895 963 1896 943 1896 964 1896 964 1897 943 1897 961 1897 961 1898 943 1898 944 1898 961 1899 944 1899 945 1899 947 1900 960 1900 945 1900 945 1901 960 1901 962 1901 945 1902 962 1902 961 1902 947 1903 946 1903 960 1903 960 1904 946 1904 948 1904 960 1905 948 1905 959 1905 959 1906 948 1906 949 1906 959 1907 949 1907 958 1907 958 1908 949 1908 950 1908 958 1909 950 1909 957 1909 957 1910 950 1910 951 1910 957 1911 951 1911 956 1911 956 1912 951 1912 952 1912 956 1913 952 1913 955 1913 955 1914 952 1914 4 1914 955 1915 4 1915 6 1915</p>
        </triangles>
      </mesh>
    </geometry>
  </library_geometries>
  <library_visual_scenes>
    <visual_scene id="Scene" name="Scene">
      <node id="red_box" name="red box" type="NODE">
        <matrix sid="transform">0.001 0 0 0 0 -4.37114e-11 -0.001 0 0 0.001 -4.37114e-11 0 0 0 0 1</matrix>
        <instance_geometry url="#red_box_001-mesh" name="red box">
          <bind_material>
            <technique_common>
              <instance_material symbol="Material_001-material" target="#Material_001-material"/>
            </technique_common>
          </bind_material>
        </instance_geometry>
      </node>
      <node id="Camera" name="Camera" type="NODE">
        <matrix sid="transform">0.6859207 -0.3240135 0.6515582 7.358891 0.7276763 0.3054208 -0.6141704 -6.925791 0 0.8953956 0.4452714 4.958309 0 0 0 1</matrix>
        <instance_camera url="#Camera-camera"/>
      </node>
      <node id="Light" name="Light" type="NODE">
        <matrix sid="transform">-0.2908646 -0.7711008 0.5663932 4.076245 0.9551712 -0.1998834 0.2183912 1.005454 -0.05518906 0.6045247 0.7946723 5.903862 0 0 0 1</matrix>
        <instance_light url="#Light-light"/>
      </node>
    </visual_scene>
  </library_visual_scenes>
  <scene>
    <instance_visual_scene url="#Scene"/>
  </scene>
</COLLADA>